summary_kind,track,candidate_family,comparator_family,train_count,seed,grid,grids,final_time,regime,rms_target,maximum_target,threshold_scope,independent_fields,paired_rows_or_cells,candidate_model_ids,comparator_model_ids,schedules,source,source_pointer,source_record
paired_attribution,discrete,rank1,rank1_frozen,8,,,"[32,64]",,,2e-05,2e-05,feasibility/pass counts only; error/cost ratios are descriptive across matching primary schedules,24,720,"[""discrete/rank1/n8/seed3600011"",""discrete/rank1/n8/seed3600021"",""discrete/rank1/n8/seed3600031""]","[""discrete/rank1_frozen/n8/seed3600011"",""discrete/rank1_frozen/n8/seed3600021"",""discrete/rank1_frozen/n8/seed3600031""]","{""primary"":[[0.02,0.04,0.06],[0.06,0.04,0.02],[0.03,0.03,0.03,0.03],[0.04,0.08,0.12],[0.12,0.08,0.04]]}",results/frontier-full-review/learning-review.json,/paired_attribution/0,"{""track"":""discrete"",""train_count"":8,""competitor"":""rank1_frozen"",""paired_rows"":720,""independent_fields"":24,""error_ratio_cluster_geomean"":3.20897424693317,""max_ratio_cluster_geomean"":2.736025233533937,""speed_ratio_cluster_geomean"":1.0034540443277826,""error_better_rows"":620,""ours_pass_rows"":667,""other_pass_rows"":570,""both_pass_rows"":570,""ours_only_pass_rows"":97,""other_only_pass_rows"":0,""median_ours_rms"":5.598279999277539e-07,""median_other_rms"":2.5974537541427723e-06}"
paired_attribution,discrete,rank1,rank1_postcompression,8,,,"[32,64]",,,2e-05,2e-05,feasibility/pass counts only; error/cost ratios are descriptive across matching primary schedules,24,720,"[""discrete/rank1/n8/seed3600011"",""discrete/rank1/n8/seed3600021"",""discrete/rank1/n8/seed3600031""]","[""discrete/rank1_postcompression/n8/seed3600011"",""discrete/rank1_postcompression/n8/seed3600021"",""discrete/rank1_postcompression/n8/seed3600031""]","{""primary"":[[0.02,0.04,0.06],[0.06,0.04,0.02],[0.03,0.03,0.03,0.03],[0.04,0.08,0.12],[0.12,0.08,0.04]]}",results/frontier-full-review/learning-review.json,/paired_attribution/1,"{""track"":""discrete"",""train_count"":8,""competitor"":""rank1_postcompression"",""paired_rows"":720,""independent_fields"":24,""error_ratio_cluster_geomean"":2.8837471166707815,""max_ratio_cluster_geomean"":2.5231905513953277,""speed_ratio_cluster_geomean"":1.0671386275665586,""error_better_rows"":590,""ours_pass_rows"":667,""other_pass_rows"":549,""both_pass_rows"":549,""ours_only_pass_rows"":118,""other_only_pass_rows"":0,""median_ours_rms"":5.598279999277539e-07,""median_other_rms"":2.139787532280281e-06}"
paired_attribution,discrete,rank1,fno_small,8,,,"[32,64]",,,2e-05,2e-05,feasibility/pass counts only; error/cost ratios are descriptive across matching primary schedules,24,720,"[""discrete/rank1/n8/seed3600011"",""discrete/rank1/n8/seed3600021"",""discrete/rank1/n8/seed3600031""]","[""discrete/fno_small/n8/seed3600011"",""discrete/fno_small/n8/seed3600021"",""discrete/fno_small/n8/seed3600031""]","{""primary"":[[0.02,0.04,0.06],[0.06,0.04,0.02],[0.03,0.03,0.03,0.03],[0.04,0.08,0.12],[0.12,0.08,0.04]]}",results/frontier-full-review/learning-review.json,/paired_attribution/2,"{""track"":""discrete"",""train_count"":8,""competitor"":""fno_small"",""paired_rows"":720,""independent_fields"":24,""error_ratio_cluster_geomean"":20.49985202364641,""max_ratio_cluster_geomean"":13.471125618042501,""speed_ratio_cluster_geomean"":0.6484842306451462,""error_better_rows"":709,""ours_pass_rows"":667,""other_pass_rows"":352,""both_pass_rows"":351,""ours_only_pass_rows"":316,""other_only_pass_rows"":1,""median_ours_rms"":5.598279999277539e-07,""median_other_rms"":1.5035145712569881e-05}"
paired_attribution,discrete,rank1,fno_standard,8,,,"[32,64]",,,2e-05,2e-05,feasibility/pass counts only; error/cost ratios are descriptive across matching primary schedules,24,720,"[""discrete/rank1/n8/seed3600011"",""discrete/rank1/n8/seed3600021"",""discrete/rank1/n8/seed3600031""]","[""discrete/fno_standard/n8/seed3600011"",""discrete/fno_standard/n8/seed3600021"",""discrete/fno_standard/n8/seed3600031""]","{""primary"":[[0.02,0.04,0.06],[0.06,0.04,0.02],[0.03,0.03,0.03,0.03],[0.04,0.08,0.12],[0.12,0.08,0.04]]}",results/frontier-full-review/learning-review.json,/paired_attribution/3,"{""track"":""discrete"",""train_count"":8,""competitor"":""fno_standard"",""paired_rows"":720,""independent_fields"":24,""error_ratio_cluster_geomean"":15.191942695555612,""max_ratio_cluster_geomean"":9.811750185594931,""speed_ratio_cluster_geomean"":0.9265033515886915,""error_better_rows"":691,""ours_pass_rows"":667,""other_pass_rows"":385,""both_pass_rows"":383,""ours_only_pass_rows"":284,""other_only_pass_rows"":2,""median_ours_rms"":5.598279999277539e-07,""median_other_rms"":1.2239349704887082e-05}"
paired_attribution,discrete,rank1,direct_fno,8,,,"[32,64]",,,2e-05,2e-05,feasibility/pass counts only; error/cost ratios are descriptive across matching primary schedules,24,720,"[""discrete/rank1/n8/seed3600011"",""discrete/rank1/n8/seed3600021"",""discrete/rank1/n8/seed3600031""]","[""discrete/direct_fno/n8/seed3600011"",""discrete/direct_fno/n8/seed3600021"",""discrete/direct_fno/n8/seed3600031""]","{""primary"":[[0.02,0.04,0.06],[0.06,0.04,0.02],[0.03,0.03,0.03,0.03],[0.04,0.08,0.12],[0.12,0.08,0.04]]}",results/frontier-full-review/learning-review.json,/paired_attribution/4,"{""track"":""discrete"",""train_count"":8,""competitor"":""direct_fno"",""paired_rows"":720,""independent_fields"":24,""error_ratio_cluster_geomean"":55163.06562507149,""max_ratio_cluster_geomean"":42645.11867630526,""speed_ratio_cluster_geomean"":0.7087203930478321,""error_better_rows"":720,""ours_pass_rows"":667,""other_pass_rows"":0,""both_pass_rows"":0,""ours_only_pass_rows"":667,""other_only_pass_rows"":0,""median_ours_rms"":5.598279999277539e-07,""median_other_rms"":0.04250534604878851}"
paired_attribution,discrete,rank1,analytic_quad,8,,,"[32,64]",,,2e-05,2e-05,feasibility/pass counts only; error/cost ratios are descriptive across matching primary schedules,24,720,"[""discrete/rank1/n8/seed3600011"",""discrete/rank1/n8/seed3600021"",""discrete/rank1/n8/seed3600031""]","[""discrete/analytic_quad/n0/seedNone""]","{""primary"":[[0.02,0.04,0.06],[0.06,0.04,0.02],[0.03,0.03,0.03,0.03],[0.04,0.08,0.12],[0.12,0.08,0.04]]}",results/frontier-full-review/learning-review.json,/paired_attribution/5,"{""track"":""discrete"",""train_count"":8,""competitor"":""analytic_quad"",""paired_rows"":720,""independent_fields"":24,""error_ratio_cluster_geomean"":0.38175493470049743,""max_ratio_cluster_geomean"":0.44983450200165936,""speed_ratio_cluster_geomean"":1.0754533692423816,""error_better_rows"":107,""ours_pass_rows"":667,""other_pass_rows"":705,""both_pass_rows"":667,""ours_only_pass_rows"":0,""other_only_pass_rows"":38,""median_ours_rms"":5.598279999277539e-07,""median_other_rms"":1.8433499375458972e-07}"
paired_attribution,discrete,rank1,analytic_quad_cubic,8,,,"[32,64]",,,2e-05,2e-05,feasibility/pass counts only; error/cost ratios are descriptive across matching primary schedules,24,720,"[""discrete/rank1/n8/seed3600011"",""discrete/rank1/n8/seed3600021"",""discrete/rank1/n8/seed3600031""]","[""discrete/analytic_quad_cubic/n0/seedNone""]","{""primary"":[[0.02,0.04,0.06],[0.06,0.04,0.02],[0.03,0.03,0.03,0.03],[0.04,0.08,0.12],[0.12,0.08,0.04]]}",results/frontier-full-review/learning-review.json,/paired_attribution/6,"{""track"":""discrete"",""train_count"":8,""competitor"":""analytic_quad_cubic"",""paired_rows"":720,""independent_fields"":24,""error_ratio_cluster_geomean"":0.23923976159501298,""max_ratio_cluster_geomean"":0.2750219737058224,""speed_ratio_cluster_geomean"":3.703770935363584,""error_better_rows"":108,""ours_pass_rows"":667,""other_pass_rows"":717,""both_pass_rows"":667,""ours_only_pass_rows"":0,""other_only_pass_rows"":50,""median_ours_rms"":5.598279999277539e-07,""median_other_rms"":1.1992463511393886e-07}"
paired_attribution,discrete,rank1,df,8,,,"[32,64]",,,2e-05,2e-05,feasibility/pass counts only; error/cost ratios are descriptive across matching primary schedules,24,720,"[""discrete/rank1/n8/seed3600011"",""discrete/rank1/n8/seed3600021"",""discrete/rank1/n8/seed3600031""]","[""discrete/df/n0/seedNone""]","{""primary"":[[0.02,0.04,0.06],[0.06,0.04,0.02],[0.03,0.03,0.03,0.03],[0.04,0.08,0.12],[0.12,0.08,0.04]]}",results/frontier-full-review/learning-review.json,/paired_attribution/7,"{""track"":""discrete"",""train_count"":8,""competitor"":""df"",""paired_rows"":720,""independent_fields"":24,""error_ratio_cluster_geomean"":4.827816317377907,""max_ratio_cluster_geomean"":3.9511577256410306,""speed_ratio_cluster_geomean"":0.1546796595654704,""error_better_rows"":609,""ours_pass_rows"":667,""other_pass_rows"":480,""both_pass_rows"":480,""ours_only_pass_rows"":187,""other_only_pass_rows"":0,""median_ours_rms"":5.598279999277539e-07,""median_other_rms"":4.524935634313603e-06}"
paired_attribution,discrete,rank1,etdrk4,8,,,"[32,64]",,,2e-05,2e-05,feasibility/pass counts only; error/cost ratios are descriptive across matching primary schedules,24,720,"[""discrete/rank1/n8/seed3600011"",""discrete/rank1/n8/seed3600021"",""discrete/rank1/n8/seed3600031""]","[""discrete/etdrk4/n0/seedNone""]","{""primary"":[[0.02,0.04,0.06],[0.06,0.04,0.02],[0.03,0.03,0.03,0.03],[0.04,0.08,0.12],[0.12,0.08,0.04]]}",results/frontier-full-review/learning-review.json,/paired_attribution/8,"{""track"":""discrete"",""train_count"":8,""competitor"":""etdrk4"",""paired_rows"":720,""independent_fields"":24,""error_ratio_cluster_geomean"":5.307902217086829,""max_ratio_cluster_geomean"":4.0080269530643475,""speed_ratio_cluster_geomean"":0.22852207688467577,""error_better_rows"":486,""ours_pass_rows"":667,""other_pass_rows"":441,""both_pass_rows"":435,""ours_only_pass_rows"":232,""other_only_pass_rows"":6,""median_ours_rms"":5.598279999277539e-07,""median_other_rms"":3.2282496934007783e-06}"
paired_attribution,discrete,rank1,rank1_frozen,32,,,"[32,64]",,,2e-05,2e-05,feasibility/pass counts only; error/cost ratios are descriptive across matching primary schedules,24,720,"[""discrete/rank1/n32/seed3600011"",""discrete/rank1/n32/seed3600021"",""discrete/rank1/n32/seed3600031""]","[""discrete/rank1_frozen/n32/seed3600011"",""discrete/rank1_frozen/n32/seed3600021"",""discrete/rank1_frozen/n32/seed3600031""]","{""primary"":[[0.02,0.04,0.06],[0.06,0.04,0.02],[0.03,0.03,0.03,0.03],[0.04,0.08,0.12],[0.12,0.08,0.04]]}",results/frontier-full-review/learning-review.json,/paired_attribution/9,"{""track"":""discrete"",""train_count"":32,""competitor"":""rank1_frozen"",""paired_rows"":720,""independent_fields"":24,""error_ratio_cluster_geomean"":2.9906805325842996,""max_ratio_cluster_geomean"":2.5936288687326225,""speed_ratio_cluster_geomean"":0.9992783829508165,""error_better_rows"":625,""ours_pass_rows"":668,""other_pass_rows"":570,""both_pass_rows"":570,""ours_only_pass_rows"":98,""other_only_pass_rows"":0,""median_ours_rms"":6.297239659676728e-07,""median_other_rms"":2.5974537541427723e-06}"
paired_attribution,discrete,rank1,rank1_postcompression,32,,,"[32,64]",,,2e-05,2e-05,feasibility/pass counts only; error/cost ratios are descriptive across matching primary schedules,24,720,"[""discrete/rank1/n32/seed3600011"",""discrete/rank1/n32/seed3600021"",""discrete/rank1/n32/seed3600031""]","[""discrete/rank1_postcompression/n32/seed3600011"",""discrete/rank1_postcompression/n32/seed3600021"",""discrete/rank1_postcompression/n32/seed3600031""]","{""primary"":[[0.02,0.04,0.06],[0.06,0.04,0.02],[0.03,0.03,0.03,0.03],[0.04,0.08,0.12],[0.12,0.08,0.04]]}",results/frontier-full-review/learning-review.json,/paired_attribution/10,"{""track"":""discrete"",""train_count"":32,""competitor"":""rank1_postcompression"",""paired_rows"":720,""independent_fields"":24,""error_ratio_cluster_geomean"":2.298686384524498,""max_ratio_cluster_geomean"":2.1138859611777705,""speed_ratio_cluster_geomean"":1.0634890335556586,""error_better_rows"":473,""ours_pass_rows"":668,""other_pass_rows"":549,""both_pass_rows"":549,""ours_only_pass_rows"":119,""other_only_pass_rows"":0,""median_ours_rms"":6.297239659676728e-07,""median_other_rms"":1.4509477587187237e-06}"
paired_attribution,discrete,rank1,fno_small,32,,,"[32,64]",,,2e-05,2e-05,feasibility/pass counts only; error/cost ratios are descriptive across matching primary schedules,24,720,"[""discrete/rank1/n32/seed3600011"",""discrete/rank1/n32/seed3600021"",""discrete/rank1/n32/seed3600031""]","[""discrete/fno_small/n32/seed3600011"",""discrete/fno_small/n32/seed3600021"",""discrete/fno_small/n32/seed3600031""]","{""primary"":[[0.02,0.04,0.06],[0.06,0.04,0.02],[0.03,0.03,0.03,0.03],[0.04,0.08,0.12],[0.12,0.08,0.04]]}",results/frontier-full-review/learning-review.json,/paired_attribution/11,"{""track"":""discrete"",""train_count"":32,""competitor"":""fno_small"",""paired_rows"":720,""independent_fields"":24,""error_ratio_cluster_geomean"":24.80408502836948,""max_ratio_cluster_geomean"":15.366364614938128,""speed_ratio_cluster_geomean"":0.6435771043900579,""error_better_rows"":705,""ours_pass_rows"":668,""other_pass_rows"":313,""both_pass_rows"":313,""ours_only_pass_rows"":355,""other_only_pass_rows"":0,""median_ours_rms"":6.297239659676728e-07,""median_other_rms"":2.0293937415538074e-05}"
paired_attribution,discrete,rank1,fno_standard,32,,,"[32,64]",,,2e-05,2e-05,feasibility/pass counts only; error/cost ratios are descriptive across matching primary schedules,24,720,"[""discrete/rank1/n32/seed3600011"",""discrete/rank1/n32/seed3600021"",""discrete/rank1/n32/seed3600031""]","[""discrete/fno_standard/n32/seed3600011"",""discrete/fno_standard/n32/seed3600021"",""discrete/fno_standard/n32/seed3600031""]","{""primary"":[[0.02,0.04,0.06],[0.06,0.04,0.02],[0.03,0.03,0.03,0.03],[0.04,0.08,0.12],[0.12,0.08,0.04]]}",results/frontier-full-review/learning-review.json,/paired_attribution/12,"{""track"":""discrete"",""train_count"":32,""competitor"":""fno_standard"",""paired_rows"":720,""independent_fields"":24,""error_ratio_cluster_geomean"":19.118694920396795,""max_ratio_cluster_geomean"":12.569610200405624,""speed_ratio_cluster_geomean"":0.9251316149281973,""error_better_rows"":707,""ours_pass_rows"":668,""other_pass_rows"":337,""both_pass_rows"":336,""ours_only_pass_rows"":332,""other_only_pass_rows"":1,""median_ours_rms"":6.297239659676728e-07,""median_other_rms"":1.5479368371704165e-05}"
paired_attribution,discrete,rank1,direct_fno,32,,,"[32,64]",,,2e-05,2e-05,feasibility/pass counts only; error/cost ratios are descriptive across matching primary schedules,24,720,"[""discrete/rank1/n32/seed3600011"",""discrete/rank1/n32/seed3600021"",""discrete/rank1/n32/seed3600031""]","[""discrete/direct_fno/n32/seed3600011"",""discrete/direct_fno/n32/seed3600021"",""discrete/direct_fno/n32/seed3600031""]","{""primary"":[[0.02,0.04,0.06],[0.06,0.04,0.02],[0.03,0.03,0.03,0.03],[0.04,0.08,0.12],[0.12,0.08,0.04]]}",results/frontier-full-review/learning-review.json,/paired_attribution/13,"{""track"":""discrete"",""train_count"":32,""competitor"":""direct_fno"",""paired_rows"":720,""independent_fields"":24,""error_ratio_cluster_geomean"":50589.97970383031,""max_ratio_cluster_geomean"":41154.37619485842,""speed_ratio_cluster_geomean"":0.7093232639431559,""error_better_rows"":720,""ours_pass_rows"":668,""other_pass_rows"":0,""both_pass_rows"":0,""ours_only_pass_rows"":668,""other_only_pass_rows"":0,""median_ours_rms"":6.297239659676728e-07,""median_other_rms"":0.04176839830136862}"
paired_attribution,discrete,rank1,analytic_quad,32,,,"[32,64]",,,2e-05,2e-05,feasibility/pass counts only; error/cost ratios are descriptive across matching primary schedules,24,720,"[""discrete/rank1/n32/seed3600011"",""discrete/rank1/n32/seed3600021"",""discrete/rank1/n32/seed3600031""]","[""discrete/analytic_quad/n0/seedNone""]","{""primary"":[[0.02,0.04,0.06],[0.06,0.04,0.02],[0.03,0.03,0.03,0.03],[0.04,0.08,0.12],[0.12,0.08,0.04]]}",results/frontier-full-review/learning-review.json,/paired_attribution/14,"{""track"":""discrete"",""train_count"":32,""competitor"":""analytic_quad"",""paired_rows"":720,""independent_fields"":24,""error_ratio_cluster_geomean"":0.3557856696786839,""max_ratio_cluster_geomean"":0.4264228766035594,""speed_ratio_cluster_geomean"":1.0731348757433048,""error_better_rows"":110,""ours_pass_rows"":668,""other_pass_rows"":705,""both_pass_rows"":668,""ours_only_pass_rows"":0,""other_only_pass_rows"":37,""median_ours_rms"":6.297239659676728e-07,""median_other_rms"":1.8433499375458972e-07}"
paired_attribution,discrete,rank1,analytic_quad_cubic,32,,,"[32,64]",,,2e-05,2e-05,feasibility/pass counts only; error/cost ratios are descriptive across matching primary schedules,24,720,"[""discrete/rank1/n32/seed3600011"",""discrete/rank1/n32/seed3600021"",""discrete/rank1/n32/seed3600031""]","[""discrete/analytic_quad_cubic/n0/seedNone""]","{""primary"":[[0.02,0.04,0.06],[0.06,0.04,0.02],[0.03,0.03,0.03,0.03],[0.04,0.08,0.12],[0.12,0.08,0.04]]}",results/frontier-full-review/learning-review.json,/paired_attribution/15,"{""track"":""discrete"",""train_count"":32,""competitor"":""analytic_quad_cubic"",""paired_rows"":720,""independent_fields"":24,""error_ratio_cluster_geomean"":0.22296523517012043,""max_ratio_cluster_geomean"":0.2607084619676252,""speed_ratio_cluster_geomean"":3.695786238786958,""error_better_rows"":99,""ours_pass_rows"":668,""other_pass_rows"":717,""both_pass_rows"":668,""ours_only_pass_rows"":0,""other_only_pass_rows"":49,""median_ours_rms"":6.297239659676728e-07,""median_other_rms"":1.1992463511393886e-07}"
paired_attribution,discrete,rank1,df,32,,,"[32,64]",,,2e-05,2e-05,feasibility/pass counts only; error/cost ratios are descriptive across matching primary schedules,24,720,"[""discrete/rank1/n32/seed3600011"",""discrete/rank1/n32/seed3600021"",""discrete/rank1/n32/seed3600031""]","[""discrete/df/n0/seedNone""]","{""primary"":[[0.02,0.04,0.06],[0.06,0.04,0.02],[0.03,0.03,0.03,0.03],[0.04,0.08,0.12],[0.12,0.08,0.04]]}",results/frontier-full-review/learning-review.json,/paired_attribution/16,"{""track"":""discrete"",""train_count"":32,""competitor"":""df"",""paired_rows"":720,""independent_fields"":24,""error_ratio_cluster_geomean"":4.499399236087303,""max_ratio_cluster_geomean"":3.7455198207006593,""speed_ratio_cluster_geomean"":0.1543461966786559,""error_better_rows"":607,""ours_pass_rows"":668,""other_pass_rows"":480,""both_pass_rows"":480,""ours_only_pass_rows"":188,""other_only_pass_rows"":0,""median_ours_rms"":6.297239659676728e-07,""median_other_rms"":4.524935634313603e-06}"
paired_attribution,discrete,rank1,etdrk4,32,,,"[32,64]",,,2e-05,2e-05,feasibility/pass counts only; error/cost ratios are descriptive across matching primary schedules,24,720,"[""discrete/rank1/n32/seed3600011"",""discrete/rank1/n32/seed3600021"",""discrete/rank1/n32/seed3600031""]","[""discrete/etdrk4/n0/seedNone""]","{""primary"":[[0.02,0.04,0.06],[0.06,0.04,0.02],[0.03,0.03,0.03,0.03],[0.04,0.08,0.12],[0.12,0.08,0.04]]}",results/frontier-full-review/learning-review.json,/paired_attribution/17,"{""track"":""discrete"",""train_count"":32,""competitor"":""etdrk4"",""paired_rows"":720,""independent_fields"":24,""error_ratio_cluster_geomean"":4.946826807561233,""max_ratio_cluster_geomean"":3.7994292906060676,""speed_ratio_cluster_geomean"":0.22802942237746465,""error_better_rows"":477,""ours_pass_rows"":668,""other_pass_rows"":441,""both_pass_rows"":435,""ours_only_pass_rows"":233,""other_only_pass_rows"":6,""median_ours_rms"":6.297239659676728e-07,""median_other_rms"":3.2282496934007783e-06}"
paired_attribution,continuum,rank1,rank1_frozen,8,,,"[32,64]",,,2e-05,2e-05,feasibility/pass counts only; error/cost ratios are descriptive across matching primary schedules,24,720,"[""continuum/rank1/n8/seed3600011"",""continuum/rank1/n8/seed3600021"",""continuum/rank1/n8/seed3600031""]","[""continuum/rank1_frozen/n8/seed3600011"",""continuum/rank1_frozen/n8/seed3600021"",""continuum/rank1_frozen/n8/seed3600031""]","{""primary"":[[0.02,0.04,0.06],[0.06,0.04,0.02],[0.03,0.03,0.03,0.03],[0.04,0.08,0.12],[0.12,0.08,0.04]]}",results/frontier-full-review/learning-review.json,/paired_attribution/18,"{""track"":""continuum"",""train_count"":8,""competitor"":""rank1_frozen"",""paired_rows"":720,""independent_fields"":24,""error_ratio_cluster_geomean"":3.0417908366068183,""max_ratio_cluster_geomean"":2.6166682872157576,""speed_ratio_cluster_geomean"":0.9995387679751344,""error_better_rows"":620,""ours_pass_rows"":660,""other_pass_rows"":576,""both_pass_rows"":576,""ours_only_pass_rows"":84,""other_only_pass_rows"":0,""median_ours_rms"":6.034004084943251e-07,""median_other_rms"":2.915887822294112e-06}"
paired_attribution,continuum,rank1,rank1_postcompression,8,,,"[32,64]",,,2e-05,2e-05,feasibility/pass counts only; error/cost ratios are descriptive across matching primary schedules,24,720,"[""continuum/rank1/n8/seed3600011"",""continuum/rank1/n8/seed3600021"",""continuum/rank1/n8/seed3600031""]","[""continuum/rank1_postcompression/n8/seed3600011"",""continuum/rank1_postcompression/n8/seed3600021"",""continuum/rank1_postcompression/n8/seed3600031""]","{""primary"":[[0.02,0.04,0.06],[0.06,0.04,0.02],[0.03,0.03,0.03,0.03],[0.04,0.08,0.12],[0.12,0.08,0.04]]}",results/frontier-full-review/learning-review.json,/paired_attribution/19,"{""track"":""continuum"",""train_count"":8,""competitor"":""rank1_postcompression"",""paired_rows"":720,""independent_fields"":24,""error_ratio_cluster_geomean"":2.5897654554208693,""max_ratio_cluster_geomean"":2.2812973003260293,""speed_ratio_cluster_geomean"":1.010636336634135,""error_better_rows"":530,""ours_pass_rows"":660,""other_pass_rows"":558,""both_pass_rows"":558,""ours_only_pass_rows"":102,""other_only_pass_rows"":0,""median_ours_rms"":6.034004084943251e-07,""median_other_rms"":2.0809014127309982e-06}"
paired_attribution,continuum,rank1,fno_small,8,,,"[32,64]",,,2e-05,2e-05,feasibility/pass counts only; error/cost ratios are descriptive across matching primary schedules,24,720,"[""continuum/rank1/n8/seed3600011"",""continuum/rank1/n8/seed3600021"",""continuum/rank1/n8/seed3600031""]","[""continuum/fno_small/n8/seed3600011"",""continuum/fno_small/n8/seed3600021"",""continuum/fno_small/n8/seed3600031""]","{""primary"":[[0.02,0.04,0.06],[0.06,0.04,0.02],[0.03,0.03,0.03,0.03],[0.04,0.08,0.12],[0.12,0.08,0.04]]}",results/frontier-full-review/learning-review.json,/paired_attribution/20,"{""track"":""continuum"",""train_count"":8,""competitor"":""fno_small"",""paired_rows"":720,""independent_fields"":24,""error_ratio_cluster_geomean"":18.35331157834414,""max_ratio_cluster_geomean"":11.909128132675573,""speed_ratio_cluster_geomean"":0.7343858976301976,""error_better_rows"":687,""ours_pass_rows"":660,""other_pass_rows"":350,""both_pass_rows"":346,""ours_only_pass_rows"":314,""other_only_pass_rows"":4,""median_ours_rms"":6.034004084943251e-07,""median_other_rms"":1.5321351216569172e-05}"
paired_attribution,continuum,rank1,fno_standard,8,,,"[32,64]",,,2e-05,2e-05,feasibility/pass counts only; error/cost ratios are descriptive across matching primary schedules,24,720,"[""continuum/rank1/n8/seed3600011"",""continuum/rank1/n8/seed3600021"",""continuum/rank1/n8/seed3600031""]","[""continuum/fno_standard/n8/seed3600011"",""continuum/fno_standard/n8/seed3600021"",""continuum/fno_standard/n8/seed3600031""]","{""primary"":[[0.02,0.04,0.06],[0.06,0.04,0.02],[0.03,0.03,0.03,0.03],[0.04,0.08,0.12],[0.12,0.08,0.04]]}",results/frontier-full-review/learning-review.json,/paired_attribution/21,"{""track"":""continuum"",""train_count"":8,""competitor"":""fno_standard"",""paired_rows"":720,""independent_fields"":24,""error_ratio_cluster_geomean"":17.768141108518826,""max_ratio_cluster_geomean"":11.683199796410278,""speed_ratio_cluster_geomean"":0.791080028499559,""error_better_rows"":704,""ours_pass_rows"":660,""other_pass_rows"":381,""both_pass_rows"":380,""ours_only_pass_rows"":280,""other_only_pass_rows"":1,""median_ours_rms"":6.034004084943251e-07,""median_other_rms"":1.2803188068985103e-05}"
paired_attribution,continuum,rank1,direct_fno,8,,,"[32,64]",,,2e-05,2e-05,feasibility/pass counts only; error/cost ratios are descriptive across matching primary schedules,24,720,"[""continuum/rank1/n8/seed3600011"",""continuum/rank1/n8/seed3600021"",""continuum/rank1/n8/seed3600031""]","[""continuum/direct_fno/n8/seed3600011"",""continuum/direct_fno/n8/seed3600021"",""continuum/direct_fno/n8/seed3600031""]","{""primary"":[[0.02,0.04,0.06],[0.06,0.04,0.02],[0.03,0.03,0.03,0.03],[0.04,0.08,0.12],[0.12,0.08,0.04]]}",results/frontier-full-review/learning-review.json,/paired_attribution/22,"{""track"":""continuum"",""train_count"":8,""competitor"":""direct_fno"",""paired_rows"":720,""independent_fields"":24,""error_ratio_cluster_geomean"":50514.04993280895,""max_ratio_cluster_geomean"":43634.24527931036,""speed_ratio_cluster_geomean"":0.1420073537603072,""error_better_rows"":720,""ours_pass_rows"":660,""other_pass_rows"":0,""both_pass_rows"":0,""ours_only_pass_rows"":660,""other_only_pass_rows"":0,""median_ours_rms"":6.034004084943251e-07,""median_other_rms"":0.04011975567967743}"
paired_attribution,continuum,rank1,analytic_quad,8,,,"[32,64]",,,2e-05,2e-05,feasibility/pass counts only; error/cost ratios are descriptive across matching primary schedules,24,720,"[""continuum/rank1/n8/seed3600011"",""continuum/rank1/n8/seed3600021"",""continuum/rank1/n8/seed3600031""]","[""continuum/analytic_quad/n0/seedNone""]","{""primary"":[[0.02,0.04,0.06],[0.06,0.04,0.02],[0.03,0.03,0.03,0.03],[0.04,0.08,0.12],[0.12,0.08,0.04]]}",results/frontier-full-review/learning-review.json,/paired_attribution/23,"{""track"":""continuum"",""train_count"":8,""competitor"":""analytic_quad"",""paired_rows"":720,""independent_fields"":24,""error_ratio_cluster_geomean"":0.44184301689410954,""max_ratio_cluster_geomean"":0.49114449203207966,""speed_ratio_cluster_geomean"":1.1317695406773103,""error_better_rows"":127,""ours_pass_rows"":660,""other_pass_rows"":702,""both_pass_rows"":660,""ours_only_pass_rows"":0,""other_only_pass_rows"":42,""median_ours_rms"":6.034004084943251e-07,""median_other_rms"":2.5819873108459797e-07}"
paired_attribution,continuum,rank1,analytic_quad_cubic,8,,,"[32,64]",,,2e-05,2e-05,feasibility/pass counts only; error/cost ratios are descriptive across matching primary schedules,24,720,"[""continuum/rank1/n8/seed3600011"",""continuum/rank1/n8/seed3600021"",""continuum/rank1/n8/seed3600031""]","[""continuum/analytic_quad_cubic/n0/seedNone""]","{""primary"":[[0.02,0.04,0.06],[0.06,0.04,0.02],[0.03,0.03,0.03,0.03],[0.04,0.08,0.12],[0.12,0.08,0.04]]}",results/frontier-full-review/learning-review.json,/paired_attribution/24,"{""track"":""continuum"",""train_count"":8,""competitor"":""analytic_quad_cubic"",""paired_rows"":720,""independent_fields"":24,""error_ratio_cluster_geomean"":0.32208181724875234,""max_ratio_cluster_geomean"":0.3425491597685863,""speed_ratio_cluster_geomean"":3.619008500665605,""error_better_rows"":108,""ours_pass_rows"":660,""other_pass_rows"":714,""both_pass_rows"":660,""ours_only_pass_rows"":0,""other_only_pass_rows"":54,""median_ours_rms"":6.034004084943251e-07,""median_other_rms"":1.5197746366778052e-07}"
paired_attribution,continuum,rank1,df,8,,,"[32,64]",,,2e-05,2e-05,feasibility/pass counts only; error/cost ratios are descriptive across matching primary schedules,24,720,"[""continuum/rank1/n8/seed3600011"",""continuum/rank1/n8/seed3600021"",""continuum/rank1/n8/seed3600031""]","[""continuum/df/n0/seedNone""]","{""primary"":[[0.02,0.04,0.06],[0.06,0.04,0.02],[0.03,0.03,0.03,0.03],[0.04,0.08,0.12],[0.12,0.08,0.04]]}",results/frontier-full-review/learning-review.json,/paired_attribution/25,"{""track"":""continuum"",""train_count"":8,""competitor"":""df"",""paired_rows"":720,""independent_fields"":24,""error_ratio_cluster_geomean"":4.62114968802596,""max_ratio_cluster_geomean"":3.783333485406344,""speed_ratio_cluster_geomean"":0.632948514109011,""error_better_rows"":626,""ours_pass_rows"":660,""other_pass_rows"":486,""both_pass_rows"":486,""ours_only_pass_rows"":174,""other_only_pass_rows"":0,""median_ours_rms"":6.034004084943251e-07,""median_other_rms"":4.546164427122449e-06}"
paired_attribution,continuum,rank1,etdrk4,8,,,"[32,64]",,,2e-05,2e-05,feasibility/pass counts only; error/cost ratios are descriptive across matching primary schedules,24,720,"[""continuum/rank1/n8/seed3600011"",""continuum/rank1/n8/seed3600021"",""continuum/rank1/n8/seed3600031""]","[""continuum/etdrk4/n0/seedNone""]","{""primary"":[[0.02,0.04,0.06],[0.06,0.04,0.02],[0.03,0.03,0.03,0.03],[0.04,0.08,0.12],[0.12,0.08,0.04]]}",results/frontier-full-review/learning-review.json,/paired_attribution/26,"{""track"":""continuum"",""train_count"":8,""competitor"":""etdrk4"",""paired_rows"":720,""independent_fields"":24,""error_ratio_cluster_geomean"":6.152001076050193,""max_ratio_cluster_geomean"":4.694529719707081,""speed_ratio_cluster_geomean"":0.19015919224879108,""error_better_rows"":545,""ours_pass_rows"":660,""other_pass_rows"":432,""both_pass_rows"":432,""ours_only_pass_rows"":228,""other_only_pass_rows"":0,""median_ours_rms"":6.034004084943251e-07,""median_other_rms"":4.664902717390593e-06}"
paired_attribution,continuum,rank1,rank1_frozen,32,,,"[32,64]",,,2e-05,2e-05,feasibility/pass counts only; error/cost ratios are descriptive across matching primary schedules,24,720,"[""continuum/rank1/n32/seed3600011"",""continuum/rank1/n32/seed3600021"",""continuum/rank1/n32/seed3600031""]","[""continuum/rank1_frozen/n32/seed3600011"",""continuum/rank1_frozen/n32/seed3600021"",""continuum/rank1_frozen/n32/seed3600031""]","{""primary"":[[0.02,0.04,0.06],[0.06,0.04,0.02],[0.03,0.03,0.03,0.03],[0.04,0.08,0.12],[0.12,0.08,0.04]]}",results/frontier-full-review/learning-review.json,/paired_attribution/27,"{""track"":""continuum"",""train_count"":32,""competitor"":""rank1_frozen"",""paired_rows"":720,""independent_fields"":24,""error_ratio_cluster_geomean"":2.6930691030786345,""max_ratio_cluster_geomean"":2.3943399491990203,""speed_ratio_cluster_geomean"":0.999972163076556,""error_better_rows"":613,""ours_pass_rows"":668,""other_pass_rows"":576,""both_pass_rows"":576,""ours_only_pass_rows"":92,""other_only_pass_rows"":0,""median_ours_rms"":7.862378160957173e-07,""median_other_rms"":2.915887822294112e-06}"
paired_attribution,continuum,rank1,rank1_postcompression,32,,,"[32,64]",,,2e-05,2e-05,feasibility/pass counts only; error/cost ratios are descriptive across matching primary schedules,24,720,"[""continuum/rank1/n32/seed3600011"",""continuum/rank1/n32/seed3600021"",""continuum/rank1/n32/seed3600031""]","[""continuum/rank1_postcompression/n32/seed3600011"",""continuum/rank1_postcompression/n32/seed3600021"",""continuum/rank1_postcompression/n32/seed3600031""]","{""primary"":[[0.02,0.04,0.06],[0.06,0.04,0.02],[0.03,0.03,0.03,0.03],[0.04,0.08,0.12],[0.12,0.08,0.04]]}",results/frontier-full-review/learning-review.json,/paired_attribution/28,"{""track"":""continuum"",""train_count"":32,""competitor"":""rank1_postcompression"",""paired_rows"":720,""independent_fields"":24,""error_ratio_cluster_geomean"":2.142954544466265,""max_ratio_cluster_geomean"":1.94307933186781,""speed_ratio_cluster_geomean"":1.012504787624637,""error_better_rows"":462,""ours_pass_rows"":668,""other_pass_rows"":558,""both_pass_rows"":558,""ours_only_pass_rows"":110,""other_only_pass_rows"":0,""median_ours_rms"":7.862378160957173e-07,""median_other_rms"":1.9645838419328983e-06}"
paired_attribution,continuum,rank1,fno_small,32,,,"[32,64]",,,2e-05,2e-05,feasibility/pass counts only; error/cost ratios are descriptive across matching primary schedules,24,720,"[""continuum/rank1/n32/seed3600011"",""continuum/rank1/n32/seed3600021"",""continuum/rank1/n32/seed3600031""]","[""continuum/fno_small/n32/seed3600011"",""continuum/fno_small/n32/seed3600021"",""continuum/fno_small/n32/seed3600031""]","{""primary"":[[0.02,0.04,0.06],[0.06,0.04,0.02],[0.03,0.03,0.03,0.03],[0.04,0.08,0.12],[0.12,0.08,0.04]]}",results/frontier-full-review/learning-review.json,/paired_attribution/29,"{""track"":""continuum"",""train_count"":32,""competitor"":""fno_small"",""paired_rows"":720,""independent_fields"":24,""error_ratio_cluster_geomean"":15.095000328086138,""max_ratio_cluster_geomean"":10.44193950676734,""speed_ratio_cluster_geomean"":0.7350948692040635,""error_better_rows"":695,""ours_pass_rows"":668,""other_pass_rows"":372,""both_pass_rows"":370,""ours_only_pass_rows"":298,""other_only_pass_rows"":2,""median_ours_rms"":7.862378160957173e-07,""median_other_rms"":1.2641808747802346e-05}"
paired_attribution,continuum,rank1,fno_standard,32,,,"[32,64]",,,2e-05,2e-05,feasibility/pass counts only; error/cost ratios are descriptive across matching primary schedules,24,720,"[""continuum/rank1/n32/seed3600011"",""continuum/rank1/n32/seed3600021"",""continuum/rank1/n32/seed3600031""]","[""continuum/fno_standard/n32/seed3600011"",""continuum/fno_standard/n32/seed3600021"",""continuum/fno_standard/n32/seed3600031""]","{""primary"":[[0.02,0.04,0.06],[0.06,0.04,0.02],[0.03,0.03,0.03,0.03],[0.04,0.08,0.12],[0.12,0.08,0.04]]}",results/frontier-full-review/learning-review.json,/paired_attribution/30,"{""track"":""continuum"",""train_count"":32,""competitor"":""fno_standard"",""paired_rows"":720,""independent_fields"":24,""error_ratio_cluster_geomean"":17.314187332584506,""max_ratio_cluster_geomean"":11.419499113005877,""speed_ratio_cluster_geomean"":0.791312538262851,""error_better_rows"":707,""ours_pass_rows"":668,""other_pass_rows"":367,""both_pass_rows"":363,""ours_only_pass_rows"":305,""other_only_pass_rows"":4,""median_ours_rms"":7.862378160957173e-07,""median_other_rms"":1.2972266709077746e-05}"
paired_attribution,continuum,rank1,direct_fno,32,,,"[32,64]",,,2e-05,2e-05,feasibility/pass counts only; error/cost ratios are descriptive across matching primary schedules,24,720,"[""continuum/rank1/n32/seed3600011"",""continuum/rank1/n32/seed3600021"",""continuum/rank1/n32/seed3600031""]","[""continuum/direct_fno/n32/seed3600011"",""continuum/direct_fno/n32/seed3600021"",""continuum/direct_fno/n32/seed3600031""]","{""primary"":[[0.02,0.04,0.06],[0.06,0.04,0.02],[0.03,0.03,0.03,0.03],[0.04,0.08,0.12],[0.12,0.08,0.04]]}",results/frontier-full-review/learning-review.json,/paired_attribution/31,"{""track"":""continuum"",""train_count"":32,""competitor"":""direct_fno"",""paired_rows"":720,""independent_fields"":24,""error_ratio_cluster_geomean"":44381.89964345485,""max_ratio_cluster_geomean"":39428.613271415255,""speed_ratio_cluster_geomean"":0.1424628989368872,""error_better_rows"":720,""ours_pass_rows"":668,""other_pass_rows"":0,""both_pass_rows"":0,""ours_only_pass_rows"":668,""other_only_pass_rows"":0,""median_ours_rms"":7.862378160957173e-07,""median_other_rms"":0.04153945590036242}"
paired_attribution,continuum,rank1,analytic_quad,32,,,"[32,64]",,,2e-05,2e-05,feasibility/pass counts only; error/cost ratios are descriptive across matching primary schedules,24,720,"[""continuum/rank1/n32/seed3600011"",""continuum/rank1/n32/seed3600021"",""continuum/rank1/n32/seed3600031""]","[""continuum/analytic_quad/n0/seedNone""]","{""primary"":[[0.02,0.04,0.06],[0.06,0.04,0.02],[0.03,0.03,0.03,0.03],[0.04,0.08,0.12],[0.12,0.08,0.04]]}",results/frontier-full-review/learning-review.json,/paired_attribution/32,"{""track"":""continuum"",""train_count"":32,""competitor"":""analytic_quad"",""paired_rows"":720,""independent_fields"":24,""error_ratio_cluster_geomean"":0.39118856000498425,""max_ratio_cluster_geomean"":0.4494138152118416,""speed_ratio_cluster_geomean"":1.1324862841015881,""error_better_rows"":138,""ours_pass_rows"":668,""other_pass_rows"":702,""both_pass_rows"":668,""ours_only_pass_rows"":0,""other_only_pass_rows"":34,""median_ours_rms"":7.862378160957173e-07,""median_other_rms"":2.5819873108459797e-07}"
paired_attribution,continuum,rank1,analytic_quad_cubic,32,,,"[32,64]",,,2e-05,2e-05,feasibility/pass counts only; error/cost ratios are descriptive across matching primary schedules,24,720,"[""continuum/rank1/n32/seed3600011"",""continuum/rank1/n32/seed3600021"",""continuum/rank1/n32/seed3600031""]","[""continuum/analytic_quad_cubic/n0/seedNone""]","{""primary"":[[0.02,0.04,0.06],[0.06,0.04,0.02],[0.03,0.03,0.03,0.03],[0.04,0.08,0.12],[0.12,0.08,0.04]]}",results/frontier-full-review/learning-review.json,/paired_attribution/33,"{""track"":""continuum"",""train_count"":32,""competitor"":""analytic_quad_cubic"",""paired_rows"":720,""independent_fields"":24,""error_ratio_cluster_geomean"":0.2851572107645719,""max_ratio_cluster_geomean"":0.31344406236190847,""speed_ratio_cluster_geomean"":3.6213003988410106,""error_better_rows"":107,""ours_pass_rows"":668,""other_pass_rows"":714,""both_pass_rows"":668,""ours_only_pass_rows"":0,""other_only_pass_rows"":46,""median_ours_rms"":7.862378160957173e-07,""median_other_rms"":1.5197746366778052e-07}"
paired_attribution,continuum,rank1,df,32,,,"[32,64]",,,2e-05,2e-05,feasibility/pass counts only; error/cost ratios are descriptive across matching primary schedules,24,720,"[""continuum/rank1/n32/seed3600011"",""continuum/rank1/n32/seed3600021"",""continuum/rank1/n32/seed3600031""]","[""continuum/df/n0/seedNone""]","{""primary"":[[0.02,0.04,0.06],[0.06,0.04,0.02],[0.03,0.03,0.03,0.03],[0.04,0.08,0.12],[0.12,0.08,0.04]]}",results/frontier-full-review/learning-review.json,/paired_attribution/34,"{""track"":""continuum"",""train_count"":32,""competitor"":""df"",""paired_rows"":720,""independent_fields"":24,""error_ratio_cluster_geomean"":4.091364631569121,""max_ratio_cluster_geomean"":3.461878049085651,""speed_ratio_cluster_geomean"":0.6333493569211639,""error_better_rows"":628,""ours_pass_rows"":668,""other_pass_rows"":486,""both_pass_rows"":486,""ours_only_pass_rows"":182,""other_only_pass_rows"":0,""median_ours_rms"":7.862378160957173e-07,""median_other_rms"":4.546164427122449e-06}"
paired_attribution,continuum,rank1,etdrk4,32,,,"[32,64]",,,2e-05,2e-05,feasibility/pass counts only; error/cost ratios are descriptive across matching primary schedules,24,720,"[""continuum/rank1/n32/seed3600011"",""continuum/rank1/n32/seed3600021"",""continuum/rank1/n32/seed3600031""]","[""continuum/etdrk4/n0/seedNone""]","{""primary"":[[0.02,0.04,0.06],[0.06,0.04,0.02],[0.03,0.03,0.03,0.03],[0.04,0.08,0.12],[0.12,0.08,0.04]]}",results/frontier-full-review/learning-review.json,/paired_attribution/35,"{""track"":""continuum"",""train_count"":32,""competitor"":""etdrk4"",""paired_rows"":720,""independent_fields"":24,""error_ratio_cluster_geomean"":5.446713765006595,""max_ratio_cluster_geomean"":4.2956534099157375,""speed_ratio_cluster_geomean"":0.19027961901918172,""error_better_rows"":521,""ours_pass_rows"":668,""other_pass_rows"":432,""both_pass_rows"":432,""ours_only_pass_rows"":236,""other_only_pass_rows"":0,""median_ours_rms"":7.862378160957173e-07,""median_other_rms"":4.664902717390593e-06}"
regime_attribution,discrete,rank1,rank1_frozen,8,,,"[32,64]",,low,2e-05,2e-05,feasibility/pass counts only; error/cost ratios are descriptive across matching primary schedules,3,90,"[""discrete/rank1/n8/seed3600011"",""discrete/rank1/n8/seed3600021"",""discrete/rank1/n8/seed3600031""]","[""discrete/rank1_frozen/n8/seed3600011"",""discrete/rank1_frozen/n8/seed3600021"",""discrete/rank1_frozen/n8/seed3600031""]","{""primary"":[[0.02,0.04,0.06],[0.06,0.04,0.02],[0.03,0.03,0.03,0.03],[0.04,0.08,0.12],[0.12,0.08,0.04]]}",results/frontier-full-review/learning-review.json,/regime_attribution/0,"{""track"":""discrete"",""train_count"":8,""competitor"":""rank1_frozen"",""regime"":""low"",""paired_rows"":90,""independent_fields"":3,""error_ratio_cluster_geomean"":1.7115681235874283,""max_ratio_cluster_geomean"":1.4799944950165609,""speed_ratio_cluster_geomean"":1.0065208061436752,""error_better_rows"":52,""ours_pass_rows"":90,""other_pass_rows"":90,""both_pass_rows"":90,""ours_only_pass_rows"":0,""other_only_pass_rows"":0,""median_ours_rms"":1.267634832453071e-07,""median_other_rms"":1.5938967964069546e-07}"
regime_attribution,discrete,rank1,rank1_postcompression,8,,,"[32,64]",,low,2e-05,2e-05,feasibility/pass counts only; error/cost ratios are descriptive across matching primary schedules,3,90,"[""discrete/rank1/n8/seed3600011"",""discrete/rank1/n8/seed3600021"",""discrete/rank1/n8/seed3600031""]","[""discrete/rank1_postcompression/n8/seed3600011"",""discrete/rank1_postcompression/n8/seed3600021"",""discrete/rank1_postcompression/n8/seed3600031""]","{""primary"":[[0.02,0.04,0.06],[0.06,0.04,0.02],[0.03,0.03,0.03,0.03],[0.04,0.08,0.12],[0.12,0.08,0.04]]}",results/frontier-full-review/learning-review.json,/regime_attribution/1,"{""track"":""discrete"",""train_count"":8,""competitor"":""rank1_postcompression"",""regime"":""low"",""paired_rows"":90,""independent_fields"":3,""error_ratio_cluster_geomean"":1.0799045296607843,""max_ratio_cluster_geomean"":1.025187565795257,""speed_ratio_cluster_geomean"":1.071230372944551,""error_better_rows"":38,""ours_pass_rows"":90,""other_pass_rows"":90,""both_pass_rows"":90,""ours_only_pass_rows"":0,""other_only_pass_rows"":0,""median_ours_rms"":1.267634832453071e-07,""median_other_rms"":1.2946993662269846e-07}"
regime_attribution,discrete,rank1,fno_small,8,,,"[32,64]",,low,2e-05,2e-05,feasibility/pass counts only; error/cost ratios are descriptive across matching primary schedules,3,90,"[""discrete/rank1/n8/seed3600011"",""discrete/rank1/n8/seed3600021"",""discrete/rank1/n8/seed3600031""]","[""discrete/fno_small/n8/seed3600011"",""discrete/fno_small/n8/seed3600021"",""discrete/fno_small/n8/seed3600031""]","{""primary"":[[0.02,0.04,0.06],[0.06,0.04,0.02],[0.03,0.03,0.03,0.03],[0.04,0.08,0.12],[0.12,0.08,0.04]]}",results/frontier-full-review/learning-review.json,/regime_attribution/2,"{""track"":""discrete"",""train_count"":8,""competitor"":""fno_small"",""regime"":""low"",""paired_rows"":90,""independent_fields"":3,""error_ratio_cluster_geomean"":44.03876901626922,""max_ratio_cluster_geomean"":24.553016310496147,""speed_ratio_cluster_geomean"":0.6507790037965898,""error_better_rows"":90,""ours_pass_rows"":90,""other_pass_rows"":58,""both_pass_rows"":58,""ours_only_pass_rows"":32,""other_only_pass_rows"":0,""median_ours_rms"":1.267634832453071e-07,""median_other_rms"":8.15079152582703e-06}"
regime_attribution,discrete,rank1,fno_standard,8,,,"[32,64]",,low,2e-05,2e-05,feasibility/pass counts only; error/cost ratios are descriptive across matching primary schedules,3,90,"[""discrete/rank1/n8/seed3600011"",""discrete/rank1/n8/seed3600021"",""discrete/rank1/n8/seed3600031""]","[""discrete/fno_standard/n8/seed3600011"",""discrete/fno_standard/n8/seed3600021"",""discrete/fno_standard/n8/seed3600031""]","{""primary"":[[0.02,0.04,0.06],[0.06,0.04,0.02],[0.03,0.03,0.03,0.03],[0.04,0.08,0.12],[0.12,0.08,0.04]]}",results/frontier-full-review/learning-review.json,/regime_attribution/3,"{""track"":""discrete"",""train_count"":8,""competitor"":""fno_standard"",""regime"":""low"",""paired_rows"":90,""independent_fields"":3,""error_ratio_cluster_geomean"":27.7421533496135,""max_ratio_cluster_geomean"":14.296426848404206,""speed_ratio_cluster_geomean"":0.928197918972537,""error_better_rows"":89,""ours_pass_rows"":90,""other_pass_rows"":64,""both_pass_rows"":64,""ours_only_pass_rows"":26,""other_only_pass_rows"":0,""median_ours_rms"":1.267634832453071e-07,""median_other_rms"":4.630061018883566e-06}"
regime_attribution,discrete,rank1,direct_fno,8,,,"[32,64]",,low,2e-05,2e-05,feasibility/pass counts only; error/cost ratios are descriptive across matching primary schedules,3,90,"[""discrete/rank1/n8/seed3600011"",""discrete/rank1/n8/seed3600021"",""discrete/rank1/n8/seed3600031""]","[""discrete/direct_fno/n8/seed3600011"",""discrete/direct_fno/n8/seed3600021"",""discrete/direct_fno/n8/seed3600031""]","{""primary"":[[0.02,0.04,0.06],[0.06,0.04,0.02],[0.03,0.03,0.03,0.03],[0.04,0.08,0.12],[0.12,0.08,0.04]]}",results/frontier-full-review/learning-review.json,/regime_attribution/4,"{""track"":""discrete"",""train_count"":8,""competitor"":""direct_fno"",""regime"":""low"",""paired_rows"":90,""independent_fields"":3,""error_ratio_cluster_geomean"":94766.30140393696,""max_ratio_cluster_geomean"":52635.30747276072,""speed_ratio_cluster_geomean"":0.706621810672342,""error_better_rows"":90,""ours_pass_rows"":90,""other_pass_rows"":0,""both_pass_rows"":0,""ours_only_pass_rows"":90,""other_only_pass_rows"":0,""median_ours_rms"":1.267634832453071e-07,""median_other_rms"":0.016097117269223016}"
regime_attribution,discrete,rank1,analytic_quad,8,,,"[32,64]",,low,2e-05,2e-05,feasibility/pass counts only; error/cost ratios are descriptive across matching primary schedules,3,90,"[""discrete/rank1/n8/seed3600011"",""discrete/rank1/n8/seed3600021"",""discrete/rank1/n8/seed3600031""]","[""discrete/analytic_quad/n0/seedNone""]","{""primary"":[[0.02,0.04,0.06],[0.06,0.04,0.02],[0.03,0.03,0.03,0.03],[0.04,0.08,0.12],[0.12,0.08,0.04]]}",results/frontier-full-review/learning-review.json,/regime_attribution/5,"{""track"":""discrete"",""train_count"":8,""competitor"":""analytic_quad"",""regime"":""low"",""paired_rows"":90,""independent_fields"":3,""error_ratio_cluster_geomean"":0.9131602311323889,""max_ratio_cluster_geomean"":0.924567498013334,""speed_ratio_cluster_geomean"":1.0733242000750898,""error_better_rows"":20,""ours_pass_rows"":90,""other_pass_rows"":90,""both_pass_rows"":90,""ours_only_pass_rows"":0,""other_only_pass_rows"":0,""median_ours_rms"":1.267634832453071e-07,""median_other_rms"":1.2594316389786394e-07}"
regime_attribution,discrete,rank1,analytic_quad_cubic,8,,,"[32,64]",,low,2e-05,2e-05,feasibility/pass counts only; error/cost ratios are descriptive across matching primary schedules,3,90,"[""discrete/rank1/n8/seed3600011"",""discrete/rank1/n8/seed3600021"",""discrete/rank1/n8/seed3600031""]","[""discrete/analytic_quad_cubic/n0/seedNone""]","{""primary"":[[0.02,0.04,0.06],[0.06,0.04,0.02],[0.03,0.03,0.03,0.03],[0.04,0.08,0.12],[0.12,0.08,0.04]]}",results/frontier-full-review/learning-review.json,/regime_attribution/6,"{""track"":""discrete"",""train_count"":8,""competitor"":""analytic_quad_cubic"",""regime"":""low"",""paired_rows"":90,""independent_fields"":3,""error_ratio_cluster_geomean"":0.6136495872754716,""max_ratio_cluster_geomean"":0.6633785127219093,""speed_ratio_cluster_geomean"":3.6895150418664038,""error_better_rows"":19,""ours_pass_rows"":90,""other_pass_rows"":90,""both_pass_rows"":90,""ours_only_pass_rows"":0,""other_only_pass_rows"":0,""median_ours_rms"":1.267634832453071e-07,""median_other_rms"":1.027755889035035e-07}"
regime_attribution,discrete,rank1,df,8,,,"[32,64]",,low,2e-05,2e-05,feasibility/pass counts only; error/cost ratios are descriptive across matching primary schedules,3,90,"[""discrete/rank1/n8/seed3600011"",""discrete/rank1/n8/seed3600021"",""discrete/rank1/n8/seed3600031""]","[""discrete/df/n0/seedNone""]","{""primary"":[[0.02,0.04,0.06],[0.06,0.04,0.02],[0.03,0.03,0.03,0.03],[0.04,0.08,0.12],[0.12,0.08,0.04]]}",results/frontier-full-review/learning-review.json,/regime_attribution/7,"{""track"":""discrete"",""train_count"":8,""competitor"":""df"",""regime"":""low"",""paired_rows"":90,""independent_fields"":3,""error_ratio_cluster_geomean"":2.0892730934393002,""max_ratio_cluster_geomean"":1.672691826171826,""speed_ratio_cluster_geomean"":0.1516855434478503,""error_better_rows"":45,""ours_pass_rows"":90,""other_pass_rows"":90,""both_pass_rows"":90,""ours_only_pass_rows"":0,""other_only_pass_rows"":0,""median_ours_rms"":1.267634832453071e-07,""median_other_rms"":1.2700937392578644e-07}"
regime_attribution,discrete,rank1,etdrk4,8,,,"[32,64]",,low,2e-05,2e-05,feasibility/pass counts only; error/cost ratios are descriptive across matching primary schedules,3,90,"[""discrete/rank1/n8/seed3600011"",""discrete/rank1/n8/seed3600021"",""discrete/rank1/n8/seed3600031""]","[""discrete/etdrk4/n0/seedNone""]","{""primary"":[[0.02,0.04,0.06],[0.06,0.04,0.02],[0.03,0.03,0.03,0.03],[0.04,0.08,0.12],[0.12,0.08,0.04]]}",results/frontier-full-review/learning-review.json,/regime_attribution/8,"{""track"":""discrete"",""train_count"":8,""competitor"":""etdrk4"",""regime"":""low"",""paired_rows"":90,""independent_fields"":3,""error_ratio_cluster_geomean"":4.829039490307884,""max_ratio_cluster_geomean"":3.440029992012091,""speed_ratio_cluster_geomean"":0.22994407050452995,""error_better_rows"":53,""ours_pass_rows"":90,""other_pass_rows"":72,""both_pass_rows"":72,""ours_only_pass_rows"":18,""other_only_pass_rows"":0,""median_ours_rms"":1.267634832453071e-07,""median_other_rms"":1.1627901152609335e-07}"
regime_attribution,discrete,rank1,rank1_frozen,32,,,"[32,64]",,low,2e-05,2e-05,feasibility/pass counts only; error/cost ratios are descriptive across matching primary schedules,3,90,"[""discrete/rank1/n32/seed3600011"",""discrete/rank1/n32/seed3600021"",""discrete/rank1/n32/seed3600031""]","[""discrete/rank1_frozen/n32/seed3600011"",""discrete/rank1_frozen/n32/seed3600021"",""discrete/rank1_frozen/n32/seed3600031""]","{""primary"":[[0.02,0.04,0.06],[0.06,0.04,0.02],[0.03,0.03,0.03,0.03],[0.04,0.08,0.12],[0.12,0.08,0.04]]}",results/frontier-full-review/learning-review.json,/regime_attribution/9,"{""track"":""discrete"",""train_count"":32,""competitor"":""rank1_frozen"",""regime"":""low"",""paired_rows"":90,""independent_fields"":3,""error_ratio_cluster_geomean"":1.6093741476549341,""max_ratio_cluster_geomean"":1.4089875808685797,""speed_ratio_cluster_geomean"":0.9958468032173413,""error_better_rows"":52,""ours_pass_rows"":90,""other_pass_rows"":90,""both_pass_rows"":90,""ours_only_pass_rows"":0,""other_only_pass_rows"":0,""median_ours_rms"":1.2946993662269846e-07,""median_other_rms"":1.5938967964069546e-07}"
regime_attribution,discrete,rank1,rank1_postcompression,32,,,"[32,64]",,low,2e-05,2e-05,feasibility/pass counts only; error/cost ratios are descriptive across matching primary schedules,3,90,"[""discrete/rank1/n32/seed3600011"",""discrete/rank1/n32/seed3600021"",""discrete/rank1/n32/seed3600031""]","[""discrete/rank1_postcompression/n32/seed3600011"",""discrete/rank1_postcompression/n32/seed3600021"",""discrete/rank1_postcompression/n32/seed3600031""]","{""primary"":[[0.02,0.04,0.06],[0.06,0.04,0.02],[0.03,0.03,0.03,0.03],[0.04,0.08,0.12],[0.12,0.08,0.04]]}",results/frontier-full-review/learning-review.json,/regime_attribution/10,"{""track"":""discrete"",""train_count"":32,""competitor"":""rank1_postcompression"",""regime"":""low"",""paired_rows"":90,""independent_fields"":3,""error_ratio_cluster_geomean"":0.8680642839087956,""max_ratio_cluster_geomean"":0.8737886395176641,""speed_ratio_cluster_geomean"":1.0578806871043036,""error_better_rows"":14,""ours_pass_rows"":90,""other_pass_rows"":90,""both_pass_rows"":90,""ours_only_pass_rows"":0,""other_only_pass_rows"":0,""median_ours_rms"":1.2946993662269846e-07,""median_other_rms"":1.224163911730294e-07}"
regime_attribution,discrete,rank1,fno_small,32,,,"[32,64]",,low,2e-05,2e-05,feasibility/pass counts only; error/cost ratios are descriptive across matching primary schedules,3,90,"[""discrete/rank1/n32/seed3600011"",""discrete/rank1/n32/seed3600021"",""discrete/rank1/n32/seed3600031""]","[""discrete/fno_small/n32/seed3600011"",""discrete/fno_small/n32/seed3600021"",""discrete/fno_small/n32/seed3600031""]","{""primary"":[[0.02,0.04,0.06],[0.06,0.04,0.02],[0.03,0.03,0.03,0.03],[0.04,0.08,0.12],[0.12,0.08,0.04]]}",results/frontier-full-review/learning-review.json,/regime_attribution/11,"{""track"":""discrete"",""train_count"":32,""competitor"":""fno_small"",""regime"":""low"",""paired_rows"":90,""independent_fields"":3,""error_ratio_cluster_geomean"":70.46411595319641,""max_ratio_cluster_geomean"":33.879092847750066,""speed_ratio_cluster_geomean"":0.6426071684824897,""error_better_rows"":90,""ours_pass_rows"":90,""other_pass_rows"":54,""both_pass_rows"":54,""ours_only_pass_rows"":36,""other_only_pass_rows"":0,""median_ours_rms"":1.2946993662269846e-07,""median_other_rms"":9.846464326806776e-06}"
regime_attribution,discrete,rank1,fno_standard,32,,,"[32,64]",,low,2e-05,2e-05,feasibility/pass counts only; error/cost ratios are descriptive across matching primary schedules,3,90,"[""discrete/rank1/n32/seed3600011"",""discrete/rank1/n32/seed3600021"",""discrete/rank1/n32/seed3600031""]","[""discrete/fno_standard/n32/seed3600011"",""discrete/fno_standard/n32/seed3600021"",""discrete/fno_standard/n32/seed3600031""]","{""primary"":[[0.02,0.04,0.06],[0.06,0.04,0.02],[0.03,0.03,0.03,0.03],[0.04,0.08,0.12],[0.12,0.08,0.04]]}",results/frontier-full-review/learning-review.json,/regime_attribution/12,"{""track"":""discrete"",""train_count"":32,""competitor"":""fno_standard"",""regime"":""low"",""paired_rows"":90,""independent_fields"":3,""error_ratio_cluster_geomean"":44.62613083164319,""max_ratio_cluster_geomean"":24.668536694559645,""speed_ratio_cluster_geomean"":0.9265680810680755,""error_better_rows"":90,""ours_pass_rows"":90,""other_pass_rows"":55,""both_pass_rows"":55,""ours_only_pass_rows"":35,""other_only_pass_rows"":0,""median_ours_rms"":1.2946993662269846e-07,""median_other_rms"":5.064122350208757e-06}"
regime_attribution,discrete,rank1,direct_fno,32,,,"[32,64]",,low,2e-05,2e-05,feasibility/pass counts only; error/cost ratios are descriptive across matching primary schedules,3,90,"[""discrete/rank1/n32/seed3600011"",""discrete/rank1/n32/seed3600021"",""discrete/rank1/n32/seed3600031""]","[""discrete/direct_fno/n32/seed3600011"",""discrete/direct_fno/n32/seed3600021"",""discrete/direct_fno/n32/seed3600031""]","{""primary"":[[0.02,0.04,0.06],[0.06,0.04,0.02],[0.03,0.03,0.03,0.03],[0.04,0.08,0.12],[0.12,0.08,0.04]]}",results/frontier-full-review/learning-review.json,/regime_attribution/13,"{""track"":""discrete"",""train_count"":32,""competitor"":""direct_fno"",""regime"":""low"",""paired_rows"":90,""independent_fields"":3,""error_ratio_cluster_geomean"":76936.31059906262,""max_ratio_cluster_geomean"":48384.39109516641,""speed_ratio_cluster_geomean"":0.7087431306566886,""error_better_rows"":90,""ours_pass_rows"":90,""other_pass_rows"":0,""both_pass_rows"":0,""ours_only_pass_rows"":90,""other_only_pass_rows"":0,""median_ours_rms"":1.2946993662269846e-07,""median_other_rms"":0.011645495306158066}"
regime_attribution,discrete,rank1,analytic_quad,32,,,"[32,64]",,low,2e-05,2e-05,feasibility/pass counts only; error/cost ratios are descriptive across matching primary schedules,3,90,"[""discrete/rank1/n32/seed3600011"",""discrete/rank1/n32/seed3600021"",""discrete/rank1/n32/seed3600031""]","[""discrete/analytic_quad/n0/seedNone""]","{""primary"":[[0.02,0.04,0.06],[0.06,0.04,0.02],[0.03,0.03,0.03,0.03],[0.04,0.08,0.12],[0.12,0.08,0.04]]}",results/frontier-full-review/learning-review.json,/regime_attribution/14,"{""track"":""discrete"",""train_count"":32,""competitor"":""analytic_quad"",""regime"":""low"",""paired_rows"":90,""independent_fields"":3,""error_ratio_cluster_geomean"":0.858637438030086,""max_ratio_cluster_geomean"":0.880208762101474,""speed_ratio_cluster_geomean"":1.0697964747601634,""error_better_rows"":16,""ours_pass_rows"":90,""other_pass_rows"":90,""both_pass_rows"":90,""ours_only_pass_rows"":0,""other_only_pass_rows"":0,""median_ours_rms"":1.2946993662269846e-07,""median_other_rms"":1.2594316389786394e-07}"
regime_attribution,discrete,rank1,analytic_quad_cubic,32,,,"[32,64]",,low,2e-05,2e-05,feasibility/pass counts only; error/cost ratios are descriptive across matching primary schedules,3,90,"[""discrete/rank1/n32/seed3600011"",""discrete/rank1/n32/seed3600021"",""discrete/rank1/n32/seed3600031""]","[""discrete/analytic_quad_cubic/n0/seedNone""]","{""primary"":[[0.02,0.04,0.06],[0.06,0.04,0.02],[0.03,0.03,0.03,0.03],[0.04,0.08,0.12],[0.12,0.08,0.04]]}",results/frontier-full-review/learning-review.json,/regime_attribution/15,"{""track"":""discrete"",""train_count"":32,""competitor"":""analytic_quad_cubic"",""regime"":""low"",""paired_rows"":90,""independent_fields"":3,""error_ratio_cluster_geomean"":0.5770099173208966,""max_ratio_cluster_geomean"":0.6315510557556367,""speed_ratio_cluster_geomean"":3.677388607363125,""error_better_rows"":18,""ours_pass_rows"":90,""other_pass_rows"":90,""both_pass_rows"":90,""ours_only_pass_rows"":0,""other_only_pass_rows"":0,""median_ours_rms"":1.2946993662269846e-07,""median_other_rms"":1.027755889035035e-07}"
regime_attribution,discrete,rank1,df,32,,,"[32,64]",,low,2e-05,2e-05,feasibility/pass counts only; error/cost ratios are descriptive across matching primary schedules,3,90,"[""discrete/rank1/n32/seed3600011"",""discrete/rank1/n32/seed3600021"",""discrete/rank1/n32/seed3600031""]","[""discrete/df/n0/seedNone""]","{""primary"":[[0.02,0.04,0.06],[0.06,0.04,0.02],[0.03,0.03,0.03,0.03],[0.04,0.08,0.12],[0.12,0.08,0.04]]}",results/frontier-full-review/learning-review.json,/regime_attribution/16,"{""track"":""discrete"",""train_count"":32,""competitor"":""df"",""regime"":""low"",""paired_rows"":90,""independent_fields"":3,""error_ratio_cluster_geomean"":1.9645271827829212,""max_ratio_cluster_geomean"":1.5924397135477968,""speed_ratio_cluster_geomean"":0.15118699423830864,""error_better_rows"":46,""ours_pass_rows"":90,""other_pass_rows"":90,""both_pass_rows"":90,""ours_only_pass_rows"":0,""other_only_pass_rows"":0,""median_ours_rms"":1.2946993662269846e-07,""median_other_rms"":1.2700937392578644e-07}"
regime_attribution,discrete,rank1,etdrk4,32,,,"[32,64]",,low,2e-05,2e-05,feasibility/pass counts only; error/cost ratios are descriptive across matching primary schedules,3,90,"[""discrete/rank1/n32/seed3600011"",""discrete/rank1/n32/seed3600021"",""discrete/rank1/n32/seed3600031""]","[""discrete/etdrk4/n0/seedNone""]","{""primary"":[[0.02,0.04,0.06],[0.06,0.04,0.02],[0.03,0.03,0.03,0.03],[0.04,0.08,0.12],[0.12,0.08,0.04]]}",results/frontier-full-review/learning-review.json,/regime_attribution/17,"{""track"":""discrete"",""train_count"":32,""competitor"":""etdrk4"",""regime"":""low"",""paired_rows"":90,""independent_fields"":3,""error_ratio_cluster_geomean"":4.54070814161741,""max_ratio_cluster_geomean"":3.2749848414174267,""speed_ratio_cluster_geomean"":0.22918830675814336,""error_better_rows"":52,""ours_pass_rows"":90,""other_pass_rows"":72,""both_pass_rows"":72,""ours_only_pass_rows"":18,""other_only_pass_rows"":0,""median_ours_rms"":1.2946993662269846e-07,""median_other_rms"":1.1627901152609335e-07}"
regime_attribution,continuum,rank1,rank1_frozen,8,,,"[32,64]",,low,2e-05,2e-05,feasibility/pass counts only; error/cost ratios are descriptive across matching primary schedules,3,90,"[""continuum/rank1/n8/seed3600011"",""continuum/rank1/n8/seed3600021"",""continuum/rank1/n8/seed3600031""]","[""continuum/rank1_frozen/n8/seed3600011"",""continuum/rank1_frozen/n8/seed3600021"",""continuum/rank1_frozen/n8/seed3600031""]","{""primary"":[[0.02,0.04,0.06],[0.06,0.04,0.02],[0.03,0.03,0.03,0.03],[0.04,0.08,0.12],[0.12,0.08,0.04]]}",results/frontier-full-review/learning-review.json,/regime_attribution/18,"{""track"":""continuum"",""train_count"":8,""competitor"":""rank1_frozen"",""regime"":""low"",""paired_rows"":90,""independent_fields"":3,""error_ratio_cluster_geomean"":1.6923419802189812,""max_ratio_cluster_geomean"":1.4419132784496045,""speed_ratio_cluster_geomean"":1.0023471722922908,""error_better_rows"":55,""ours_pass_rows"":90,""other_pass_rows"":90,""both_pass_rows"":90,""ours_only_pass_rows"":0,""other_only_pass_rows"":0,""median_ours_rms"":1.2223154025043027e-07,""median_other_rms"":1.6154178872000016e-07}"
regime_attribution,continuum,rank1,rank1_postcompression,8,,,"[32,64]",,low,2e-05,2e-05,feasibility/pass counts only; error/cost ratios are descriptive across matching primary schedules,3,90,"[""continuum/rank1/n8/seed3600011"",""continuum/rank1/n8/seed3600021"",""continuum/rank1/n8/seed3600031""]","[""continuum/rank1_postcompression/n8/seed3600011"",""continuum/rank1_postcompression/n8/seed3600021"",""continuum/rank1_postcompression/n8/seed3600031""]","{""primary"":[[0.02,0.04,0.06],[0.06,0.04,0.02],[0.03,0.03,0.03,0.03],[0.04,0.08,0.12],[0.12,0.08,0.04]]}",results/frontier-full-review/learning-review.json,/regime_attribution/19,"{""track"":""continuum"",""train_count"":8,""competitor"":""rank1_postcompression"",""regime"":""low"",""paired_rows"":90,""independent_fields"":3,""error_ratio_cluster_geomean"":0.9371998483079457,""max_ratio_cluster_geomean"":0.9298937104440402,""speed_ratio_cluster_geomean"":1.012180634144687,""error_better_rows"":31,""ours_pass_rows"":90,""other_pass_rows"":90,""both_pass_rows"":90,""ours_only_pass_rows"":0,""other_only_pass_rows"":0,""median_ours_rms"":1.2223154025043027e-07,""median_other_rms"":1.3117393076224761e-07}"
regime_attribution,continuum,rank1,fno_small,8,,,"[32,64]",,low,2e-05,2e-05,feasibility/pass counts only; error/cost ratios are descriptive across matching primary schedules,3,90,"[""continuum/rank1/n8/seed3600011"",""continuum/rank1/n8/seed3600021"",""continuum/rank1/n8/seed3600031""]","[""continuum/fno_small/n8/seed3600011"",""continuum/fno_small/n8/seed3600021"",""continuum/fno_small/n8/seed3600031""]","{""primary"":[[0.02,0.04,0.06],[0.06,0.04,0.02],[0.03,0.03,0.03,0.03],[0.04,0.08,0.12],[0.12,0.08,0.04]]}",results/frontier-full-review/learning-review.json,/regime_attribution/20,"{""track"":""continuum"",""train_count"":8,""competitor"":""fno_small"",""regime"":""low"",""paired_rows"":90,""independent_fields"":3,""error_ratio_cluster_geomean"":47.673350053402906,""max_ratio_cluster_geomean"":25.574476522129043,""speed_ratio_cluster_geomean"":0.7337503693836956,""error_better_rows"":90,""ours_pass_rows"":90,""other_pass_rows"":54,""both_pass_rows"":54,""ours_only_pass_rows"":36,""other_only_pass_rows"":0,""median_ours_rms"":1.2223154025043027e-07,""median_other_rms"":8.24349567233964e-06}"
regime_attribution,continuum,rank1,fno_standard,8,,,"[32,64]",,low,2e-05,2e-05,feasibility/pass counts only; error/cost ratios are descriptive across matching primary schedules,3,90,"[""continuum/rank1/n8/seed3600011"",""continuum/rank1/n8/seed3600021"",""continuum/rank1/n8/seed3600031""]","[""continuum/fno_standard/n8/seed3600011"",""continuum/fno_standard/n8/seed3600021"",""continuum/fno_standard/n8/seed3600031""]","{""primary"":[[0.02,0.04,0.06],[0.06,0.04,0.02],[0.03,0.03,0.03,0.03],[0.04,0.08,0.12],[0.12,0.08,0.04]]}",results/frontier-full-review/learning-review.json,/regime_attribution/21,"{""track"":""continuum"",""train_count"":8,""competitor"":""fno_standard"",""regime"":""low"",""paired_rows"":90,""independent_fields"":3,""error_ratio_cluster_geomean"":34.71144866637995,""max_ratio_cluster_geomean"":18.75346179536497,""speed_ratio_cluster_geomean"":0.7911007857503558,""error_better_rows"":90,""ours_pass_rows"":90,""other_pass_rows"":58,""both_pass_rows"":58,""ours_only_pass_rows"":32,""other_only_pass_rows"":0,""median_ours_rms"":1.2223154025043027e-07,""median_other_rms"":5.53841714062127e-06}"
regime_attribution,continuum,rank1,direct_fno,8,,,"[32,64]",,low,2e-05,2e-05,feasibility/pass counts only; error/cost ratios are descriptive across matching primary schedules,3,90,"[""continuum/rank1/n8/seed3600011"",""continuum/rank1/n8/seed3600021"",""continuum/rank1/n8/seed3600031""]","[""continuum/direct_fno/n8/seed3600011"",""continuum/direct_fno/n8/seed3600021"",""continuum/direct_fno/n8/seed3600031""]","{""primary"":[[0.02,0.04,0.06],[0.06,0.04,0.02],[0.03,0.03,0.03,0.03],[0.04,0.08,0.12],[0.12,0.08,0.04]]}",results/frontier-full-review/learning-review.json,/regime_attribution/22,"{""track"":""continuum"",""train_count"":8,""competitor"":""direct_fno"",""regime"":""low"",""paired_rows"":90,""independent_fields"":3,""error_ratio_cluster_geomean"":87097.38492308797,""max_ratio_cluster_geomean"":56285.50739704207,""speed_ratio_cluster_geomean"":0.1435540374256382,""error_better_rows"":90,""ours_pass_rows"":90,""other_pass_rows"":0,""both_pass_rows"":0,""ours_only_pass_rows"":90,""other_only_pass_rows"":0,""median_ours_rms"":1.2223154025043027e-07,""median_other_rms"":0.01596061423947543}"
regime_attribution,continuum,rank1,analytic_quad,8,,,"[32,64]",,low,2e-05,2e-05,feasibility/pass counts only; error/cost ratios are descriptive across matching primary schedules,3,90,"[""continuum/rank1/n8/seed3600011"",""continuum/rank1/n8/seed3600021"",""continuum/rank1/n8/seed3600031""]","[""continuum/analytic_quad/n0/seedNone""]","{""primary"":[[0.02,0.04,0.06],[0.06,0.04,0.02],[0.03,0.03,0.03,0.03],[0.04,0.08,0.12],[0.12,0.08,0.04]]}",results/frontier-full-review/learning-review.json,/regime_attribution/23,"{""track"":""continuum"",""train_count"":8,""competitor"":""analytic_quad"",""regime"":""low"",""paired_rows"":90,""independent_fields"":3,""error_ratio_cluster_geomean"":0.9834383519296566,""max_ratio_cluster_geomean"":0.9757434472224958,""speed_ratio_cluster_geomean"":1.1342601885644632,""error_better_rows"":32,""ours_pass_rows"":90,""other_pass_rows"":90,""both_pass_rows"":90,""ours_only_pass_rows"":0,""other_only_pass_rows"":0,""median_ours_rms"":1.2223154025043027e-07,""median_other_rms"":1.2263075003481046e-07}"
regime_attribution,continuum,rank1,analytic_quad_cubic,8,,,"[32,64]",,low,2e-05,2e-05,feasibility/pass counts only; error/cost ratios are descriptive across matching primary schedules,3,90,"[""continuum/rank1/n8/seed3600011"",""continuum/rank1/n8/seed3600021"",""continuum/rank1/n8/seed3600031""]","[""continuum/analytic_quad_cubic/n0/seedNone""]","{""primary"":[[0.02,0.04,0.06],[0.06,0.04,0.02],[0.03,0.03,0.03,0.03],[0.04,0.08,0.12],[0.12,0.08,0.04]]}",results/frontier-full-review/learning-review.json,/regime_attribution/24,"{""track"":""continuum"",""train_count"":8,""competitor"":""analytic_quad_cubic"",""regime"":""low"",""paired_rows"":90,""independent_fields"":3,""error_ratio_cluster_geomean"":0.7572833230307602,""max_ratio_cluster_geomean"":0.7400016087709451,""speed_ratio_cluster_geomean"":3.6461572095157035,""error_better_rows"":20,""ours_pass_rows"":90,""other_pass_rows"":90,""both_pass_rows"":90,""ours_only_pass_rows"":0,""other_only_pass_rows"":0,""median_ours_rms"":1.2223154025043027e-07,""median_other_rms"":1.059354324443857e-07}"
regime_attribution,continuum,rank1,df,8,,,"[32,64]",,low,2e-05,2e-05,feasibility/pass counts only; error/cost ratios are descriptive across matching primary schedules,3,90,"[""continuum/rank1/n8/seed3600011"",""continuum/rank1/n8/seed3600021"",""continuum/rank1/n8/seed3600031""]","[""continuum/df/n0/seedNone""]","{""primary"":[[0.02,0.04,0.06],[0.06,0.04,0.02],[0.03,0.03,0.03,0.03],[0.04,0.08,0.12],[0.12,0.08,0.04]]}",results/frontier-full-review/learning-review.json,/regime_attribution/25,"{""track"":""continuum"",""train_count"":8,""competitor"":""df"",""regime"":""low"",""paired_rows"":90,""independent_fields"":3,""error_ratio_cluster_geomean"":2.279063509572867,""max_ratio_cluster_geomean"":1.7702842903352896,""speed_ratio_cluster_geomean"":0.633836733086675,""error_better_rows"":60,""ours_pass_rows"":90,""other_pass_rows"":90,""both_pass_rows"":90,""ours_only_pass_rows"":0,""other_only_pass_rows"":0,""median_ours_rms"":1.2223154025043027e-07,""median_other_rms"":1.585559433635242e-07}"
regime_attribution,continuum,rank1,etdrk4,8,,,"[32,64]",,low,2e-05,2e-05,feasibility/pass counts only; error/cost ratios are descriptive across matching primary schedules,3,90,"[""continuum/rank1/n8/seed3600011"",""continuum/rank1/n8/seed3600021"",""continuum/rank1/n8/seed3600031""]","[""continuum/etdrk4/n0/seedNone""]","{""primary"":[[0.02,0.04,0.06],[0.06,0.04,0.02],[0.03,0.03,0.03,0.03],[0.04,0.08,0.12],[0.12,0.08,0.04]]}",results/frontier-full-review/learning-review.json,/regime_attribution/26,"{""track"":""continuum"",""train_count"":8,""competitor"":""etdrk4"",""regime"":""low"",""paired_rows"":90,""independent_fields"":3,""error_ratio_cluster_geomean"":5.136993504912391,""max_ratio_cluster_geomean"":3.6083966815837956,""speed_ratio_cluster_geomean"":0.1915235865548226,""error_better_rows"":63,""ours_pass_rows"":90,""other_pass_rows"":72,""both_pass_rows"":72,""ours_only_pass_rows"":18,""other_only_pass_rows"":0,""median_ours_rms"":1.2223154025043027e-07,""median_other_rms"":1.8303205363860233e-07}"
regime_attribution,continuum,rank1,rank1_frozen,32,,,"[32,64]",,low,2e-05,2e-05,feasibility/pass counts only; error/cost ratios are descriptive across matching primary schedules,3,90,"[""continuum/rank1/n32/seed3600011"",""continuum/rank1/n32/seed3600021"",""continuum/rank1/n32/seed3600031""]","[""continuum/rank1_frozen/n32/seed3600011"",""continuum/rank1_frozen/n32/seed3600021"",""continuum/rank1_frozen/n32/seed3600031""]","{""primary"":[[0.02,0.04,0.06],[0.06,0.04,0.02],[0.03,0.03,0.03,0.03],[0.04,0.08,0.12],[0.12,0.08,0.04]]}",results/frontier-full-review/learning-review.json,/regime_attribution/27,"{""track"":""continuum"",""train_count"":32,""competitor"":""rank1_frozen"",""regime"":""low"",""paired_rows"":90,""independent_fields"":3,""error_ratio_cluster_geomean"":1.630518511158481,""max_ratio_cluster_geomean"":1.3845969443708677,""speed_ratio_cluster_geomean"":0.9987427801954262,""error_better_rows"":57,""ours_pass_rows"":90,""other_pass_rows"":90,""both_pass_rows"":90,""ours_only_pass_rows"":0,""other_only_pass_rows"":0,""median_ours_rms"":1.1621149402409327e-07,""median_other_rms"":1.6154178872000016e-07}"
regime_attribution,continuum,rank1,rank1_postcompression,32,,,"[32,64]",,low,2e-05,2e-05,feasibility/pass counts only; error/cost ratios are descriptive across matching primary schedules,3,90,"[""continuum/rank1/n32/seed3600011"",""continuum/rank1/n32/seed3600021"",""continuum/rank1/n32/seed3600031""]","[""continuum/rank1_postcompression/n32/seed3600011"",""continuum/rank1_postcompression/n32/seed3600021"",""continuum/rank1_postcompression/n32/seed3600031""]","{""primary"":[[0.02,0.04,0.06],[0.06,0.04,0.02],[0.03,0.03,0.03,0.03],[0.04,0.08,0.12],[0.12,0.08,0.04]]}",results/frontier-full-review/learning-review.json,/regime_attribution/28,"{""track"":""continuum"",""train_count"":32,""competitor"":""rank1_postcompression"",""regime"":""low"",""paired_rows"":90,""independent_fields"":3,""error_ratio_cluster_geomean"":0.9187968279422749,""max_ratio_cluster_geomean"":0.9055228886221275,""speed_ratio_cluster_geomean"":1.0144888965864423,""error_better_rows"":22,""ours_pass_rows"":90,""other_pass_rows"":90,""both_pass_rows"":90,""ours_only_pass_rows"":0,""other_only_pass_rows"":0,""median_ours_rms"":1.1621149402409327e-07,""median_other_rms"":1.2593379263808899e-07}"
regime_attribution,continuum,rank1,fno_small,32,,,"[32,64]",,low,2e-05,2e-05,feasibility/pass counts only; error/cost ratios are descriptive across matching primary schedules,3,90,"[""continuum/rank1/n32/seed3600011"",""continuum/rank1/n32/seed3600021"",""continuum/rank1/n32/seed3600031""]","[""continuum/fno_small/n32/seed3600011"",""continuum/fno_small/n32/seed3600021"",""continuum/fno_small/n32/seed3600031""]","{""primary"":[[0.02,0.04,0.06],[0.06,0.04,0.02],[0.03,0.03,0.03,0.03],[0.04,0.08,0.12],[0.12,0.08,0.04]]}",results/frontier-full-review/learning-review.json,/regime_attribution/29,"{""track"":""continuum"",""train_count"":32,""competitor"":""fno_small"",""regime"":""low"",""paired_rows"":90,""independent_fields"":3,""error_ratio_cluster_geomean"":51.72223654317467,""max_ratio_cluster_geomean"":26.29920336528074,""speed_ratio_cluster_geomean"":0.7363439248503085,""error_better_rows"":90,""ours_pass_rows"":90,""other_pass_rows"":53,""both_pass_rows"":53,""ours_only_pass_rows"":37,""other_only_pass_rows"":0,""median_ours_rms"":1.1621149402409327e-07,""median_other_rms"":9.991068239879047e-06}"
regime_attribution,continuum,rank1,fno_standard,32,,,"[32,64]",,low,2e-05,2e-05,feasibility/pass counts only; error/cost ratios are descriptive across matching primary schedules,3,90,"[""continuum/rank1/n32/seed3600011"",""continuum/rank1/n32/seed3600021"",""continuum/rank1/n32/seed3600031""]","[""continuum/fno_standard/n32/seed3600011"",""continuum/fno_standard/n32/seed3600021"",""continuum/fno_standard/n32/seed3600031""]","{""primary"":[[0.02,0.04,0.06],[0.06,0.04,0.02],[0.03,0.03,0.03,0.03],[0.04,0.08,0.12],[0.12,0.08,0.04]]}",results/frontier-full-review/learning-review.json,/regime_attribution/30,"{""track"":""continuum"",""train_count"":32,""competitor"":""fno_standard"",""regime"":""low"",""paired_rows"":90,""independent_fields"":3,""error_ratio_cluster_geomean"":40.01873238558721,""max_ratio_cluster_geomean"":19.56440811336715,""speed_ratio_cluster_geomean"":0.7912569224450792,""error_better_rows"":90,""ours_pass_rows"":90,""other_pass_rows"":61,""both_pass_rows"":61,""ours_only_pass_rows"":29,""other_only_pass_rows"":0,""median_ours_rms"":1.1621149402409327e-07,""median_other_rms"":7.167315346842331e-06}"
regime_attribution,continuum,rank1,direct_fno,32,,,"[32,64]",,low,2e-05,2e-05,feasibility/pass counts only; error/cost ratios are descriptive across matching primary schedules,3,90,"[""continuum/rank1/n32/seed3600011"",""continuum/rank1/n32/seed3600021"",""continuum/rank1/n32/seed3600031""]","[""continuum/direct_fno/n32/seed3600011"",""continuum/direct_fno/n32/seed3600021"",""continuum/direct_fno/n32/seed3600031""]","{""primary"":[[0.02,0.04,0.06],[0.06,0.04,0.02],[0.03,0.03,0.03,0.03],[0.04,0.08,0.12],[0.12,0.08,0.04]]}",results/frontier-full-review/learning-review.json,/regime_attribution/31,"{""track"":""continuum"",""train_count"":32,""competitor"":""direct_fno"",""regime"":""low"",""paired_rows"":90,""independent_fields"":3,""error_ratio_cluster_geomean"":68691.99306110162,""max_ratio_cluster_geomean"":46700.802313395776,""speed_ratio_cluster_geomean"":0.14427817934861986,""error_better_rows"":90,""ours_pass_rows"":90,""other_pass_rows"":0,""both_pass_rows"":0,""ours_only_pass_rows"":90,""other_only_pass_rows"":0,""median_ours_rms"":1.1621149402409327e-07,""median_other_rms"":0.01572536877214408}"
regime_attribution,continuum,rank1,analytic_quad,32,,,"[32,64]",,low,2e-05,2e-05,feasibility/pass counts only; error/cost ratios are descriptive across matching primary schedules,3,90,"[""continuum/rank1/n32/seed3600011"",""continuum/rank1/n32/seed3600021"",""continuum/rank1/n32/seed3600031""]","[""continuum/analytic_quad/n0/seedNone""]","{""primary"":[[0.02,0.04,0.06],[0.06,0.04,0.02],[0.03,0.03,0.03,0.03],[0.04,0.08,0.12],[0.12,0.08,0.04]]}",results/frontier-full-review/learning-review.json,/regime_attribution/32,"{""track"":""continuum"",""train_count"":32,""competitor"":""analytic_quad"",""regime"":""low"",""paired_rows"":90,""independent_fields"":3,""error_ratio_cluster_geomean"":0.9475120608879575,""max_ratio_cluster_geomean"":0.9369574548663696,""speed_ratio_cluster_geomean"":1.1337927100829839,""error_better_rows"":28,""ours_pass_rows"":90,""other_pass_rows"":90,""both_pass_rows"":90,""ours_only_pass_rows"":0,""other_only_pass_rows"":0,""median_ours_rms"":1.1621149402409327e-07,""median_other_rms"":1.2263075003481046e-07}"
regime_attribution,continuum,rank1,analytic_quad_cubic,32,,,"[32,64]",,low,2e-05,2e-05,feasibility/pass counts only; error/cost ratios are descriptive across matching primary schedules,3,90,"[""continuum/rank1/n32/seed3600011"",""continuum/rank1/n32/seed3600021"",""continuum/rank1/n32/seed3600031""]","[""continuum/analytic_quad_cubic/n0/seedNone""]","{""primary"":[[0.02,0.04,0.06],[0.06,0.04,0.02],[0.03,0.03,0.03,0.03],[0.04,0.08,0.12],[0.12,0.08,0.04]]}",results/frontier-full-review/learning-review.json,/regime_attribution/33,"{""track"":""continuum"",""train_count"":32,""competitor"":""analytic_quad_cubic"",""regime"":""low"",""paired_rows"":90,""independent_fields"":3,""error_ratio_cluster_geomean"":0.7296187713983726,""max_ratio_cluster_geomean"":0.7105864004771957,""speed_ratio_cluster_geomean"":3.644654467858432,""error_better_rows"":23,""ours_pass_rows"":90,""other_pass_rows"":90,""both_pass_rows"":90,""ours_only_pass_rows"":0,""other_only_pass_rows"":0,""median_ours_rms"":1.1621149402409327e-07,""median_other_rms"":1.059354324443857e-07}"
regime_attribution,continuum,rank1,df,32,,,"[32,64]",,low,2e-05,2e-05,feasibility/pass counts only; error/cost ratios are descriptive across matching primary schedules,3,90,"[""continuum/rank1/n32/seed3600011"",""continuum/rank1/n32/seed3600021"",""continuum/rank1/n32/seed3600031""]","[""continuum/df/n0/seedNone""]","{""primary"":[[0.02,0.04,0.06],[0.06,0.04,0.02],[0.03,0.03,0.03,0.03],[0.04,0.08,0.12],[0.12,0.08,0.04]]}",results/frontier-full-review/learning-review.json,/regime_attribution/34,"{""track"":""continuum"",""train_count"":32,""competitor"":""df"",""regime"":""low"",""paired_rows"":90,""independent_fields"":3,""error_ratio_cluster_geomean"":2.1958063345941072,""max_ratio_cluster_geomean"":1.6999151444818736,""speed_ratio_cluster_geomean"":0.6335755011079133,""error_better_rows"":62,""ours_pass_rows"":90,""other_pass_rows"":90,""both_pass_rows"":90,""ours_only_pass_rows"":0,""other_only_pass_rows"":0,""median_ours_rms"":1.1621149402409327e-07,""median_other_rms"":1.585559433635242e-07}"
regime_attribution,continuum,rank1,etdrk4,32,,,"[32,64]",,low,2e-05,2e-05,feasibility/pass counts only; error/cost ratios are descriptive across matching primary schedules,3,90,"[""continuum/rank1/n32/seed3600011"",""continuum/rank1/n32/seed3600021"",""continuum/rank1/n32/seed3600031""]","[""continuum/etdrk4/n0/seedNone""]","{""primary"":[[0.02,0.04,0.06],[0.06,0.04,0.02],[0.03,0.03,0.03,0.03],[0.04,0.08,0.12],[0.12,0.08,0.04]]}",results/frontier-full-review/learning-review.json,/regime_attribution/35,"{""track"":""continuum"",""train_count"":32,""competitor"":""etdrk4"",""regime"":""low"",""paired_rows"":90,""independent_fields"":3,""error_ratio_cluster_geomean"":4.949332404066895,""max_ratio_cluster_geomean"":3.464962209635078,""speed_ratio_cluster_geomean"":0.1914446512661535,""error_better_rows"":63,""ours_pass_rows"":90,""other_pass_rows"":72,""both_pass_rows"":72,""ours_only_pass_rows"":18,""other_only_pass_rows"":0,""median_ours_rms"":1.1621149402409327e-07,""median_other_rms"":1.8303205363860233e-07}"
regime_attribution,discrete,rank1,rank1_frozen,8,,,"[32,64]",,mixed,2e-05,2e-05,feasibility/pass counts only; error/cost ratios are descriptive across matching primary schedules,3,90,"[""discrete/rank1/n8/seed3600011"",""discrete/rank1/n8/seed3600021"",""discrete/rank1/n8/seed3600031""]","[""discrete/rank1_frozen/n8/seed3600011"",""discrete/rank1_frozen/n8/seed3600021"",""discrete/rank1_frozen/n8/seed3600031""]","{""primary"":[[0.02,0.04,0.06],[0.06,0.04,0.02],[0.03,0.03,0.03,0.03],[0.04,0.08,0.12],[0.12,0.08,0.04]]}",results/frontier-full-review/learning-review.json,/regime_attribution/36,"{""track"":""discrete"",""train_count"":8,""competitor"":""rank1_frozen"",""regime"":""mixed"",""paired_rows"":90,""independent_fields"":3,""error_ratio_cluster_geomean"":2.0900783458045202,""max_ratio_cluster_geomean"":1.7835966734253021,""speed_ratio_cluster_geomean"":1.0040304432566642,""error_better_rows"":61,""ours_pass_rows"":90,""other_pass_rows"":84,""both_pass_rows"":84,""ours_only_pass_rows"":6,""other_only_pass_rows"":0,""median_ours_rms"":1.8744956926863163e-07,""median_other_rms"":1.8744956926863163e-07}"
regime_attribution,discrete,rank1,rank1_postcompression,8,,,"[32,64]",,mixed,2e-05,2e-05,feasibility/pass counts only; error/cost ratios are descriptive across matching primary schedules,3,90,"[""discrete/rank1/n8/seed3600011"",""discrete/rank1/n8/seed3600021"",""discrete/rank1/n8/seed3600031""]","[""discrete/rank1_postcompression/n8/seed3600011"",""discrete/rank1_postcompression/n8/seed3600021"",""discrete/rank1_postcompression/n8/seed3600031""]","{""primary"":[[0.02,0.04,0.06],[0.06,0.04,0.02],[0.03,0.03,0.03,0.03],[0.04,0.08,0.12],[0.12,0.08,0.04]]}",results/frontier-full-review/learning-review.json,/regime_attribution/37,"{""track"":""discrete"",""train_count"":8,""competitor"":""rank1_postcompression"",""regime"":""mixed"",""paired_rows"":90,""independent_fields"":3,""error_ratio_cluster_geomean"":1.2428164758883766,""max_ratio_cluster_geomean"":1.1508636752253731,""speed_ratio_cluster_geomean"":1.068645845925926,""error_better_rows"":51,""ours_pass_rows"":90,""other_pass_rows"":90,""both_pass_rows"":90,""ours_only_pass_rows"":0,""other_only_pass_rows"":0,""median_ours_rms"":1.8744956926863163e-07,""median_other_rms"":1.8744956926863163e-07}"
regime_attribution,discrete,rank1,fno_small,8,,,"[32,64]",,mixed,2e-05,2e-05,feasibility/pass counts only; error/cost ratios are descriptive across matching primary schedules,3,90,"[""discrete/rank1/n8/seed3600011"",""discrete/rank1/n8/seed3600021"",""discrete/rank1/n8/seed3600031""]","[""discrete/fno_small/n8/seed3600011"",""discrete/fno_small/n8/seed3600021"",""discrete/fno_small/n8/seed3600031""]","{""primary"":[[0.02,0.04,0.06],[0.06,0.04,0.02],[0.03,0.03,0.03,0.03],[0.04,0.08,0.12],[0.12,0.08,0.04]]}",results/frontier-full-review/learning-review.json,/regime_attribution/38,"{""track"":""discrete"",""train_count"":8,""competitor"":""fno_small"",""regime"":""mixed"",""paired_rows"":90,""independent_fields"":3,""error_ratio_cluster_geomean"":33.94249794014738,""max_ratio_cluster_geomean"":17.38563188943246,""speed_ratio_cluster_geomean"":0.6475941353341815,""error_better_rows"":90,""ours_pass_rows"":90,""other_pass_rows"":56,""both_pass_rows"":56,""ours_only_pass_rows"":34,""other_only_pass_rows"":0,""median_ours_rms"":1.8744956926863163e-07,""median_other_rms"":9.294877397812055e-06}"
regime_attribution,discrete,rank1,fno_standard,8,,,"[32,64]",,mixed,2e-05,2e-05,feasibility/pass counts only; error/cost ratios are descriptive across matching primary schedules,3,90,"[""discrete/rank1/n8/seed3600011"",""discrete/rank1/n8/seed3600021"",""discrete/rank1/n8/seed3600031""]","[""discrete/fno_standard/n8/seed3600011"",""discrete/fno_standard/n8/seed3600021"",""discrete/fno_standard/n8/seed3600031""]","{""primary"":[[0.02,0.04,0.06],[0.06,0.04,0.02],[0.03,0.03,0.03,0.03],[0.04,0.08,0.12],[0.12,0.08,0.04]]}",results/frontier-full-review/learning-review.json,/regime_attribution/39,"{""track"":""discrete"",""train_count"":8,""competitor"":""fno_standard"",""regime"":""mixed"",""paired_rows"":90,""independent_fields"":3,""error_ratio_cluster_geomean"":18.486711934179656,""max_ratio_cluster_geomean"":9.661701045106096,""speed_ratio_cluster_geomean"":0.922949868713848,""error_better_rows"":90,""ours_pass_rows"":90,""other_pass_rows"":63,""both_pass_rows"":63,""ours_only_pass_rows"":27,""other_only_pass_rows"":0,""median_ours_rms"":1.8744956926863163e-07,""median_other_rms"":3.7685529664999524e-06}"
regime_attribution,discrete,rank1,direct_fno,8,,,"[32,64]",,mixed,2e-05,2e-05,feasibility/pass counts only; error/cost ratios are descriptive across matching primary schedules,3,90,"[""discrete/rank1/n8/seed3600011"",""discrete/rank1/n8/seed3600021"",""discrete/rank1/n8/seed3600031""]","[""discrete/direct_fno/n8/seed3600011"",""discrete/direct_fno/n8/seed3600021"",""discrete/direct_fno/n8/seed3600031""]","{""primary"":[[0.02,0.04,0.06],[0.06,0.04,0.02],[0.03,0.03,0.03,0.03],[0.04,0.08,0.12],[0.12,0.08,0.04]]}",results/frontier-full-review/learning-review.json,/regime_attribution/40,"{""track"":""discrete"",""train_count"":8,""competitor"":""direct_fno"",""regime"":""mixed"",""paired_rows"":90,""independent_fields"":3,""error_ratio_cluster_geomean"":94061.28749270293,""max_ratio_cluster_geomean"":44157.428830871366,""speed_ratio_cluster_geomean"":0.7094866215405712,""error_better_rows"":90,""ours_pass_rows"":90,""other_pass_rows"":0,""both_pass_rows"":0,""ours_only_pass_rows"":90,""other_only_pass_rows"":0,""median_ours_rms"":1.8744956926863163e-07,""median_other_rms"":0.02698328426532989}"
regime_attribution,discrete,rank1,analytic_quad,8,,,"[32,64]",,mixed,2e-05,2e-05,feasibility/pass counts only; error/cost ratios are descriptive across matching primary schedules,3,90,"[""discrete/rank1/n8/seed3600011"",""discrete/rank1/n8/seed3600021"",""discrete/rank1/n8/seed3600031""]","[""discrete/analytic_quad/n0/seedNone""]","{""primary"":[[0.02,0.04,0.06],[0.06,0.04,0.02],[0.03,0.03,0.03,0.03],[0.04,0.08,0.12],[0.12,0.08,0.04]]}",results/frontier-full-review/learning-review.json,/regime_attribution/41,"{""track"":""discrete"",""train_count"":8,""competitor"":""analytic_quad"",""regime"":""mixed"",""paired_rows"":90,""independent_fields"":3,""error_ratio_cluster_geomean"":0.7922684149266026,""max_ratio_cluster_geomean"":0.8547666380968395,""speed_ratio_cluster_geomean"":1.0856929756336897,""error_better_rows"":10,""ours_pass_rows"":90,""other_pass_rows"":90,""both_pass_rows"":90,""ours_only_pass_rows"":0,""other_only_pass_rows"":0,""median_ours_rms"":1.8744956926863163e-07,""median_other_rms"":1.7608301435326676e-07}"
regime_attribution,discrete,rank1,analytic_quad_cubic,8,,,"[32,64]",,mixed,2e-05,2e-05,feasibility/pass counts only; error/cost ratios are descriptive across matching primary schedules,3,90,"[""discrete/rank1/n8/seed3600011"",""discrete/rank1/n8/seed3600021"",""discrete/rank1/n8/seed3600031""]","[""discrete/analytic_quad_cubic/n0/seedNone""]","{""primary"":[[0.02,0.04,0.06],[0.06,0.04,0.02],[0.03,0.03,0.03,0.03],[0.04,0.08,0.12],[0.12,0.08,0.04]]}",results/frontier-full-review/learning-review.json,/regime_attribution/42,"{""track"":""discrete"",""train_count"":8,""competitor"":""analytic_quad_cubic"",""regime"":""mixed"",""paired_rows"":90,""independent_fields"":3,""error_ratio_cluster_geomean"":0.4289665268298538,""max_ratio_cluster_geomean"":0.4295000516835214,""speed_ratio_cluster_geomean"":3.703651611286531,""error_better_rows"":22,""ours_pass_rows"":90,""other_pass_rows"":90,""both_pass_rows"":90,""ours_only_pass_rows"":0,""other_only_pass_rows"":0,""median_ours_rms"":1.8744956926863163e-07,""median_other_rms"":1.274363856811993e-07}"
regime_attribution,discrete,rank1,df,8,,,"[32,64]",,mixed,2e-05,2e-05,feasibility/pass counts only; error/cost ratios are descriptive across matching primary schedules,3,90,"[""discrete/rank1/n8/seed3600011"",""discrete/rank1/n8/seed3600021"",""discrete/rank1/n8/seed3600031""]","[""discrete/df/n0/seedNone""]","{""primary"":[[0.02,0.04,0.06],[0.06,0.04,0.02],[0.03,0.03,0.03,0.03],[0.04,0.08,0.12],[0.12,0.08,0.04]]}",results/frontier-full-review/learning-review.json,/regime_attribution/43,"{""track"":""discrete"",""train_count"":8,""competitor"":""df"",""regime"":""mixed"",""paired_rows"":90,""independent_fields"":3,""error_ratio_cluster_geomean"":2.7058034341194133,""max_ratio_cluster_geomean"":2.264588063235317,""speed_ratio_cluster_geomean"":0.15569230642753737,""error_better_rows"":57,""ours_pass_rows"":90,""other_pass_rows"":78,""both_pass_rows"":78,""ours_only_pass_rows"":12,""other_only_pass_rows"":0,""median_ours_rms"":1.8744956926863163e-07,""median_other_rms"":1.9376006124627435e-07}"
regime_attribution,discrete,rank1,etdrk4,8,,,"[32,64]",,mixed,2e-05,2e-05,feasibility/pass counts only; error/cost ratios are descriptive across matching primary schedules,3,90,"[""discrete/rank1/n8/seed3600011"",""discrete/rank1/n8/seed3600021"",""discrete/rank1/n8/seed3600031""]","[""discrete/etdrk4/n0/seedNone""]","{""primary"":[[0.02,0.04,0.06],[0.06,0.04,0.02],[0.03,0.03,0.03,0.03],[0.04,0.08,0.12],[0.12,0.08,0.04]]}",results/frontier-full-review/learning-review.json,/regime_attribution/44,"{""track"":""discrete"",""train_count"":8,""competitor"":""etdrk4"",""regime"":""mixed"",""paired_rows"":90,""independent_fields"":3,""error_ratio_cluster_geomean"":3.7298988939181568,""max_ratio_cluster_geomean"":2.43921848481887,""speed_ratio_cluster_geomean"":0.22994460508719763,""error_better_rows"":51,""ours_pass_rows"":90,""other_pass_rows"":72,""both_pass_rows"":72,""ours_only_pass_rows"":18,""other_only_pass_rows"":0,""median_ours_rms"":1.8744956926863163e-07,""median_other_rms"":1.7504398438526016e-07}"
regime_attribution,discrete,rank1,rank1_frozen,32,,,"[32,64]",,mixed,2e-05,2e-05,feasibility/pass counts only; error/cost ratios are descriptive across matching primary schedules,3,90,"[""discrete/rank1/n32/seed3600011"",""discrete/rank1/n32/seed3600021"",""discrete/rank1/n32/seed3600031""]","[""discrete/rank1_frozen/n32/seed3600011"",""discrete/rank1_frozen/n32/seed3600021"",""discrete/rank1_frozen/n32/seed3600031""]","{""primary"":[[0.02,0.04,0.06],[0.06,0.04,0.02],[0.03,0.03,0.03,0.03],[0.04,0.08,0.12],[0.12,0.08,0.04]]}",results/frontier-full-review/learning-review.json,/regime_attribution/45,"{""track"":""discrete"",""train_count"":32,""competitor"":""rank1_frozen"",""regime"":""mixed"",""paired_rows"":90,""independent_fields"":3,""error_ratio_cluster_geomean"":1.9149556502844494,""max_ratio_cluster_geomean"":1.6635710633253733,""speed_ratio_cluster_geomean"":1.0045045481993213,""error_better_rows"":65,""ours_pass_rows"":90,""other_pass_rows"":84,""both_pass_rows"":84,""ours_only_pass_rows"":6,""other_only_pass_rows"":0,""median_ours_rms"":1.8744956926863163e-07,""median_other_rms"":1.8744956926863163e-07}"
regime_attribution,discrete,rank1,rank1_postcompression,32,,,"[32,64]",,mixed,2e-05,2e-05,feasibility/pass counts only; error/cost ratios are descriptive across matching primary schedules,3,90,"[""discrete/rank1/n32/seed3600011"",""discrete/rank1/n32/seed3600021"",""discrete/rank1/n32/seed3600031""]","[""discrete/rank1_postcompression/n32/seed3600011"",""discrete/rank1_postcompression/n32/seed3600021"",""discrete/rank1_postcompression/n32/seed3600031""]","{""primary"":[[0.02,0.04,0.06],[0.06,0.04,0.02],[0.03,0.03,0.03,0.03],[0.04,0.08,0.12],[0.12,0.08,0.04]]}",results/frontier-full-review/learning-review.json,/regime_attribution/46,"{""track"":""discrete"",""train_count"":32,""competitor"":""rank1_postcompression"",""regime"":""mixed"",""paired_rows"":90,""independent_fields"":3,""error_ratio_cluster_geomean"":0.7978124544026124,""max_ratio_cluster_geomean"":0.8474665921527239,""speed_ratio_cluster_geomean"":1.0658581883219098,""error_better_rows"":20,""ours_pass_rows"":90,""other_pass_rows"":90,""both_pass_rows"":90,""ours_only_pass_rows"":0,""other_only_pass_rows"":0,""median_ours_rms"":1.8744956926863163e-07,""median_other_rms"":1.8241254262307202e-07}"
regime_attribution,discrete,rank1,fno_small,32,,,"[32,64]",,mixed,2e-05,2e-05,feasibility/pass counts only; error/cost ratios are descriptive across matching primary schedules,3,90,"[""discrete/rank1/n32/seed3600011"",""discrete/rank1/n32/seed3600021"",""discrete/rank1/n32/seed3600031""]","[""discrete/fno_small/n32/seed3600011"",""discrete/fno_small/n32/seed3600021"",""discrete/fno_small/n32/seed3600031""]","{""primary"":[[0.02,0.04,0.06],[0.06,0.04,0.02],[0.03,0.03,0.03,0.03],[0.04,0.08,0.12],[0.12,0.08,0.04]]}",results/frontier-full-review/learning-review.json,/regime_attribution/47,"{""track"":""discrete"",""train_count"":32,""competitor"":""fno_small"",""regime"":""mixed"",""paired_rows"":90,""independent_fields"":3,""error_ratio_cluster_geomean"":40.915734633208935,""max_ratio_cluster_geomean"":19.4408297546319,""speed_ratio_cluster_geomean"":0.6437290503581008,""error_better_rows"":90,""ours_pass_rows"":90,""other_pass_rows"":51,""both_pass_rows"":51,""ours_only_pass_rows"":39,""other_only_pass_rows"":0,""median_ours_rms"":1.8744956926863163e-07,""median_other_rms"":9.659830961726257e-06}"
regime_attribution,discrete,rank1,fno_standard,32,,,"[32,64]",,mixed,2e-05,2e-05,feasibility/pass counts only; error/cost ratios are descriptive across matching primary schedules,3,90,"[""discrete/rank1/n32/seed3600011"",""discrete/rank1/n32/seed3600021"",""discrete/rank1/n32/seed3600031""]","[""discrete/fno_standard/n32/seed3600011"",""discrete/fno_standard/n32/seed3600021"",""discrete/fno_standard/n32/seed3600031""]","{""primary"":[[0.02,0.04,0.06],[0.06,0.04,0.02],[0.03,0.03,0.03,0.03],[0.04,0.08,0.12],[0.12,0.08,0.04]]}",results/frontier-full-review/learning-review.json,/regime_attribution/48,"{""track"":""discrete"",""train_count"":32,""competitor"":""fno_standard"",""regime"":""mixed"",""paired_rows"":90,""independent_fields"":3,""error_ratio_cluster_geomean"":26.82021337267238,""max_ratio_cluster_geomean"":13.960769187637828,""speed_ratio_cluster_geomean"":0.9213831762640258,""error_better_rows"":90,""ours_pass_rows"":90,""other_pass_rows"":51,""both_pass_rows"":51,""ours_only_pass_rows"":39,""other_only_pass_rows"":0,""median_ours_rms"":1.8744956926863163e-07,""median_other_rms"":7.175896124680677e-06}"
regime_attribution,discrete,rank1,direct_fno,32,,,"[32,64]",,mixed,2e-05,2e-05,feasibility/pass counts only; error/cost ratios are descriptive across matching primary schedules,3,90,"[""discrete/rank1/n32/seed3600011"",""discrete/rank1/n32/seed3600021"",""discrete/rank1/n32/seed3600031""]","[""discrete/direct_fno/n32/seed3600011"",""discrete/direct_fno/n32/seed3600021"",""discrete/direct_fno/n32/seed3600031""]","{""primary"":[[0.02,0.04,0.06],[0.06,0.04,0.02],[0.03,0.03,0.03,0.03],[0.04,0.08,0.12],[0.12,0.08,0.04]]}",results/frontier-full-review/learning-review.json,/regime_attribution/49,"{""track"":""discrete"",""train_count"":32,""competitor"":""direct_fno"",""regime"":""mixed"",""paired_rows"":90,""independent_fields"":3,""error_ratio_cluster_geomean"":84485.73764378771,""max_ratio_cluster_geomean"":39593.65963723705,""speed_ratio_cluster_geomean"":0.709747401086342,""error_better_rows"":90,""ours_pass_rows"":90,""other_pass_rows"":0,""both_pass_rows"":0,""ours_only_pass_rows"":90,""other_only_pass_rows"":0,""median_ours_rms"":1.8744956926863163e-07,""median_other_rms"":0.0333878344141936}"
regime_attribution,discrete,rank1,analytic_quad,32,,,"[32,64]",,mixed,2e-05,2e-05,feasibility/pass counts only; error/cost ratios are descriptive across matching primary schedules,3,90,"[""discrete/rank1/n32/seed3600011"",""discrete/rank1/n32/seed3600021"",""discrete/rank1/n32/seed3600031""]","[""discrete/analytic_quad/n0/seedNone""]","{""primary"":[[0.02,0.04,0.06],[0.06,0.04,0.02],[0.03,0.03,0.03,0.03],[0.04,0.08,0.12],[0.12,0.08,0.04]]}",results/frontier-full-review/learning-review.json,/regime_attribution/50,"{""track"":""discrete"",""train_count"":32,""competitor"":""analytic_quad"",""regime"":""mixed"",""paired_rows"":90,""independent_fields"":3,""error_ratio_cluster_geomean"":0.7258861280253168,""max_ratio_cluster_geomean"":0.7972458494795271,""speed_ratio_cluster_geomean"":1.0833043595399625,""error_better_rows"":17,""ours_pass_rows"":90,""other_pass_rows"":90,""both_pass_rows"":90,""ours_only_pass_rows"":0,""other_only_pass_rows"":0,""median_ours_rms"":1.8744956926863163e-07,""median_other_rms"":1.7608301435326676e-07}"
regime_attribution,discrete,rank1,analytic_quad_cubic,32,,,"[32,64]",,mixed,2e-05,2e-05,feasibility/pass counts only; error/cost ratios are descriptive across matching primary schedules,3,90,"[""discrete/rank1/n32/seed3600011"",""discrete/rank1/n32/seed3600021"",""discrete/rank1/n32/seed3600031""]","[""discrete/analytic_quad_cubic/n0/seedNone""]","{""primary"":[[0.02,0.04,0.06],[0.06,0.04,0.02],[0.03,0.03,0.03,0.03],[0.04,0.08,0.12],[0.12,0.08,0.04]]}",results/frontier-full-review/learning-review.json,/regime_attribution/51,"{""track"":""discrete"",""train_count"":32,""competitor"":""analytic_quad_cubic"",""regime"":""mixed"",""paired_rows"":90,""independent_fields"":3,""error_ratio_cluster_geomean"":0.39302444139696996,""max_ratio_cluster_geomean"":0.40059721366562767,""speed_ratio_cluster_geomean"":3.695503265443993,""error_better_rows"":24,""ours_pass_rows"":90,""other_pass_rows"":90,""both_pass_rows"":90,""ours_only_pass_rows"":0,""other_only_pass_rows"":0,""median_ours_rms"":1.8744956926863163e-07,""median_other_rms"":1.274363856811993e-07}"
regime_attribution,discrete,rank1,df,32,,,"[32,64]",,mixed,2e-05,2e-05,feasibility/pass counts only; error/cost ratios are descriptive across matching primary schedules,3,90,"[""discrete/rank1/n32/seed3600011"",""discrete/rank1/n32/seed3600021"",""discrete/rank1/n32/seed3600031""]","[""discrete/df/n0/seedNone""]","{""primary"":[[0.02,0.04,0.06],[0.06,0.04,0.02],[0.03,0.03,0.03,0.03],[0.04,0.08,0.12],[0.12,0.08,0.04]]}",results/frontier-full-review/learning-review.json,/regime_attribution/52,"{""track"":""discrete"",""train_count"":32,""competitor"":""df"",""regime"":""mixed"",""paired_rows"":90,""independent_fields"":3,""error_ratio_cluster_geomean"":2.4790905973103885,""max_ratio_cluster_geomean"":2.1121945496317953,""speed_ratio_cluster_geomean"":0.1553497702251775,""error_better_rows"":57,""ours_pass_rows"":90,""other_pass_rows"":78,""both_pass_rows"":78,""ours_only_pass_rows"":12,""other_only_pass_rows"":0,""median_ours_rms"":1.8744956926863163e-07,""median_other_rms"":1.9376006124627435e-07}"
regime_attribution,discrete,rank1,etdrk4,32,,,"[32,64]",,mixed,2e-05,2e-05,feasibility/pass counts only; error/cost ratios are descriptive across matching primary schedules,3,90,"[""discrete/rank1/n32/seed3600011"",""discrete/rank1/n32/seed3600021"",""discrete/rank1/n32/seed3600031""]","[""discrete/etdrk4/n0/seedNone""]","{""primary"":[[0.02,0.04,0.06],[0.06,0.04,0.02],[0.03,0.03,0.03,0.03],[0.04,0.08,0.12],[0.12,0.08,0.04]]}",results/frontier-full-review/learning-review.json,/regime_attribution/53,"{""track"":""discrete"",""train_count"":32,""competitor"":""etdrk4"",""regime"":""mixed"",""paired_rows"":90,""independent_fields"":3,""error_ratio_cluster_geomean"":3.417379533277229,""max_ratio_cluster_geomean"":2.275073366603796,""speed_ratio_cluster_geomean"":0.2294387075667164,""error_better_rows"":51,""ours_pass_rows"":90,""other_pass_rows"":72,""both_pass_rows"":72,""ours_only_pass_rows"":18,""other_only_pass_rows"":0,""median_ours_rms"":1.8744956926863163e-07,""median_other_rms"":1.7504398438526016e-07}"
regime_attribution,continuum,rank1,rank1_frozen,8,,,"[32,64]",,mixed,2e-05,2e-05,feasibility/pass counts only; error/cost ratios are descriptive across matching primary schedules,3,90,"[""continuum/rank1/n8/seed3600011"",""continuum/rank1/n8/seed3600021"",""continuum/rank1/n8/seed3600031""]","[""continuum/rank1_frozen/n8/seed3600011"",""continuum/rank1_frozen/n8/seed3600021"",""continuum/rank1_frozen/n8/seed3600031""]","{""primary"":[[0.02,0.04,0.06],[0.06,0.04,0.02],[0.03,0.03,0.03,0.03],[0.04,0.08,0.12],[0.12,0.08,0.04]]}",results/frontier-full-review/learning-review.json,/regime_attribution/54,"{""track"":""continuum"",""train_count"":8,""competitor"":""rank1_frozen"",""regime"":""mixed"",""paired_rows"":90,""independent_fields"":3,""error_ratio_cluster_geomean"":2.1305228830767144,""max_ratio_cluster_geomean"":1.8589629568562775,""speed_ratio_cluster_geomean"":1.000351542765918,""error_better_rows"":64,""ours_pass_rows"":90,""other_pass_rows"":90,""both_pass_rows"":90,""ours_only_pass_rows"":0,""other_only_pass_rows"":0,""median_ours_rms"":1.8324641657236793e-07,""median_other_rms"":1.84376333664621e-07}"
regime_attribution,continuum,rank1,rank1_postcompression,8,,,"[32,64]",,mixed,2e-05,2e-05,feasibility/pass counts only; error/cost ratios are descriptive across matching primary schedules,3,90,"[""continuum/rank1/n8/seed3600011"",""continuum/rank1/n8/seed3600021"",""continuum/rank1/n8/seed3600031""]","[""continuum/rank1_postcompression/n8/seed3600011"",""continuum/rank1_postcompression/n8/seed3600021"",""continuum/rank1_postcompression/n8/seed3600031""]","{""primary"":[[0.02,0.04,0.06],[0.06,0.04,0.02],[0.03,0.03,0.03,0.03],[0.04,0.08,0.12],[0.12,0.08,0.04]]}",results/frontier-full-review/learning-review.json,/regime_attribution/55,"{""track"":""continuum"",""train_count"":8,""competitor"":""rank1_postcompression"",""regime"":""mixed"",""paired_rows"":90,""independent_fields"":3,""error_ratio_cluster_geomean"":1.1790308963317022,""max_ratio_cluster_geomean"":1.140194883937867,""speed_ratio_cluster_geomean"":1.0112475547410777,""error_better_rows"":50,""ours_pass_rows"":90,""other_pass_rows"":90,""both_pass_rows"":90,""ours_only_pass_rows"":0,""other_only_pass_rows"":0,""median_ours_rms"":1.8324641657236793e-07,""median_other_rms"":1.8239577143160683e-07}"
regime_attribution,continuum,rank1,fno_small,8,,,"[32,64]",,mixed,2e-05,2e-05,feasibility/pass counts only; error/cost ratios are descriptive across matching primary schedules,3,90,"[""continuum/rank1/n8/seed3600011"",""continuum/rank1/n8/seed3600021"",""continuum/rank1/n8/seed3600031""]","[""continuum/fno_small/n8/seed3600011"",""continuum/fno_small/n8/seed3600021"",""continuum/fno_small/n8/seed3600031""]","{""primary"":[[0.02,0.04,0.06],[0.06,0.04,0.02],[0.03,0.03,0.03,0.03],[0.04,0.08,0.12],[0.12,0.08,0.04]]}",results/frontier-full-review/learning-review.json,/regime_attribution/56,"{""track"":""continuum"",""train_count"":8,""competitor"":""fno_small"",""regime"":""mixed"",""paired_rows"":90,""independent_fields"":3,""error_ratio_cluster_geomean"":32.16144985303724,""max_ratio_cluster_geomean"":16.272752606374468,""speed_ratio_cluster_geomean"":0.7353174123080892,""error_better_rows"":90,""ours_pass_rows"":90,""other_pass_rows"":50,""both_pass_rows"":50,""ours_only_pass_rows"":40,""other_only_pass_rows"":0,""median_ours_rms"":1.8324641657236793e-07,""median_other_rms"":6.767976846463914e-06}"
regime_attribution,continuum,rank1,fno_standard,8,,,"[32,64]",,mixed,2e-05,2e-05,feasibility/pass counts only; error/cost ratios are descriptive across matching primary schedules,3,90,"[""continuum/rank1/n8/seed3600011"",""continuum/rank1/n8/seed3600021"",""continuum/rank1/n8/seed3600031""]","[""continuum/fno_standard/n8/seed3600011"",""continuum/fno_standard/n8/seed3600021"",""continuum/fno_standard/n8/seed3600031""]","{""primary"":[[0.02,0.04,0.06],[0.06,0.04,0.02],[0.03,0.03,0.03,0.03],[0.04,0.08,0.12],[0.12,0.08,0.04]]}",results/frontier-full-review/learning-review.json,/regime_attribution/57,"{""track"":""continuum"",""train_count"":8,""competitor"":""fno_standard"",""regime"":""mixed"",""paired_rows"":90,""independent_fields"":3,""error_ratio_cluster_geomean"":29.46147099683398,""max_ratio_cluster_geomean"":15.90778956019386,""speed_ratio_cluster_geomean"":0.7926963678406889,""error_better_rows"":90,""ours_pass_rows"":90,""other_pass_rows"":56,""both_pass_rows"":56,""ours_only_pass_rows"":34,""other_only_pass_rows"":0,""median_ours_rms"":1.8324641657236793e-07,""median_other_rms"":7.5853861024727655e-06}"
regime_attribution,continuum,rank1,direct_fno,8,,,"[32,64]",,mixed,2e-05,2e-05,feasibility/pass counts only; error/cost ratios are descriptive across matching primary schedules,3,90,"[""continuum/rank1/n8/seed3600011"",""continuum/rank1/n8/seed3600021"",""continuum/rank1/n8/seed3600031""]","[""continuum/direct_fno/n8/seed3600011"",""continuum/direct_fno/n8/seed3600021"",""continuum/direct_fno/n8/seed3600031""]","{""primary"":[[0.02,0.04,0.06],[0.06,0.04,0.02],[0.03,0.03,0.03,0.03],[0.04,0.08,0.12],[0.12,0.08,0.04]]}",results/frontier-full-review/learning-review.json,/regime_attribution/58,"{""track"":""continuum"",""train_count"":8,""competitor"":""direct_fno"",""regime"":""mixed"",""paired_rows"":90,""independent_fields"":3,""error_ratio_cluster_geomean"":83367.76130264824,""max_ratio_cluster_geomean"":44853.22756033901,""speed_ratio_cluster_geomean"":0.14236394895227275,""error_better_rows"":90,""ours_pass_rows"":90,""other_pass_rows"":0,""both_pass_rows"":0,""ours_only_pass_rows"":90,""other_only_pass_rows"":0,""median_ours_rms"":1.8324641657236793e-07,""median_other_rms"":0.03741735715026109}"
regime_attribution,continuum,rank1,analytic_quad,8,,,"[32,64]",,mixed,2e-05,2e-05,feasibility/pass counts only; error/cost ratios are descriptive across matching primary schedules,3,90,"[""continuum/rank1/n8/seed3600011"",""continuum/rank1/n8/seed3600021"",""continuum/rank1/n8/seed3600031""]","[""continuum/analytic_quad/n0/seedNone""]","{""primary"":[[0.02,0.04,0.06],[0.06,0.04,0.02],[0.03,0.03,0.03,0.03],[0.04,0.08,0.12],[0.12,0.08,0.04]]}",results/frontier-full-review/learning-review.json,/regime_attribution/59,"{""track"":""continuum"",""train_count"":8,""competitor"":""analytic_quad"",""regime"":""mixed"",""paired_rows"":90,""independent_fields"":3,""error_ratio_cluster_geomean"":0.8945233253265533,""max_ratio_cluster_geomean"":0.9103157144151167,""speed_ratio_cluster_geomean"":1.128723093450526,""error_better_rows"":15,""ours_pass_rows"":90,""other_pass_rows"":90,""both_pass_rows"":90,""ours_only_pass_rows"":0,""other_only_pass_rows"":0,""median_ours_rms"":1.8324641657236793e-07,""median_other_rms"":1.8035332613675052e-07}"
regime_attribution,continuum,rank1,analytic_quad_cubic,8,,,"[32,64]",,mixed,2e-05,2e-05,feasibility/pass counts only; error/cost ratios are descriptive across matching primary schedules,3,90,"[""continuum/rank1/n8/seed3600011"",""continuum/rank1/n8/seed3600021"",""continuum/rank1/n8/seed3600031""]","[""continuum/analytic_quad_cubic/n0/seedNone""]","{""primary"":[[0.02,0.04,0.06],[0.06,0.04,0.02],[0.03,0.03,0.03,0.03],[0.04,0.08,0.12],[0.12,0.08,0.04]]}",results/frontier-full-review/learning-review.json,/regime_attribution/60,"{""track"":""continuum"",""train_count"":8,""competitor"":""analytic_quad_cubic"",""regime"":""mixed"",""paired_rows"":90,""independent_fields"":3,""error_ratio_cluster_geomean"":0.5507788161511237,""max_ratio_cluster_geomean"":0.500960809920094,""speed_ratio_cluster_geomean"":3.626957156167618,""error_better_rows"":25,""ours_pass_rows"":90,""other_pass_rows"":90,""both_pass_rows"":90,""ours_only_pass_rows"":0,""other_only_pass_rows"":0,""median_ours_rms"":1.8324641657236793e-07,""median_other_rms"":1.3197977834014737e-07}"
regime_attribution,continuum,rank1,df,8,,,"[32,64]",,mixed,2e-05,2e-05,feasibility/pass counts only; error/cost ratios are descriptive across matching primary schedules,3,90,"[""continuum/rank1/n8/seed3600011"",""continuum/rank1/n8/seed3600021"",""continuum/rank1/n8/seed3600031""]","[""continuum/df/n0/seedNone""]","{""primary"":[[0.02,0.04,0.06],[0.06,0.04,0.02],[0.03,0.03,0.03,0.03],[0.04,0.08,0.12],[0.12,0.08,0.04]]}",results/frontier-full-review/learning-review.json,/regime_attribution/61,"{""track"":""continuum"",""train_count"":8,""competitor"":""df"",""regime"":""mixed"",""paired_rows"":90,""independent_fields"":3,""error_ratio_cluster_geomean"":2.821760180985002,""max_ratio_cluster_geomean"":2.360154005116112,""speed_ratio_cluster_geomean"":0.6309641831286268,""error_better_rows"":57,""ours_pass_rows"":90,""other_pass_rows"":78,""both_pass_rows"":78,""ours_only_pass_rows"":12,""other_only_pass_rows"":0,""median_ours_rms"":1.8324641657236793e-07,""median_other_rms"":2.0026372131249747e-07}"
regime_attribution,continuum,rank1,etdrk4,8,,,"[32,64]",,mixed,2e-05,2e-05,feasibility/pass counts only; error/cost ratios are descriptive across matching primary schedules,3,90,"[""continuum/rank1/n8/seed3600011"",""continuum/rank1/n8/seed3600021"",""continuum/rank1/n8/seed3600031""]","[""continuum/etdrk4/n0/seedNone""]","{""primary"":[[0.02,0.04,0.06],[0.06,0.04,0.02],[0.03,0.03,0.03,0.03],[0.04,0.08,0.12],[0.12,0.08,0.04]]}",results/frontier-full-review/learning-review.json,/regime_attribution/62,"{""track"":""continuum"",""train_count"":8,""competitor"":""etdrk4"",""regime"":""mixed"",""paired_rows"":90,""independent_fields"":3,""error_ratio_cluster_geomean"":3.7033633979566516,""max_ratio_cluster_geomean"":2.567898023789279,""speed_ratio_cluster_geomean"":0.19171536146504245,""error_better_rows"":48,""ours_pass_rows"":90,""other_pass_rows"":72,""both_pass_rows"":72,""ours_only_pass_rows"":18,""other_only_pass_rows"":0,""median_ours_rms"":1.8324641657236793e-07,""median_other_rms"":1.8351071012980448e-07}"
regime_attribution,continuum,rank1,rank1_frozen,32,,,"[32,64]",,mixed,2e-05,2e-05,feasibility/pass counts only; error/cost ratios are descriptive across matching primary schedules,3,90,"[""continuum/rank1/n32/seed3600011"",""continuum/rank1/n32/seed3600021"",""continuum/rank1/n32/seed3600031""]","[""continuum/rank1_frozen/n32/seed3600011"",""continuum/rank1_frozen/n32/seed3600021"",""continuum/rank1_frozen/n32/seed3600031""]","{""primary"":[[0.02,0.04,0.06],[0.06,0.04,0.02],[0.03,0.03,0.03,0.03],[0.04,0.08,0.12],[0.12,0.08,0.04]]}",results/frontier-full-review/learning-review.json,/regime_attribution/63,"{""track"":""continuum"",""train_count"":32,""competitor"":""rank1_frozen"",""regime"":""mixed"",""paired_rows"":90,""independent_fields"":3,""error_ratio_cluster_geomean"":1.7904014697943946,""max_ratio_cluster_geomean"":1.637541131218423,""speed_ratio_cluster_geomean"":0.9986779029223392,""error_better_rows"":63,""ours_pass_rows"":90,""other_pass_rows"":90,""both_pass_rows"":90,""ours_only_pass_rows"":0,""other_only_pass_rows"":0,""median_ours_rms"":1.8150601286390214e-07,""median_other_rms"":1.84376333664621e-07}"
regime_attribution,continuum,rank1,rank1_postcompression,32,,,"[32,64]",,mixed,2e-05,2e-05,feasibility/pass counts only; error/cost ratios are descriptive across matching primary schedules,3,90,"[""continuum/rank1/n32/seed3600011"",""continuum/rank1/n32/seed3600021"",""continuum/rank1/n32/seed3600031""]","[""continuum/rank1_postcompression/n32/seed3600011"",""continuum/rank1_postcompression/n32/seed3600021"",""continuum/rank1_postcompression/n32/seed3600031""]","{""primary"":[[0.02,0.04,0.06],[0.06,0.04,0.02],[0.03,0.03,0.03,0.03],[0.04,0.08,0.12],[0.12,0.08,0.04]]}",results/frontier-full-review/learning-review.json,/regime_attribution/64,"{""track"":""continuum"",""train_count"":32,""competitor"":""rank1_postcompression"",""regime"":""mixed"",""paired_rows"":90,""independent_fields"":3,""error_ratio_cluster_geomean"":0.7549629844092794,""max_ratio_cluster_geomean"":0.8093506275888303,""speed_ratio_cluster_geomean"":1.0161447405941073,""error_better_rows"":15,""ours_pass_rows"":90,""other_pass_rows"":90,""both_pass_rows"":90,""ours_only_pass_rows"":0,""other_only_pass_rows"":0,""median_ours_rms"":1.8150601286390214e-07,""median_other_rms"":1.8318817684401017e-07}"
regime_attribution,continuum,rank1,fno_small,32,,,"[32,64]",,mixed,2e-05,2e-05,feasibility/pass counts only; error/cost ratios are descriptive across matching primary schedules,3,90,"[""continuum/rank1/n32/seed3600011"",""continuum/rank1/n32/seed3600021"",""continuum/rank1/n32/seed3600031""]","[""continuum/fno_small/n32/seed3600011"",""continuum/fno_small/n32/seed3600021"",""continuum/fno_small/n32/seed3600031""]","{""primary"":[[0.02,0.04,0.06],[0.06,0.04,0.02],[0.03,0.03,0.03,0.03],[0.04,0.08,0.12],[0.12,0.08,0.04]]}",results/frontier-full-review/learning-review.json,/regime_attribution/65,"{""track"":""continuum"",""train_count"":32,""competitor"":""fno_small"",""regime"":""mixed"",""paired_rows"":90,""independent_fields"":3,""error_ratio_cluster_geomean"":17.689310320640136,""max_ratio_cluster_geomean"":10.745426237520396,""speed_ratio_cluster_geomean"":0.7358004363067095,""error_better_rows"":90,""ours_pass_rows"":90,""other_pass_rows"":59,""both_pass_rows"":59,""ours_only_pass_rows"":31,""other_only_pass_rows"":0,""median_ours_rms"":1.8150601286390214e-07,""median_other_rms"":5.611198572147377e-06}"
regime_attribution,continuum,rank1,fno_standard,32,,,"[32,64]",,mixed,2e-05,2e-05,feasibility/pass counts only; error/cost ratios are descriptive across matching primary schedules,3,90,"[""continuum/rank1/n32/seed3600011"",""continuum/rank1/n32/seed3600021"",""continuum/rank1/n32/seed3600031""]","[""continuum/fno_standard/n32/seed3600011"",""continuum/fno_standard/n32/seed3600021"",""continuum/fno_standard/n32/seed3600031""]","{""primary"":[[0.02,0.04,0.06],[0.06,0.04,0.02],[0.03,0.03,0.03,0.03],[0.04,0.08,0.12],[0.12,0.08,0.04]]}",results/frontier-full-review/learning-review.json,/regime_attribution/66,"{""track"":""continuum"",""train_count"":32,""competitor"":""fno_standard"",""regime"":""mixed"",""paired_rows"":90,""independent_fields"":3,""error_ratio_cluster_geomean"":25.60176566789787,""max_ratio_cluster_geomean"":13.804212786476796,""speed_ratio_cluster_geomean"":0.7917109216754363,""error_better_rows"":90,""ours_pass_rows"":90,""other_pass_rows"":56,""both_pass_rows"":56,""ours_only_pass_rows"":34,""other_only_pass_rows"":0,""median_ours_rms"":1.8150601286390214e-07,""median_other_rms"":8.194069041856476e-06}"
regime_attribution,continuum,rank1,direct_fno,32,,,"[32,64]",,mixed,2e-05,2e-05,feasibility/pass counts only; error/cost ratios are descriptive across matching primary schedules,3,90,"[""continuum/rank1/n32/seed3600011"",""continuum/rank1/n32/seed3600021"",""continuum/rank1/n32/seed3600031""]","[""continuum/direct_fno/n32/seed3600011"",""continuum/direct_fno/n32/seed3600021"",""continuum/direct_fno/n32/seed3600031""]","{""primary"":[[0.02,0.04,0.06],[0.06,0.04,0.02],[0.03,0.03,0.03,0.03],[0.04,0.08,0.12],[0.12,0.08,0.04]]}",results/frontier-full-review/learning-review.json,/regime_attribution/67,"{""track"":""continuum"",""train_count"":32,""competitor"":""direct_fno"",""regime"":""mixed"",""paired_rows"":90,""independent_fields"":3,""error_ratio_cluster_geomean"":69311.97340458242,""max_ratio_cluster_geomean"":37234.7865149103,""speed_ratio_cluster_geomean"":0.14267758763653546,""error_better_rows"":90,""ours_pass_rows"":90,""other_pass_rows"":0,""both_pass_rows"":0,""ours_only_pass_rows"":90,""other_only_pass_rows"":0,""median_ours_rms"":1.8150601286390214e-07,""median_other_rms"":0.031035128292963104}"
regime_attribution,continuum,rank1,analytic_quad,32,,,"[32,64]",,mixed,2e-05,2e-05,feasibility/pass counts only; error/cost ratios are descriptive across matching primary schedules,3,90,"[""continuum/rank1/n32/seed3600011"",""continuum/rank1/n32/seed3600021"",""continuum/rank1/n32/seed3600031""]","[""continuum/analytic_quad/n0/seedNone""]","{""primary"":[[0.02,0.04,0.06],[0.06,0.04,0.02],[0.03,0.03,0.03,0.03],[0.04,0.08,0.12],[0.12,0.08,0.04]]}",results/frontier-full-review/learning-review.json,/regime_attribution/68,"{""track"":""continuum"",""train_count"":32,""competitor"":""analytic_quad"",""regime"":""mixed"",""paired_rows"":90,""independent_fields"":3,""error_ratio_cluster_geomean"":0.7517196314348916,""max_ratio_cluster_geomean"":0.8018876434580221,""speed_ratio_cluster_geomean"":1.1293332158195055,""error_better_rows"":16,""ours_pass_rows"":90,""other_pass_rows"":90,""both_pass_rows"":90,""ours_only_pass_rows"":0,""other_only_pass_rows"":0,""median_ours_rms"":1.8150601286390214e-07,""median_other_rms"":1.8035332613675052e-07}"
regime_attribution,continuum,rank1,analytic_quad_cubic,32,,,"[32,64]",,mixed,2e-05,2e-05,feasibility/pass counts only; error/cost ratios are descriptive across matching primary schedules,3,90,"[""continuum/rank1/n32/seed3600011"",""continuum/rank1/n32/seed3600021"",""continuum/rank1/n32/seed3600031""]","[""continuum/analytic_quad_cubic/n0/seedNone""]","{""primary"":[[0.02,0.04,0.06],[0.06,0.04,0.02],[0.03,0.03,0.03,0.03],[0.04,0.08,0.12],[0.12,0.08,0.04]]}",results/frontier-full-review/learning-review.json,/regime_attribution/69,"{""track"":""continuum"",""train_count"":32,""competitor"":""analytic_quad_cubic"",""regime"":""mixed"",""paired_rows"":90,""independent_fields"":3,""error_ratio_cluster_geomean"":0.4628512605058375,""max_ratio_cluster_geomean"":0.4412911663177758,""speed_ratio_cluster_geomean"":3.6289176792623863,""error_better_rows"":24,""ours_pass_rows"":90,""other_pass_rows"":90,""both_pass_rows"":90,""ours_only_pass_rows"":0,""other_only_pass_rows"":0,""median_ours_rms"":1.8150601286390214e-07,""median_other_rms"":1.3197977834014737e-07}"
regime_attribution,continuum,rank1,df,32,,,"[32,64]",,mixed,2e-05,2e-05,feasibility/pass counts only; error/cost ratios are descriptive across matching primary schedules,3,90,"[""continuum/rank1/n32/seed3600011"",""continuum/rank1/n32/seed3600021"",""continuum/rank1/n32/seed3600031""]","[""continuum/df/n0/seedNone""]","{""primary"":[[0.02,0.04,0.06],[0.06,0.04,0.02],[0.03,0.03,0.03,0.03],[0.04,0.08,0.12],[0.12,0.08,0.04]]}",results/frontier-full-review/learning-review.json,/regime_attribution/70,"{""track"":""continuum"",""train_count"":32,""competitor"":""df"",""regime"":""mixed"",""paired_rows"":90,""independent_fields"":3,""error_ratio_cluster_geomean"":2.3712881075217878,""max_ratio_cluster_geomean"":2.0790351120946697,""speed_ratio_cluster_geomean"":0.6313052458431095,""error_better_rows"":57,""ours_pass_rows"":90,""other_pass_rows"":78,""both_pass_rows"":78,""ours_only_pass_rows"":12,""other_only_pass_rows"":0,""median_ours_rms"":1.8150601286390214e-07,""median_other_rms"":2.0026372131249747e-07}"
regime_attribution,continuum,rank1,etdrk4,32,,,"[32,64]",,mixed,2e-05,2e-05,feasibility/pass counts only; error/cost ratios are descriptive across matching primary schedules,3,90,"[""continuum/rank1/n32/seed3600011"",""continuum/rank1/n32/seed3600021"",""continuum/rank1/n32/seed3600031""]","[""continuum/etdrk4/n0/seedNone""]","{""primary"":[[0.02,0.04,0.06],[0.06,0.04,0.02],[0.03,0.03,0.03,0.03],[0.04,0.08,0.12],[0.12,0.08,0.04]]}",results/frontier-full-review/learning-review.json,/regime_attribution/71,"{""track"":""continuum"",""train_count"":32,""competitor"":""etdrk4"",""regime"":""mixed"",""paired_rows"":90,""independent_fields"":3,""error_ratio_cluster_geomean"":3.1121502254456685,""max_ratio_cluster_geomean"":2.262034657129832,""speed_ratio_cluster_geomean"":0.19181899169214203,""error_better_rows"":48,""ours_pass_rows"":90,""other_pass_rows"":72,""both_pass_rows"":72,""ours_only_pass_rows"":18,""other_only_pass_rows"":0,""median_ours_rms"":1.8150601286390214e-07,""median_other_rms"":1.8351071012980448e-07}"
regime_attribution,discrete,rank1,rank1_frozen,8,,,"[32,64]",,high_pair,2e-05,2e-05,feasibility/pass counts only; error/cost ratios are descriptive across matching primary schedules,3,90,"[""discrete/rank1/n8/seed3600011"",""discrete/rank1/n8/seed3600021"",""discrete/rank1/n8/seed3600031""]","[""discrete/rank1_frozen/n8/seed3600011"",""discrete/rank1_frozen/n8/seed3600021"",""discrete/rank1_frozen/n8/seed3600031""]","{""primary"":[[0.02,0.04,0.06],[0.06,0.04,0.02],[0.03,0.03,0.03,0.03],[0.04,0.08,0.12],[0.12,0.08,0.04]]}",results/frontier-full-review/learning-review.json,/regime_attribution/72,"{""track"":""discrete"",""train_count"":8,""competitor"":""rank1_frozen"",""regime"":""high_pair"",""paired_rows"":90,""independent_fields"":3,""error_ratio_cluster_geomean"":4.293033380570008,""max_ratio_cluster_geomean"":4.245693242110047,""speed_ratio_cluster_geomean"":1.0039170077726456,""error_better_rows"":90,""ours_pass_rows"":62,""other_pass_rows"":24,""both_pass_rows"":24,""ours_only_pass_rows"":38,""other_only_pass_rows"":0,""median_ours_rms"":5.130356803490581e-06,""median_other_rms"":2.5072106704156707e-05}"
regime_attribution,discrete,rank1,rank1_postcompression,8,,,"[32,64]",,high_pair,2e-05,2e-05,feasibility/pass counts only; error/cost ratios are descriptive across matching primary schedules,3,90,"[""discrete/rank1/n8/seed3600011"",""discrete/rank1/n8/seed3600021"",""discrete/rank1/n8/seed3600031""]","[""discrete/rank1_postcompression/n8/seed3600011"",""discrete/rank1_postcompression/n8/seed3600021"",""discrete/rank1_postcompression/n8/seed3600031""]","{""primary"":[[0.02,0.04,0.06],[0.06,0.04,0.02],[0.03,0.03,0.03,0.03],[0.04,0.08,0.12],[0.12,0.08,0.04]]}",results/frontier-full-review/learning-review.json,/regime_attribution/73,"{""track"":""discrete"",""train_count"":8,""competitor"":""rank1_postcompression"",""regime"":""high_pair"",""paired_rows"":90,""independent_fields"":3,""error_ratio_cluster_geomean"":7.2627493724585745,""max_ratio_cluster_geomean"":6.856066045834879,""speed_ratio_cluster_geomean"":1.0591199887076201,""error_better_rows"":90,""ours_pass_rows"":62,""other_pass_rows"":18,""both_pass_rows"":18,""ours_only_pass_rows"":44,""other_only_pass_rows"":0,""median_ours_rms"":5.130356803490581e-06,""median_other_rms"":4.7034979447650586e-05}"
regime_attribution,discrete,rank1,fno_small,8,,,"[32,64]",,high_pair,2e-05,2e-05,feasibility/pass counts only; error/cost ratios are descriptive across matching primary schedules,3,90,"[""discrete/rank1/n8/seed3600011"",""discrete/rank1/n8/seed3600021"",""discrete/rank1/n8/seed3600031""]","[""discrete/fno_small/n8/seed3600011"",""discrete/fno_small/n8/seed3600021"",""discrete/fno_small/n8/seed3600031""]","{""primary"":[[0.02,0.04,0.06],[0.06,0.04,0.02],[0.03,0.03,0.03,0.03],[0.04,0.08,0.12],[0.12,0.08,0.04]]}",results/frontier-full-review/learning-review.json,/regime_attribution/74,"{""track"":""discrete"",""train_count"":8,""competitor"":""fno_small"",""regime"":""high_pair"",""paired_rows"":90,""independent_fields"":3,""error_ratio_cluster_geomean"":9.566564565532664,""max_ratio_cluster_geomean"":7.956676282758485,""speed_ratio_cluster_geomean"":0.647498000650276,""error_better_rows"":88,""ours_pass_rows"":62,""other_pass_rows"":19,""both_pass_rows"":19,""ours_only_pass_rows"":43,""other_only_pass_rows"":0,""median_ours_rms"":5.130356803490581e-06,""median_other_rms"":5.863190171258197e-05}"
regime_attribution,discrete,rank1,fno_standard,8,,,"[32,64]",,high_pair,2e-05,2e-05,feasibility/pass counts only; error/cost ratios are descriptive across matching primary schedules,3,90,"[""discrete/rank1/n8/seed3600011"",""discrete/rank1/n8/seed3600021"",""discrete/rank1/n8/seed3600031""]","[""discrete/fno_standard/n8/seed3600011"",""discrete/fno_standard/n8/seed3600021"",""discrete/fno_standard/n8/seed3600031""]","{""primary"":[[0.02,0.04,0.06],[0.06,0.04,0.02],[0.03,0.03,0.03,0.03],[0.04,0.08,0.12],[0.12,0.08,0.04]]}",results/frontier-full-review/learning-review.json,/regime_attribution/75,"{""track"":""discrete"",""train_count"":8,""competitor"":""fno_standard"",""regime"":""high_pair"",""paired_rows"":90,""independent_fields"":3,""error_ratio_cluster_geomean"":7.475944214297289,""max_ratio_cluster_geomean"":6.72046849148285,""speed_ratio_cluster_geomean"":0.9241935371859218,""error_better_rows"":88,""ours_pass_rows"":62,""other_pass_rows"":19,""both_pass_rows"":19,""ours_only_pass_rows"":43,""other_only_pass_rows"":0,""median_ours_rms"":5.130356803490581e-06,""median_other_rms"":4.487274329943001e-05}"
regime_attribution,discrete,rank1,direct_fno,8,,,"[32,64]",,high_pair,2e-05,2e-05,feasibility/pass counts only; error/cost ratios are descriptive across matching primary schedules,3,90,"[""discrete/rank1/n8/seed3600011"",""discrete/rank1/n8/seed3600021"",""discrete/rank1/n8/seed3600031""]","[""discrete/direct_fno/n8/seed3600011"",""discrete/direct_fno/n8/seed3600021"",""discrete/direct_fno/n8/seed3600031""]","{""primary"":[[0.02,0.04,0.06],[0.06,0.04,0.02],[0.03,0.03,0.03,0.03],[0.04,0.08,0.12],[0.12,0.08,0.04]]}",results/frontier-full-review/learning-review.json,/regime_attribution/76,"{""track"":""discrete"",""train_count"":8,""competitor"":""direct_fno"",""regime"":""high_pair"",""paired_rows"":90,""independent_fields"":3,""error_ratio_cluster_geomean"":12347.513801045221,""max_ratio_cluster_geomean"":13367.344596341436,""speed_ratio_cluster_geomean"":0.7080895075588368,""error_better_rows"":90,""ours_pass_rows"":62,""other_pass_rows"":0,""both_pass_rows"":0,""ours_only_pass_rows"":62,""other_only_pass_rows"":0,""median_ours_rms"":5.130356803490581e-06,""median_other_rms"":0.06207371674556958}"
regime_attribution,discrete,rank1,analytic_quad,8,,,"[32,64]",,high_pair,2e-05,2e-05,feasibility/pass counts only; error/cost ratios are descriptive across matching primary schedules,3,90,"[""discrete/rank1/n8/seed3600011"",""discrete/rank1/n8/seed3600021"",""discrete/rank1/n8/seed3600031""]","[""discrete/analytic_quad/n0/seedNone""]","{""primary"":[[0.02,0.04,0.06],[0.06,0.04,0.02],[0.03,0.03,0.03,0.03],[0.04,0.08,0.12],[0.12,0.08,0.04]]}",results/frontier-full-review/learning-review.json,/regime_attribution/77,"{""track"":""discrete"",""train_count"":8,""competitor"":""analytic_quad"",""regime"":""high_pair"",""paired_rows"":90,""independent_fields"":3,""error_ratio_cluster_geomean"":0.06852354180155334,""max_ratio_cluster_geomean"":0.08893794087657662,""speed_ratio_cluster_geomean"":1.073386403567535,""error_better_rows"":0,""ours_pass_rows"":62,""other_pass_rows"":87,""both_pass_rows"":62,""ours_only_pass_rows"":0,""other_only_pass_rows"":25,""median_ours_rms"":5.130356803490581e-06,""median_other_rms"":2.0559703992500097e-07}"
regime_attribution,discrete,rank1,analytic_quad_cubic,8,,,"[32,64]",,high_pair,2e-05,2e-05,feasibility/pass counts only; error/cost ratios are descriptive across matching primary schedules,3,90,"[""discrete/rank1/n8/seed3600011"",""discrete/rank1/n8/seed3600021"",""discrete/rank1/n8/seed3600031""]","[""discrete/analytic_quad_cubic/n0/seedNone""]","{""primary"":[[0.02,0.04,0.06],[0.06,0.04,0.02],[0.03,0.03,0.03,0.03],[0.04,0.08,0.12],[0.12,0.08,0.04]]}",results/frontier-full-review/learning-review.json,/regime_attribution/78,"{""track"":""discrete"",""train_count"":8,""competitor"":""analytic_quad_cubic"",""regime"":""high_pair"",""paired_rows"":90,""independent_fields"":3,""error_ratio_cluster_geomean"":0.05207188430846693,""max_ratio_cluster_geomean"":0.06584543259723034,""speed_ratio_cluster_geomean"":3.695801035342827,""error_better_rows"":0,""ours_pass_rows"":62,""other_pass_rows"":87,""both_pass_rows"":62,""ours_only_pass_rows"":0,""other_only_pass_rows"":25,""median_ours_rms"":5.130356803490581e-06,""median_other_rms"":1.3507938097485614e-07}"
regime_attribution,discrete,rank1,df,8,,,"[32,64]",,high_pair,2e-05,2e-05,feasibility/pass counts only; error/cost ratios are descriptive across matching primary schedules,3,90,"[""discrete/rank1/n8/seed3600011"",""discrete/rank1/n8/seed3600021"",""discrete/rank1/n8/seed3600031""]","[""discrete/df/n0/seedNone""]","{""primary"":[[0.02,0.04,0.06],[0.06,0.04,0.02],[0.03,0.03,0.03,0.03],[0.04,0.08,0.12],[0.12,0.08,0.04]]}",results/frontier-full-review/learning-review.json,/regime_attribution/79,"{""track"":""discrete"",""train_count"":8,""competitor"":""df"",""regime"":""high_pair"",""paired_rows"":90,""independent_fields"":3,""error_ratio_cluster_geomean"":7.2523485592285795,""max_ratio_cluster_geomean"":6.821223201697772,""speed_ratio_cluster_geomean"":0.15549234695557776,""error_better_rows"":90,""ours_pass_rows"":62,""other_pass_rows"":18,""both_pass_rows"":18,""ours_only_pass_rows"":44,""other_only_pass_rows"":0,""median_ours_rms"":5.130356803490581e-06,""median_other_rms"":4.7035806698923433e-05}"
regime_attribution,discrete,rank1,etdrk4,8,,,"[32,64]",,high_pair,2e-05,2e-05,feasibility/pass counts only; error/cost ratios are descriptive across matching primary schedules,3,90,"[""discrete/rank1/n8/seed3600011"",""discrete/rank1/n8/seed3600021"",""discrete/rank1/n8/seed3600031""]","[""discrete/etdrk4/n0/seedNone""]","{""primary"":[[0.02,0.04,0.06],[0.06,0.04,0.02],[0.03,0.03,0.03,0.03],[0.04,0.08,0.12],[0.12,0.08,0.04]]}",results/frontier-full-review/learning-review.json,/regime_attribution/80,"{""track"":""discrete"",""train_count"":8,""competitor"":""etdrk4"",""regime"":""high_pair"",""paired_rows"":90,""independent_fields"":3,""error_ratio_cluster_geomean"":0.7838693506076826,""max_ratio_cluster_geomean"":0.7941608280708461,""speed_ratio_cluster_geomean"":0.22880077395610648,""error_better_rows"":40,""ours_pass_rows"":62,""other_pass_rows"":54,""both_pass_rows"":48,""ours_only_pass_rows"":14,""other_only_pass_rows"":6,""median_ours_rms"":5.130356803490581e-06,""median_other_rms"":2.2560427991156314e-06}"
regime_attribution,discrete,rank1,rank1_frozen,32,,,"[32,64]",,high_pair,2e-05,2e-05,feasibility/pass counts only; error/cost ratios are descriptive across matching primary schedules,3,90,"[""discrete/rank1/n32/seed3600011"",""discrete/rank1/n32/seed3600021"",""discrete/rank1/n32/seed3600031""]","[""discrete/rank1_frozen/n32/seed3600011"",""discrete/rank1_frozen/n32/seed3600021"",""discrete/rank1_frozen/n32/seed3600031""]","{""primary"":[[0.02,0.04,0.06],[0.06,0.04,0.02],[0.03,0.03,0.03,0.03],[0.04,0.08,0.12],[0.12,0.08,0.04]]}",results/frontier-full-review/learning-review.json,/regime_attribution/81,"{""track"":""discrete"",""train_count"":32,""competitor"":""rank1_frozen"",""regime"":""high_pair"",""paired_rows"":90,""independent_fields"":3,""error_ratio_cluster_geomean"":3.97744375094793,""max_ratio_cluster_geomean"":3.946828494322265,""speed_ratio_cluster_geomean"":0.9953919859533822,""error_better_rows"":90,""ours_pass_rows"":62,""other_pass_rows"":24,""both_pass_rows"":24,""ours_only_pass_rows"":38,""other_only_pass_rows"":0,""median_ours_rms"":5.148304179857076e-06,""median_other_rms"":2.5072106704156707e-05}"
regime_attribution,discrete,rank1,rank1_postcompression,32,,,"[32,64]",,high_pair,2e-05,2e-05,feasibility/pass counts only; error/cost ratios are descriptive across matching primary schedules,3,90,"[""discrete/rank1/n32/seed3600011"",""discrete/rank1/n32/seed3600021"",""discrete/rank1/n32/seed3600031""]","[""discrete/rank1_postcompression/n32/seed3600011"",""discrete/rank1_postcompression/n32/seed3600021"",""discrete/rank1_postcompression/n32/seed3600031""]","{""primary"":[[0.02,0.04,0.06],[0.06,0.04,0.02],[0.03,0.03,0.03,0.03],[0.04,0.08,0.12],[0.12,0.08,0.04]]}",results/frontier-full-review/learning-review.json,/regime_attribution/82,"{""track"":""discrete"",""train_count"":32,""competitor"":""rank1_postcompression"",""regime"":""high_pair"",""paired_rows"":90,""independent_fields"":3,""error_ratio_cluster_geomean"":6.728849870333611,""max_ratio_cluster_geomean"":6.373450761885048,""speed_ratio_cluster_geomean"":1.0627235851943655,""error_better_rows"":90,""ours_pass_rows"":62,""other_pass_rows"":18,""both_pass_rows"":18,""ours_only_pass_rows"":44,""other_only_pass_rows"":0,""median_ours_rms"":5.148304179857076e-06,""median_other_rms"":4.7034979447650586e-05}"
regime_attribution,discrete,rank1,fno_small,32,,,"[32,64]",,high_pair,2e-05,2e-05,feasibility/pass counts only; error/cost ratios are descriptive across matching primary schedules,3,90,"[""discrete/rank1/n32/seed3600011"",""discrete/rank1/n32/seed3600021"",""discrete/rank1/n32/seed3600031""]","[""discrete/fno_small/n32/seed3600011"",""discrete/fno_small/n32/seed3600021"",""discrete/fno_small/n32/seed3600031""]","{""primary"":[[0.02,0.04,0.06],[0.06,0.04,0.02],[0.03,0.03,0.03,0.03],[0.04,0.08,0.12],[0.12,0.08,0.04]]}",results/frontier-full-review/learning-review.json,/regime_attribution/83,"{""track"":""discrete"",""train_count"":32,""competitor"":""fno_small"",""regime"":""high_pair"",""paired_rows"":90,""independent_fields"":3,""error_ratio_cluster_geomean"":10.823751515534472,""max_ratio_cluster_geomean"":8.450265296700561,""speed_ratio_cluster_geomean"":0.6444908945739096,""error_better_rows"":89,""ours_pass_rows"":62,""other_pass_rows"":14,""both_pass_rows"":14,""ours_only_pass_rows"":48,""other_only_pass_rows"":0,""median_ours_rms"":5.148304179857076e-06,""median_other_rms"":7.510448857688264e-05}"
regime_attribution,discrete,rank1,fno_standard,32,,,"[32,64]",,high_pair,2e-05,2e-05,feasibility/pass counts only; error/cost ratios are descriptive across matching primary schedules,3,90,"[""discrete/rank1/n32/seed3600011"",""discrete/rank1/n32/seed3600021"",""discrete/rank1/n32/seed3600031""]","[""discrete/fno_standard/n32/seed3600011"",""discrete/fno_standard/n32/seed3600021"",""discrete/fno_standard/n32/seed3600031""]","{""primary"":[[0.02,0.04,0.06],[0.06,0.04,0.02],[0.03,0.03,0.03,0.03],[0.04,0.08,0.12],[0.12,0.08,0.04]]}",results/frontier-full-review/learning-review.json,/regime_attribution/84,"{""track"":""discrete"",""train_count"":32,""competitor"":""fno_standard"",""regime"":""high_pair"",""paired_rows"":90,""independent_fields"":3,""error_ratio_cluster_geomean"":7.5251945379841825,""max_ratio_cluster_geomean"":6.6017919283427995,""speed_ratio_cluster_geomean"":0.9208676222441368,""error_better_rows"":90,""ours_pass_rows"":62,""other_pass_rows"":18,""both_pass_rows"":18,""ours_only_pass_rows"":44,""other_only_pass_rows"":0,""median_ours_rms"":5.148304179857076e-06,""median_other_rms"":5.5752854543428035e-05}"
regime_attribution,discrete,rank1,direct_fno,32,,,"[32,64]",,high_pair,2e-05,2e-05,feasibility/pass counts only; error/cost ratios are descriptive across matching primary schedules,3,90,"[""discrete/rank1/n32/seed3600011"",""discrete/rank1/n32/seed3600021"",""discrete/rank1/n32/seed3600031""]","[""discrete/direct_fno/n32/seed3600011"",""discrete/direct_fno/n32/seed3600021"",""discrete/direct_fno/n32/seed3600031""]","{""primary"":[[0.02,0.04,0.06],[0.06,0.04,0.02],[0.03,0.03,0.03,0.03],[0.04,0.08,0.12],[0.12,0.08,0.04]]}",results/frontier-full-review/learning-review.json,/regime_attribution/85,"{""track"":""discrete"",""train_count"":32,""competitor"":""direct_fno"",""regime"":""high_pair"",""paired_rows"":90,""independent_fields"":3,""error_ratio_cluster_geomean"":11340.26082543907,""max_ratio_cluster_geomean"":12318.426758244303,""speed_ratio_cluster_geomean"":0.7067793515784,""error_better_rows"":90,""ours_pass_rows"":62,""other_pass_rows"":0,""both_pass_rows"":0,""ours_only_pass_rows"":62,""other_only_pass_rows"":0,""median_ours_rms"":5.148304179857076e-06,""median_other_rms"":0.06341672403632789}"
regime_attribution,discrete,rank1,analytic_quad,32,,,"[32,64]",,high_pair,2e-05,2e-05,feasibility/pass counts only; error/cost ratios are descriptive across matching primary schedules,3,90,"[""discrete/rank1/n32/seed3600011"",""discrete/rank1/n32/seed3600021"",""discrete/rank1/n32/seed3600031""]","[""discrete/analytic_quad/n0/seedNone""]","{""primary"":[[0.02,0.04,0.06],[0.06,0.04,0.02],[0.03,0.03,0.03,0.03],[0.04,0.08,0.12],[0.12,0.08,0.04]]}",results/frontier-full-review/learning-review.json,/regime_attribution/86,"{""track"":""discrete"",""train_count"":32,""competitor"":""analytic_quad"",""regime"":""high_pair"",""paired_rows"":90,""independent_fields"":3,""error_ratio_cluster_geomean"":0.06348623664678331,""max_ratio_cluster_geomean"":0.0826773813511709,""speed_ratio_cluster_geomean"":1.0720067195399952,""error_better_rows"":0,""ours_pass_rows"":62,""other_pass_rows"":87,""both_pass_rows"":62,""ours_only_pass_rows"":0,""other_only_pass_rows"":25,""median_ours_rms"":5.148304179857076e-06,""median_other_rms"":2.0559703992500097e-07}"
regime_attribution,discrete,rank1,analytic_quad_cubic,32,,,"[32,64]",,high_pair,2e-05,2e-05,feasibility/pass counts only; error/cost ratios are descriptive across matching primary schedules,3,90,"[""discrete/rank1/n32/seed3600011"",""discrete/rank1/n32/seed3600021"",""discrete/rank1/n32/seed3600031""]","[""discrete/analytic_quad_cubic/n0/seedNone""]","{""primary"":[[0.02,0.04,0.06],[0.06,0.04,0.02],[0.03,0.03,0.03,0.03],[0.04,0.08,0.12],[0.12,0.08,0.04]]}",results/frontier-full-review/learning-review.json,/regime_attribution/87,"{""track"":""discrete"",""train_count"":32,""competitor"":""analytic_quad_cubic"",""regime"":""high_pair"",""paired_rows"":90,""independent_fields"":3,""error_ratio_cluster_geomean"":0.04824397401151722,""max_ratio_cluster_geomean"":0.06121041129824254,""speed_ratio_cluster_geomean"":3.691050614021596,""error_better_rows"":0,""ours_pass_rows"":62,""other_pass_rows"":87,""both_pass_rows"":62,""ours_only_pass_rows"":0,""other_only_pass_rows"":25,""median_ours_rms"":5.148304179857076e-06,""median_other_rms"":1.3507938097485614e-07}"
regime_attribution,discrete,rank1,df,32,,,"[32,64]",,high_pair,2e-05,2e-05,feasibility/pass counts only; error/cost ratios are descriptive across matching primary schedules,3,90,"[""discrete/rank1/n32/seed3600011"",""discrete/rank1/n32/seed3600021"",""discrete/rank1/n32/seed3600031""]","[""discrete/df/n0/seedNone""]","{""primary"":[[0.02,0.04,0.06],[0.06,0.04,0.02],[0.03,0.03,0.03,0.03],[0.04,0.08,0.12],[0.12,0.08,0.04]]}",results/frontier-full-review/learning-review.json,/regime_attribution/88,"{""track"":""discrete"",""train_count"":32,""competitor"":""df"",""regime"":""high_pair"",""paired_rows"":90,""independent_fields"":3,""error_ratio_cluster_geomean"":6.719213642072809,""max_ratio_cluster_geomean"":6.341060590899635,""speed_ratio_cluster_geomean"":0.1552924838803737,""error_better_rows"":90,""ours_pass_rows"":62,""other_pass_rows"":18,""both_pass_rows"":18,""ours_only_pass_rows"":44,""other_only_pass_rows"":0,""median_ours_rms"":5.148304179857076e-06,""median_other_rms"":4.7035806698923433e-05}"
regime_attribution,discrete,rank1,etdrk4,32,,,"[32,64]",,high_pair,2e-05,2e-05,feasibility/pass counts only; error/cost ratios are descriptive across matching primary schedules,3,90,"[""discrete/rank1/n32/seed3600011"",""discrete/rank1/n32/seed3600021"",""discrete/rank1/n32/seed3600031""]","[""discrete/etdrk4/n0/seedNone""]","{""primary"":[[0.02,0.04,0.06],[0.06,0.04,0.02],[0.03,0.03,0.03,0.03],[0.04,0.08,0.12],[0.12,0.08,0.04]]}",results/frontier-full-review/learning-review.json,/regime_attribution/89,"{""track"":""discrete"",""train_count"":32,""competitor"":""etdrk4"",""regime"":""high_pair"",""paired_rows"":90,""independent_fields"":3,""error_ratio_cluster_geomean"":0.7262455177369653,""max_ratio_cluster_geomean"":0.7382579019643968,""speed_ratio_cluster_geomean"":0.22850668342890515,""error_better_rows"":38,""ours_pass_rows"":62,""other_pass_rows"":54,""both_pass_rows"":48,""ours_only_pass_rows"":14,""other_only_pass_rows"":6,""median_ours_rms"":5.148304179857076e-06,""median_other_rms"":2.2560427991156314e-06}"
regime_attribution,continuum,rank1,rank1_frozen,8,,,"[32,64]",,high_pair,2e-05,2e-05,feasibility/pass counts only; error/cost ratios are descriptive across matching primary schedules,3,90,"[""continuum/rank1/n8/seed3600011"",""continuum/rank1/n8/seed3600021"",""continuum/rank1/n8/seed3600031""]","[""continuum/rank1_frozen/n8/seed3600011"",""continuum/rank1_frozen/n8/seed3600021"",""continuum/rank1_frozen/n8/seed3600031""]","{""primary"":[[0.02,0.04,0.06],[0.06,0.04,0.02],[0.03,0.03,0.03,0.03],[0.04,0.08,0.12],[0.12,0.08,0.04]]}",results/frontier-full-review/learning-review.json,/regime_attribution/90,"{""track"":""continuum"",""train_count"":8,""competitor"":""rank1_frozen"",""regime"":""high_pair"",""paired_rows"":90,""independent_fields"":3,""error_ratio_cluster_geomean"":6.893319676339061,""max_ratio_cluster_geomean"":5.851769597546071,""speed_ratio_cluster_geomean"":1.0011543345242753,""error_better_rows"":90,""ours_pass_rows"":60,""other_pass_rows"":24,""both_pass_rows"":24,""ours_only_pass_rows"":36,""other_only_pass_rows"":0,""median_ours_rms"":1.1896430467783558e-06,""median_other_rms"":2.579483698578475e-05}"
regime_attribution,continuum,rank1,rank1_postcompression,8,,,"[32,64]",,high_pair,2e-05,2e-05,feasibility/pass counts only; error/cost ratios are descriptive across matching primary schedules,3,90,"[""continuum/rank1/n8/seed3600011"",""continuum/rank1/n8/seed3600021"",""continuum/rank1/n8/seed3600031""]","[""continuum/rank1_postcompression/n8/seed3600011"",""continuum/rank1_postcompression/n8/seed3600021"",""continuum/rank1_postcompression/n8/seed3600031""]","{""primary"":[[0.02,0.04,0.06],[0.06,0.04,0.02],[0.03,0.03,0.03,0.03],[0.04,0.08,0.12],[0.12,0.08,0.04]]}",results/frontier-full-review/learning-review.json,/regime_attribution/91,"{""track"":""continuum"",""train_count"":8,""competitor"":""rank1_postcompression"",""regime"":""high_pair"",""paired_rows"":90,""independent_fields"":3,""error_ratio_cluster_geomean"":11.786290137559444,""max_ratio_cluster_geomean"":9.707564748681493,""speed_ratio_cluster_geomean"":1.01366456566636,""error_better_rows"":90,""ours_pass_rows"":60,""other_pass_rows"":18,""both_pass_rows"":18,""ours_only_pass_rows"":42,""other_only_pass_rows"":0,""median_ours_rms"":1.1896430467783558e-06,""median_other_rms"":4.925732664713861e-05}"
regime_attribution,continuum,rank1,fno_small,8,,,"[32,64]",,high_pair,2e-05,2e-05,feasibility/pass counts only; error/cost ratios are descriptive across matching primary schedules,3,90,"[""continuum/rank1/n8/seed3600011"",""continuum/rank1/n8/seed3600021"",""continuum/rank1/n8/seed3600031""]","[""continuum/fno_small/n8/seed3600011"",""continuum/fno_small/n8/seed3600021"",""continuum/fno_small/n8/seed3600031""]","{""primary"":[[0.02,0.04,0.06],[0.06,0.04,0.02],[0.03,0.03,0.03,0.03],[0.04,0.08,0.12],[0.12,0.08,0.04]]}",results/frontier-full-review/learning-review.json,/regime_attribution/92,"{""track"":""continuum"",""train_count"":8,""competitor"":""fno_small"",""regime"":""high_pair"",""paired_rows"":90,""independent_fields"":3,""error_ratio_cluster_geomean"":11.316285126001349,""max_ratio_cluster_geomean"":9.109904433283699,""speed_ratio_cluster_geomean"":0.7342437586775911,""error_better_rows"":86,""ours_pass_rows"":60,""other_pass_rows"":19,""both_pass_rows"":19,""ours_only_pass_rows"":41,""other_only_pass_rows"":0,""median_ours_rms"":1.1896430467783558e-06,""median_other_rms"":3.9621391236884326e-05}"
regime_attribution,continuum,rank1,fno_standard,8,,,"[32,64]",,high_pair,2e-05,2e-05,feasibility/pass counts only; error/cost ratios are descriptive across matching primary schedules,3,90,"[""continuum/rank1/n8/seed3600011"",""continuum/rank1/n8/seed3600021"",""continuum/rank1/n8/seed3600031""]","[""continuum/fno_standard/n8/seed3600011"",""continuum/fno_standard/n8/seed3600021"",""continuum/fno_standard/n8/seed3600031""]","{""primary"":[[0.02,0.04,0.06],[0.06,0.04,0.02],[0.03,0.03,0.03,0.03],[0.04,0.08,0.12],[0.12,0.08,0.04]]}",results/frontier-full-review/learning-review.json,/regime_attribution/93,"{""track"":""continuum"",""train_count"":8,""competitor"":""fno_standard"",""regime"":""high_pair"",""paired_rows"":90,""independent_fields"":3,""error_ratio_cluster_geomean"":13.601531501058412,""max_ratio_cluster_geomean"":10.531572407907923,""speed_ratio_cluster_geomean"":0.7910821699972481,""error_better_rows"":86,""ours_pass_rows"":60,""other_pass_rows"":22,""both_pass_rows"":22,""ours_only_pass_rows"":38,""other_only_pass_rows"":0,""median_ours_rms"":1.1896430467783558e-06,""median_other_rms"":5.2908292681489466e-05}"
regime_attribution,continuum,rank1,direct_fno,8,,,"[32,64]",,high_pair,2e-05,2e-05,feasibility/pass counts only; error/cost ratios are descriptive across matching primary schedules,3,90,"[""continuum/rank1/n8/seed3600011"",""continuum/rank1/n8/seed3600021"",""continuum/rank1/n8/seed3600031""]","[""continuum/direct_fno/n8/seed3600011"",""continuum/direct_fno/n8/seed3600021"",""continuum/direct_fno/n8/seed3600031""]","{""primary"":[[0.02,0.04,0.06],[0.06,0.04,0.02],[0.03,0.03,0.03,0.03],[0.04,0.08,0.12],[0.12,0.08,0.04]]}",results/frontier-full-review/learning-review.json,/regime_attribution/94,"{""track"":""continuum"",""train_count"":8,""competitor"":""direct_fno"",""regime"":""high_pair"",""paired_rows"":90,""independent_fields"":3,""error_ratio_cluster_geomean"":20126.5078490792,""max_ratio_cluster_geomean"":21622.69464167541,""speed_ratio_cluster_geomean"":0.14253966386574965,""error_better_rows"":90,""ours_pass_rows"":60,""other_pass_rows"":0,""both_pass_rows"":0,""ours_only_pass_rows"":60,""other_only_pass_rows"":0,""median_ours_rms"":1.1896430467783558e-06,""median_other_rms"":0.06768852632218025}"
regime_attribution,continuum,rank1,analytic_quad,8,,,"[32,64]",,high_pair,2e-05,2e-05,feasibility/pass counts only; error/cost ratios are descriptive across matching primary schedules,3,90,"[""continuum/rank1/n8/seed3600011"",""continuum/rank1/n8/seed3600021"",""continuum/rank1/n8/seed3600031""]","[""continuum/analytic_quad/n0/seedNone""]","{""primary"":[[0.02,0.04,0.06],[0.06,0.04,0.02],[0.03,0.03,0.03,0.03],[0.04,0.08,0.12],[0.12,0.08,0.04]]}",results/frontier-full-review/learning-review.json,/regime_attribution/95,"{""track"":""continuum"",""train_count"":8,""competitor"":""analytic_quad"",""regime"":""high_pair"",""paired_rows"":90,""independent_fields"":3,""error_ratio_cluster_geomean"":0.0955052683943496,""max_ratio_cluster_geomean"":0.11808304696112931,""speed_ratio_cluster_geomean"":1.1360793899699937,""error_better_rows"":1,""ours_pass_rows"":60,""other_pass_rows"":84,""both_pass_rows"":60,""ours_only_pass_rows"":0,""other_only_pass_rows"":24,""median_ours_rms"":1.1896430467783558e-06,""median_other_rms"":2.1764198522505124e-07}"
regime_attribution,continuum,rank1,analytic_quad_cubic,8,,,"[32,64]",,high_pair,2e-05,2e-05,feasibility/pass counts only; error/cost ratios are descriptive across matching primary schedules,3,90,"[""continuum/rank1/n8/seed3600011"",""continuum/rank1/n8/seed3600021"",""continuum/rank1/n8/seed3600031""]","[""continuum/analytic_quad_cubic/n0/seedNone""]","{""primary"":[[0.02,0.04,0.06],[0.06,0.04,0.02],[0.03,0.03,0.03,0.03],[0.04,0.08,0.12],[0.12,0.08,0.04]]}",results/frontier-full-review/learning-review.json,/regime_attribution/96,"{""track"":""continuum"",""train_count"":8,""competitor"":""analytic_quad_cubic"",""regime"":""high_pair"",""paired_rows"":90,""independent_fields"":3,""error_ratio_cluster_geomean"":0.08911503193045951,""max_ratio_cluster_geomean"":0.1068636008927576,""speed_ratio_cluster_geomean"":3.619837188265479,""error_better_rows"":0,""ours_pass_rows"":60,""other_pass_rows"":84,""both_pass_rows"":60,""ours_only_pass_rows"":0,""other_only_pass_rows"":24,""median_ours_rms"":1.1896430467783558e-06,""median_other_rms"":1.9714272453012458e-07}"
regime_attribution,continuum,rank1,df,8,,,"[32,64]",,high_pair,2e-05,2e-05,feasibility/pass counts only; error/cost ratios are descriptive across matching primary schedules,3,90,"[""continuum/rank1/n8/seed3600011"",""continuum/rank1/n8/seed3600021"",""continuum/rank1/n8/seed3600031""]","[""continuum/df/n0/seedNone""]","{""primary"":[[0.02,0.04,0.06],[0.06,0.04,0.02],[0.03,0.03,0.03,0.03],[0.04,0.08,0.12],[0.12,0.08,0.04]]}",results/frontier-full-review/learning-review.json,/regime_attribution/97,"{""track"":""continuum"",""train_count"":8,""competitor"":""df"",""regime"":""high_pair"",""paired_rows"":90,""independent_fields"":3,""error_ratio_cluster_geomean"":11.782174781524834,""max_ratio_cluster_geomean"":9.677541128025034,""speed_ratio_cluster_geomean"":0.6315559964114267,""error_better_rows"":90,""ours_pass_rows"":60,""other_pass_rows"":18,""both_pass_rows"":18,""ours_only_pass_rows"":42,""other_only_pass_rows"":0,""median_ours_rms"":1.1896430467783558e-06,""median_other_rms"":4.925810990304494e-05}"
regime_attribution,continuum,rank1,etdrk4,8,,,"[32,64]",,high_pair,2e-05,2e-05,feasibility/pass counts only; error/cost ratios are descriptive across matching primary schedules,3,90,"[""continuum/rank1/n8/seed3600011"",""continuum/rank1/n8/seed3600021"",""continuum/rank1/n8/seed3600031""]","[""continuum/etdrk4/n0/seedNone""]","{""primary"":[[0.02,0.04,0.06],[0.06,0.04,0.02],[0.03,0.03,0.03,0.03],[0.04,0.08,0.12],[0.12,0.08,0.04]]}",results/frontier-full-review/learning-review.json,/regime_attribution/98,"{""track"":""continuum"",""train_count"":8,""competitor"":""etdrk4"",""regime"":""high_pair"",""paired_rows"":90,""independent_fields"":3,""error_ratio_cluster_geomean"":1.8813530137490004,""max_ratio_cluster_geomean"":1.7363868057394607,""speed_ratio_cluster_geomean"":0.19120479777160979,""error_better_rows"":58,""ours_pass_rows"":60,""other_pass_rows"":54,""both_pass_rows"":54,""ours_only_pass_rows"":6,""other_only_pass_rows"":0,""median_ours_rms"":1.1896430467783558e-06,""median_other_rms"":4.847151962518903e-06}"
regime_attribution,continuum,rank1,rank1_frozen,32,,,"[32,64]",,high_pair,2e-05,2e-05,feasibility/pass counts only; error/cost ratios are descriptive across matching primary schedules,3,90,"[""continuum/rank1/n32/seed3600011"",""continuum/rank1/n32/seed3600021"",""continuum/rank1/n32/seed3600031""]","[""continuum/rank1_frozen/n32/seed3600011"",""continuum/rank1_frozen/n32/seed3600021"",""continuum/rank1_frozen/n32/seed3600031""]","{""primary"":[[0.02,0.04,0.06],[0.06,0.04,0.02],[0.03,0.03,0.03,0.03],[0.04,0.08,0.12],[0.12,0.08,0.04]]}",results/frontier-full-review/learning-review.json,/regime_attribution/99,"{""track"":""continuum"",""train_count"":32,""competitor"":""rank1_frozen"",""regime"":""high_pair"",""paired_rows"":90,""independent_fields"":3,""error_ratio_cluster_geomean"":4.990904985784268,""max_ratio_cluster_geomean"":4.529404403252524,""speed_ratio_cluster_geomean"":1.0008070266430926,""error_better_rows"":90,""ours_pass_rows"":64,""other_pass_rows"":24,""both_pass_rows"":24,""ours_only_pass_rows"":40,""other_only_pass_rows"":0,""median_ours_rms"":2.334809329393034e-06,""median_other_rms"":2.579483698578475e-05}"
regime_attribution,continuum,rank1,rank1_postcompression,32,,,"[32,64]",,high_pair,2e-05,2e-05,feasibility/pass counts only; error/cost ratios are descriptive across matching primary schedules,3,90,"[""continuum/rank1/n32/seed3600011"",""continuum/rank1/n32/seed3600021"",""continuum/rank1/n32/seed3600031""]","[""continuum/rank1_postcompression/n32/seed3600011"",""continuum/rank1_postcompression/n32/seed3600021"",""continuum/rank1_postcompression/n32/seed3600031""]","{""primary"":[[0.02,0.04,0.06],[0.06,0.04,0.02],[0.03,0.03,0.03,0.03],[0.04,0.08,0.12],[0.12,0.08,0.04]]}",results/frontier-full-review/learning-review.json,/regime_attribution/100,"{""track"":""continuum"",""train_count"":32,""competitor"":""rank1_postcompression"",""regime"":""high_pair"",""paired_rows"":90,""independent_fields"":3,""error_ratio_cluster_geomean"":8.533516066773513,""max_ratio_cluster_geomean"":7.51387862843668,""speed_ratio_cluster_geomean"":1.0120445893092058,""error_better_rows"":90,""ours_pass_rows"":64,""other_pass_rows"":18,""both_pass_rows"":18,""ours_only_pass_rows"":46,""other_only_pass_rows"":0,""median_ours_rms"":2.334809329393034e-06,""median_other_rms"":4.925732664713861e-05}"
regime_attribution,continuum,rank1,fno_small,32,,,"[32,64]",,high_pair,2e-05,2e-05,feasibility/pass counts only; error/cost ratios are descriptive across matching primary schedules,3,90,"[""continuum/rank1/n32/seed3600011"",""continuum/rank1/n32/seed3600021"",""continuum/rank1/n32/seed3600031""]","[""continuum/fno_small/n32/seed3600011"",""continuum/fno_small/n32/seed3600021"",""continuum/fno_small/n32/seed3600031""]","{""primary"":[[0.02,0.04,0.06],[0.06,0.04,0.02],[0.03,0.03,0.03,0.03],[0.04,0.08,0.12],[0.12,0.08,0.04]]}",results/frontier-full-review/learning-review.json,/regime_attribution/101,"{""track"":""continuum"",""train_count"":32,""competitor"":""fno_small"",""regime"":""high_pair"",""paired_rows"":90,""independent_fields"":3,""error_ratio_cluster_geomean"":8.780869344482014,""max_ratio_cluster_geomean"":7.541074774196466,""speed_ratio_cluster_geomean"":0.7355387269580854,""error_better_rows"":88,""ours_pass_rows"":64,""other_pass_rows"":20,""both_pass_rows"":20,""ours_only_pass_rows"":44,""other_only_pass_rows"":0,""median_ours_rms"":2.334809329393034e-06,""median_other_rms"":7.415312835516278e-05}"
regime_attribution,continuum,rank1,fno_standard,32,,,"[32,64]",,high_pair,2e-05,2e-05,feasibility/pass counts only; error/cost ratios are descriptive across matching primary schedules,3,90,"[""continuum/rank1/n32/seed3600011"",""continuum/rank1/n32/seed3600021"",""continuum/rank1/n32/seed3600031""]","[""continuum/fno_standard/n32/seed3600011"",""continuum/fno_standard/n32/seed3600021"",""continuum/fno_standard/n32/seed3600031""]","{""primary"":[[0.02,0.04,0.06],[0.06,0.04,0.02],[0.03,0.03,0.03,0.03],[0.04,0.08,0.12],[0.12,0.08,0.04]]}",results/frontier-full-review/learning-review.json,/regime_attribution/102,"{""track"":""continuum"",""train_count"":32,""competitor"":""fno_standard"",""regime"":""high_pair"",""paired_rows"":90,""independent_fields"":3,""error_ratio_cluster_geomean"":9.850058076006036,""max_ratio_cluster_geomean"":8.202372427380524,""speed_ratio_cluster_geomean"":0.7912369621778631,""error_better_rows"":87,""ours_pass_rows"":64,""other_pass_rows"":18,""both_pass_rows"":18,""ours_only_pass_rows"":46,""other_only_pass_rows"":0,""median_ours_rms"":2.334809329393034e-06,""median_other_rms"":5.706235839016294e-05}"
regime_attribution,continuum,rank1,direct_fno,32,,,"[32,64]",,high_pair,2e-05,2e-05,feasibility/pass counts only; error/cost ratios are descriptive across matching primary schedules,3,90,"[""continuum/rank1/n32/seed3600011"",""continuum/rank1/n32/seed3600021"",""continuum/rank1/n32/seed3600031""]","[""continuum/direct_fno/n32/seed3600011"",""continuum/direct_fno/n32/seed3600021"",""continuum/direct_fno/n32/seed3600031""]","{""primary"":[[0.02,0.04,0.06],[0.06,0.04,0.02],[0.03,0.03,0.03,0.03],[0.04,0.08,0.12],[0.12,0.08,0.04]]}",results/frontier-full-review/learning-review.json,/regime_attribution/103,"{""track"":""continuum"",""train_count"":32,""competitor"":""direct_fno"",""regime"":""high_pair"",""paired_rows"":90,""independent_fields"":3,""error_ratio_cluster_geomean"":13685.29632638666,""max_ratio_cluster_geomean"":15762.171741316723,""speed_ratio_cluster_geomean"":0.1421790397377829,""error_better_rows"":90,""ours_pass_rows"":64,""other_pass_rows"":0,""both_pass_rows"":0,""ours_only_pass_rows"":64,""other_only_pass_rows"":0,""median_ours_rms"":2.334809329393034e-06,""median_other_rms"":0.06463637483995616}"
regime_attribution,continuum,rank1,analytic_quad,32,,,"[32,64]",,high_pair,2e-05,2e-05,feasibility/pass counts only; error/cost ratios are descriptive across matching primary schedules,3,90,"[""continuum/rank1/n32/seed3600011"",""continuum/rank1/n32/seed3600021"",""continuum/rank1/n32/seed3600031""]","[""continuum/analytic_quad/n0/seedNone""]","{""primary"":[[0.02,0.04,0.06],[0.06,0.04,0.02],[0.03,0.03,0.03,0.03],[0.04,0.08,0.12],[0.12,0.08,0.04]]}",results/frontier-full-review/learning-review.json,/regime_attribution/104,"{""track"":""continuum"",""train_count"":32,""competitor"":""analytic_quad"",""regime"":""high_pair"",""paired_rows"":90,""independent_fields"":3,""error_ratio_cluster_geomean"":0.069147775321392,""max_ratio_cluster_geomean"":0.0913989971648064,""speed_ratio_cluster_geomean"":1.136073526312056,""error_better_rows"":0,""ours_pass_rows"":64,""other_pass_rows"":84,""both_pass_rows"":64,""ours_only_pass_rows"":0,""other_only_pass_rows"":20,""median_ours_rms"":2.334809329393034e-06,""median_other_rms"":2.1764198522505124e-07}"
regime_attribution,continuum,rank1,analytic_quad_cubic,32,,,"[32,64]",,high_pair,2e-05,2e-05,feasibility/pass counts only; error/cost ratios are descriptive across matching primary schedules,3,90,"[""continuum/rank1/n32/seed3600011"",""continuum/rank1/n32/seed3600021"",""continuum/rank1/n32/seed3600031""]","[""continuum/analytic_quad_cubic/n0/seedNone""]","{""primary"":[[0.02,0.04,0.06],[0.06,0.04,0.02],[0.03,0.03,0.03,0.03],[0.04,0.08,0.12],[0.12,0.08,0.04]]}",results/frontier-full-review/learning-review.json,/regime_attribution/105,"{""track"":""continuum"",""train_count"":32,""competitor"":""analytic_quad_cubic"",""regime"":""high_pair"",""paired_rows"":90,""independent_fields"":3,""error_ratio_cluster_geomean"":0.06452111291119789,""max_ratio_cluster_geomean"":0.08271488758444163,""speed_ratio_cluster_geomean"":3.6198185051635337,""error_better_rows"":0,""ours_pass_rows"":64,""other_pass_rows"":84,""both_pass_rows"":64,""ours_only_pass_rows"":0,""other_only_pass_rows"":20,""median_ours_rms"":2.334809329393034e-06,""median_other_rms"":1.9714272453012458e-07}"
regime_attribution,continuum,rank1,df,32,,,"[32,64]",,high_pair,2e-05,2e-05,feasibility/pass counts only; error/cost ratios are descriptive across matching primary schedules,3,90,"[""continuum/rank1/n32/seed3600011"",""continuum/rank1/n32/seed3600021"",""continuum/rank1/n32/seed3600031""]","[""continuum/df/n0/seedNone""]","{""primary"":[[0.02,0.04,0.06],[0.06,0.04,0.02],[0.03,0.03,0.03,0.03],[0.04,0.08,0.12],[0.12,0.08,0.04]]}",results/frontier-full-review/learning-review.json,/regime_attribution/106,"{""track"":""continuum"",""train_count"":32,""competitor"":""df"",""regime"":""high_pair"",""paired_rows"":90,""independent_fields"":3,""error_ratio_cluster_geomean"":8.5305364645041,""max_ratio_cluster_geomean"":7.49063965476622,""speed_ratio_cluster_geomean"":0.6315527367551349,""error_better_rows"":90,""ours_pass_rows"":64,""other_pass_rows"":18,""both_pass_rows"":18,""ours_only_pass_rows"":46,""other_only_pass_rows"":0,""median_ours_rms"":2.334809329393034e-06,""median_other_rms"":4.925810990304494e-05}"
regime_attribution,continuum,rank1,etdrk4,32,,,"[32,64]",,high_pair,2e-05,2e-05,feasibility/pass counts only; error/cost ratios are descriptive across matching primary schedules,3,90,"[""continuum/rank1/n32/seed3600011"",""continuum/rank1/n32/seed3600021"",""continuum/rank1/n32/seed3600031""]","[""continuum/etdrk4/n0/seedNone""]","{""primary"":[[0.02,0.04,0.06],[0.06,0.04,0.02],[0.03,0.03,0.03,0.03],[0.04,0.08,0.12],[0.12,0.08,0.04]]}",results/frontier-full-review/learning-review.json,/regime_attribution/107,"{""track"":""continuum"",""train_count"":32,""competitor"":""etdrk4"",""regime"":""high_pair"",""paired_rows"":90,""independent_fields"":3,""error_ratio_cluster_geomean"":1.3621382116615908,""max_ratio_cluster_geomean"":1.3440033672829472,""speed_ratio_cluster_geomean"":0.19120381090437144,""error_better_rows"":48,""ours_pass_rows"":64,""other_pass_rows"":54,""both_pass_rows"":54,""ours_only_pass_rows"":10,""other_only_pass_rows"":0,""median_ours_rms"":2.334809329393034e-06,""median_other_rms"":4.847151962518903e-06}"
regime_attribution,discrete,rank1,rank1_frozen,8,,,"[32,64]",,rough,2e-05,2e-05,feasibility/pass counts only; error/cost ratios are descriptive across matching primary schedules,3,90,"[""discrete/rank1/n8/seed3600011"",""discrete/rank1/n8/seed3600021"",""discrete/rank1/n8/seed3600031""]","[""discrete/rank1_frozen/n8/seed3600011"",""discrete/rank1_frozen/n8/seed3600021"",""discrete/rank1_frozen/n8/seed3600031""]","{""primary"":[[0.02,0.04,0.06],[0.06,0.04,0.02],[0.03,0.03,0.03,0.03],[0.04,0.08,0.12],[0.12,0.08,0.04]]}",results/frontier-full-review/learning-review.json,/regime_attribution/108,"{""track"":""discrete"",""train_count"":8,""competitor"":""rank1_frozen"",""regime"":""rough"",""paired_rows"":90,""independent_fields"":3,""error_ratio_cluster_geomean"":6.662760016612319,""max_ratio_cluster_geomean"":4.172576091694685,""speed_ratio_cluster_geomean"":1.0065974215002254,""error_better_rows"":87,""ours_pass_rows"":90,""other_pass_rows"":72,""both_pass_rows"":72,""ours_only_pass_rows"":18,""other_only_pass_rows"":0,""median_ours_rms"":2.4737048612394595e-07,""median_other_rms"":3.8588464539004325e-06}"
regime_attribution,discrete,rank1,rank1_postcompression,8,,,"[32,64]",,rough,2e-05,2e-05,feasibility/pass counts only; error/cost ratios are descriptive across matching primary schedules,3,90,"[""discrete/rank1/n8/seed3600011"",""discrete/rank1/n8/seed3600021"",""discrete/rank1/n8/seed3600031""]","[""discrete/rank1_postcompression/n8/seed3600011"",""discrete/rank1_postcompression/n8/seed3600021"",""discrete/rank1_postcompression/n8/seed3600031""]","{""primary"":[[0.02,0.04,0.06],[0.06,0.04,0.02],[0.03,0.03,0.03,0.03],[0.04,0.08,0.12],[0.12,0.08,0.04]]}",results/frontier-full-review/learning-review.json,/regime_attribution/109,"{""track"":""discrete"",""train_count"":8,""competitor"":""rank1_postcompression"",""regime"":""rough"",""paired_rows"":90,""independent_fields"":3,""error_ratio_cluster_geomean"":9.921805124237267,""max_ratio_cluster_geomean"":5.761290348202134,""speed_ratio_cluster_geomean"":1.070097034401661,""error_better_rows"":90,""ours_pass_rows"":90,""other_pass_rows"":69,""both_pass_rows"":69,""ours_only_pass_rows"":21,""other_only_pass_rows"":0,""median_ours_rms"":2.4737048612394595e-07,""median_other_rms"":6.258166036490125e-06}"
regime_attribution,discrete,rank1,fno_small,8,,,"[32,64]",,rough,2e-05,2e-05,feasibility/pass counts only; error/cost ratios are descriptive across matching primary schedules,3,90,"[""discrete/rank1/n8/seed3600011"",""discrete/rank1/n8/seed3600021"",""discrete/rank1/n8/seed3600031""]","[""discrete/fno_small/n8/seed3600011"",""discrete/fno_small/n8/seed3600021"",""discrete/fno_small/n8/seed3600031""]","{""primary"":[[0.02,0.04,0.06],[0.06,0.04,0.02],[0.03,0.03,0.03,0.03],[0.04,0.08,0.12],[0.12,0.08,0.04]]}",results/frontier-full-review/learning-review.json,/regime_attribution/110,"{""track"":""discrete"",""train_count"":8,""competitor"":""fno_small"",""regime"":""rough"",""paired_rows"":90,""independent_fields"":3,""error_ratio_cluster_geomean"":25.47785628943141,""max_ratio_cluster_geomean"":14.429059400103844,""speed_ratio_cluster_geomean"":0.6500200035809093,""error_better_rows"":90,""ours_pass_rows"":90,""other_pass_rows"":41,""both_pass_rows"":41,""ours_only_pass_rows"":49,""other_only_pass_rows"":0,""median_ours_rms"":2.4737048612394595e-07,""median_other_rms"":1.5295992683247935e-05}"
regime_attribution,discrete,rank1,fno_standard,8,,,"[32,64]",,rough,2e-05,2e-05,feasibility/pass counts only; error/cost ratios are descriptive across matching primary schedules,3,90,"[""discrete/rank1/n8/seed3600011"",""discrete/rank1/n8/seed3600021"",""discrete/rank1/n8/seed3600031""]","[""discrete/fno_standard/n8/seed3600011"",""discrete/fno_standard/n8/seed3600021"",""discrete/fno_standard/n8/seed3600031""]","{""primary"":[[0.02,0.04,0.06],[0.06,0.04,0.02],[0.03,0.03,0.03,0.03],[0.04,0.08,0.12],[0.12,0.08,0.04]]}",results/frontier-full-review/learning-review.json,/regime_attribution/111,"{""track"":""discrete"",""train_count"":8,""competitor"":""fno_standard"",""regime"":""rough"",""paired_rows"":90,""independent_fields"":3,""error_ratio_cluster_geomean"":19.415800211583456,""max_ratio_cluster_geomean"":10.880014062565978,""speed_ratio_cluster_geomean"":0.9260639600248289,""error_better_rows"":89,""ours_pass_rows"":90,""other_pass_rows"":51,""both_pass_rows"":51,""ours_only_pass_rows"":39,""other_only_pass_rows"":0,""median_ours_rms"":2.4737048612394595e-07,""median_other_rms"":1.1167822107992894e-05}"
regime_attribution,discrete,rank1,direct_fno,8,,,"[32,64]",,rough,2e-05,2e-05,feasibility/pass counts only; error/cost ratios are descriptive across matching primary schedules,3,90,"[""discrete/rank1/n8/seed3600011"",""discrete/rank1/n8/seed3600021"",""discrete/rank1/n8/seed3600031""]","[""discrete/direct_fno/n8/seed3600011"",""discrete/direct_fno/n8/seed3600021"",""discrete/direct_fno/n8/seed3600031""]","{""primary"":[[0.02,0.04,0.06],[0.06,0.04,0.02],[0.03,0.03,0.03,0.03],[0.04,0.08,0.12],[0.12,0.08,0.04]]}",results/frontier-full-review/learning-review.json,/regime_attribution/112,"{""track"":""discrete"",""train_count"":8,""competitor"":""direct_fno"",""regime"":""rough"",""paired_rows"":90,""independent_fields"":3,""error_ratio_cluster_geomean"":69657.9405298084,""max_ratio_cluster_geomean"":50101.97687703214,""speed_ratio_cluster_geomean"":0.7081040773602489,""error_better_rows"":90,""ours_pass_rows"":90,""other_pass_rows"":0,""both_pass_rows"":0,""ours_only_pass_rows"":90,""other_only_pass_rows"":0,""median_ours_rms"":2.4737048612394595e-07,""median_other_rms"":0.028182534117325096}"
regime_attribution,discrete,rank1,analytic_quad,8,,,"[32,64]",,rough,2e-05,2e-05,feasibility/pass counts only; error/cost ratios are descriptive across matching primary schedules,3,90,"[""discrete/rank1/n8/seed3600011"",""discrete/rank1/n8/seed3600021"",""discrete/rank1/n8/seed3600031""]","[""discrete/analytic_quad/n0/seedNone""]","{""primary"":[[0.02,0.04,0.06],[0.06,0.04,0.02],[0.03,0.03,0.03,0.03],[0.04,0.08,0.12],[0.12,0.08,0.04]]}",results/frontier-full-review/learning-review.json,/regime_attribution/113,"{""track"":""discrete"",""train_count"":8,""competitor"":""analytic_quad"",""regime"":""rough"",""paired_rows"":90,""independent_fields"":3,""error_ratio_cluster_geomean"":0.5310550439526054,""max_ratio_cluster_geomean"":0.6447274978214232,""speed_ratio_cluster_geomean"":1.0664346673289797,""error_better_rows"":12,""ours_pass_rows"":90,""other_pass_rows"":90,""both_pass_rows"":90,""ours_only_pass_rows"":0,""other_only_pass_rows"":0,""median_ours_rms"":2.4737048612394595e-07,""median_other_rms"":1.5414094400125378e-07}"
regime_attribution,discrete,rank1,analytic_quad_cubic,8,,,"[32,64]",,rough,2e-05,2e-05,feasibility/pass counts only; error/cost ratios are descriptive across matching primary schedules,3,90,"[""discrete/rank1/n8/seed3600011"",""discrete/rank1/n8/seed3600021"",""discrete/rank1/n8/seed3600031""]","[""discrete/analytic_quad_cubic/n0/seedNone""]","{""primary"":[[0.02,0.04,0.06],[0.06,0.04,0.02],[0.03,0.03,0.03,0.03],[0.04,0.08,0.12],[0.12,0.08,0.04]]}",results/frontier-full-review/learning-review.json,/regime_attribution/114,"{""track"":""discrete"",""train_count"":8,""competitor"":""analytic_quad_cubic"",""regime"":""rough"",""paired_rows"":90,""independent_fields"":3,""error_ratio_cluster_geomean"":0.3102008891678721,""max_ratio_cluster_geomean"":0.3572613142092053,""speed_ratio_cluster_geomean"":3.728012523298182,""error_better_rows"":16,""ours_pass_rows"":90,""other_pass_rows"":90,""both_pass_rows"":90,""ours_only_pass_rows"":0,""other_only_pass_rows"":0,""median_ours_rms"":2.4737048612394595e-07,""median_other_rms"":1.1712521851420094e-07}"
regime_attribution,discrete,rank1,df,8,,,"[32,64]",,rough,2e-05,2e-05,feasibility/pass counts only; error/cost ratios are descriptive across matching primary schedules,3,90,"[""discrete/rank1/n8/seed3600011"",""discrete/rank1/n8/seed3600021"",""discrete/rank1/n8/seed3600031""]","[""discrete/df/n0/seedNone""]","{""primary"":[[0.02,0.04,0.06],[0.06,0.04,0.02],[0.03,0.03,0.03,0.03],[0.04,0.08,0.12],[0.12,0.08,0.04]]}",results/frontier-full-review/learning-review.json,/regime_attribution/115,"{""track"":""discrete"",""train_count"":8,""competitor"":""df"",""regime"":""rough"",""paired_rows"":90,""independent_fields"":3,""error_ratio_cluster_geomean"":11.518366290424794,""max_ratio_cluster_geomean"":6.699680544637847,""speed_ratio_cluster_geomean"":0.15413415015678905,""error_better_rows"":87,""ours_pass_rows"":90,""other_pass_rows"":54,""both_pass_rows"":54,""ours_only_pass_rows"":36,""other_only_pass_rows"":0,""median_ours_rms"":2.4737048612394595e-07,""median_other_rms"":7.496066747688596e-06}"
regime_attribution,discrete,rank1,etdrk4,8,,,"[32,64]",,rough,2e-05,2e-05,feasibility/pass counts only; error/cost ratios are descriptive across matching primary schedules,3,90,"[""discrete/rank1/n8/seed3600011"",""discrete/rank1/n8/seed3600021"",""discrete/rank1/n8/seed3600031""]","[""discrete/etdrk4/n0/seedNone""]","{""primary"":[[0.02,0.04,0.06],[0.06,0.04,0.02],[0.03,0.03,0.03,0.03],[0.04,0.08,0.12],[0.12,0.08,0.04]]}",results/frontier-full-review/learning-review.json,/regime_attribution/116,"{""track"":""discrete"",""train_count"":8,""competitor"":""etdrk4"",""regime"":""rough"",""paired_rows"":90,""independent_fields"":3,""error_ratio_cluster_geomean"":3.5286805647756494,""max_ratio_cluster_geomean"":2.6857717769394718,""speed_ratio_cluster_geomean"":0.2298068181656329,""error_better_rows"":57,""ours_pass_rows"":90,""other_pass_rows"":69,""both_pass_rows"":69,""ours_only_pass_rows"":21,""other_only_pass_rows"":0,""median_ours_rms"":2.4737048612394595e-07,""median_other_rms"":7.186231972423585e-07}"
regime_attribution,discrete,rank1,rank1_frozen,32,,,"[32,64]",,rough,2e-05,2e-05,feasibility/pass counts only; error/cost ratios are descriptive across matching primary schedules,3,90,"[""discrete/rank1/n32/seed3600011"",""discrete/rank1/n32/seed3600021"",""discrete/rank1/n32/seed3600031""]","[""discrete/rank1_frozen/n32/seed3600011"",""discrete/rank1_frozen/n32/seed3600021"",""discrete/rank1_frozen/n32/seed3600031""]","{""primary"":[[0.02,0.04,0.06],[0.06,0.04,0.02],[0.03,0.03,0.03,0.03],[0.04,0.08,0.12],[0.12,0.08,0.04]]}",results/frontier-full-review/learning-review.json,/regime_attribution/117,"{""track"":""discrete"",""train_count"":32,""competitor"":""rank1_frozen"",""regime"":""rough"",""paired_rows"":90,""independent_fields"":3,""error_ratio_cluster_geomean"":6.352161439117255,""max_ratio_cluster_geomean"":4.0681500622444675,""speed_ratio_cluster_geomean"":0.9950498338172176,""error_better_rows"":88,""ours_pass_rows"":90,""other_pass_rows"":72,""both_pass_rows"":72,""ours_only_pass_rows"":18,""other_only_pass_rows"":0,""median_ours_rms"":3.126531869056589e-07,""median_other_rms"":3.8588464539004325e-06}"
regime_attribution,discrete,rank1,rank1_postcompression,32,,,"[32,64]",,rough,2e-05,2e-05,feasibility/pass counts only; error/cost ratios are descriptive across matching primary schedules,3,90,"[""discrete/rank1/n32/seed3600011"",""discrete/rank1/n32/seed3600021"",""discrete/rank1/n32/seed3600031""]","[""discrete/rank1_postcompression/n32/seed3600011"",""discrete/rank1_postcompression/n32/seed3600021"",""discrete/rank1_postcompression/n32/seed3600031""]","{""primary"":[[0.02,0.04,0.06],[0.06,0.04,0.02],[0.03,0.03,0.03,0.03],[0.04,0.08,0.12],[0.12,0.08,0.04]]}",results/frontier-full-review/learning-review.json,/regime_attribution/118,"{""track"":""discrete"",""train_count"":32,""competitor"":""rank1_postcompression"",""regime"":""rough"",""paired_rows"":90,""independent_fields"":3,""error_ratio_cluster_geomean"":9.205633286132963,""max_ratio_cluster_geomean"":5.460702111717179,""speed_ratio_cluster_geomean"":1.0611709008361079,""error_better_rows"":89,""ours_pass_rows"":90,""other_pass_rows"":69,""both_pass_rows"":69,""ours_only_pass_rows"":21,""other_only_pass_rows"":0,""median_ours_rms"":3.126531869056589e-07,""median_other_rms"":6.153207602593835e-06}"
regime_attribution,discrete,rank1,fno_small,32,,,"[32,64]",,rough,2e-05,2e-05,feasibility/pass counts only; error/cost ratios are descriptive across matching primary schedules,3,90,"[""discrete/rank1/n32/seed3600011"",""discrete/rank1/n32/seed3600021"",""discrete/rank1/n32/seed3600031""]","[""discrete/fno_small/n32/seed3600011"",""discrete/fno_small/n32/seed3600021"",""discrete/fno_small/n32/seed3600031""]","{""primary"":[[0.02,0.04,0.06],[0.06,0.04,0.02],[0.03,0.03,0.03,0.03],[0.04,0.08,0.12],[0.12,0.08,0.04]]}",results/frontier-full-review/learning-review.json,/regime_attribution/119,"{""track"":""discrete"",""train_count"":32,""competitor"":""fno_small"",""regime"":""rough"",""paired_rows"":90,""independent_fields"":3,""error_ratio_cluster_geomean"":30.790555383515038,""max_ratio_cluster_geomean"":17.161788186700377,""speed_ratio_cluster_geomean"":0.6406463979801171,""error_better_rows"":90,""ours_pass_rows"":90,""other_pass_rows"":38,""both_pass_rows"":38,""ours_only_pass_rows"":52,""other_only_pass_rows"":0,""median_ours_rms"":3.126531869056589e-07,""median_other_rms"":1.793565444447808e-05}"
regime_attribution,discrete,rank1,fno_standard,32,,,"[32,64]",,rough,2e-05,2e-05,feasibility/pass counts only; error/cost ratios are descriptive across matching primary schedules,3,90,"[""discrete/rank1/n32/seed3600011"",""discrete/rank1/n32/seed3600021"",""discrete/rank1/n32/seed3600031""]","[""discrete/fno_standard/n32/seed3600011"",""discrete/fno_standard/n32/seed3600021"",""discrete/fno_standard/n32/seed3600031""]","{""primary"":[[0.02,0.04,0.06],[0.06,0.04,0.02],[0.03,0.03,0.03,0.03],[0.04,0.08,0.12],[0.12,0.08,0.04]]}",results/frontier-full-review/learning-review.json,/regime_attribution/120,"{""track"":""discrete"",""train_count"":32,""competitor"":""fno_standard"",""regime"":""rough"",""paired_rows"":90,""independent_fields"":3,""error_ratio_cluster_geomean"":27.43792278034198,""max_ratio_cluster_geomean"":15.311034717593522,""speed_ratio_cluster_geomean"":0.9222262075507379,""error_better_rows"":90,""ours_pass_rows"":90,""other_pass_rows"":43,""both_pass_rows"":43,""ours_only_pass_rows"":47,""other_only_pass_rows"":0,""median_ours_rms"":3.126531869056589e-07,""median_other_rms"":1.366722999275946e-05}"
regime_attribution,discrete,rank1,direct_fno,32,,,"[32,64]",,rough,2e-05,2e-05,feasibility/pass counts only; error/cost ratios are descriptive across matching primary schedules,3,90,"[""discrete/rank1/n32/seed3600011"",""discrete/rank1/n32/seed3600021"",""discrete/rank1/n32/seed3600031""]","[""discrete/direct_fno/n32/seed3600011"",""discrete/direct_fno/n32/seed3600021"",""discrete/direct_fno/n32/seed3600031""]","{""primary"":[[0.02,0.04,0.06],[0.06,0.04,0.02],[0.03,0.03,0.03,0.03],[0.04,0.08,0.12],[0.12,0.08,0.04]]}",results/frontier-full-review/learning-review.json,/regime_attribution/121,"{""track"":""discrete"",""train_count"":32,""competitor"":""direct_fno"",""regime"":""rough"",""paired_rows"":90,""independent_fields"":3,""error_ratio_cluster_geomean"":62686.58322919556,""max_ratio_cluster_geomean"":50302.27757537972,""speed_ratio_cluster_geomean"":0.7045608776938733,""error_better_rows"":90,""ours_pass_rows"":90,""other_pass_rows"":0,""both_pass_rows"":0,""ours_only_pass_rows"":90,""other_only_pass_rows"":0,""median_ours_rms"":3.126531869056589e-07,""median_other_rms"":0.028030456774849555}"
regime_attribution,discrete,rank1,analytic_quad,32,,,"[32,64]",,rough,2e-05,2e-05,feasibility/pass counts only; error/cost ratios are descriptive across matching primary schedules,3,90,"[""discrete/rank1/n32/seed3600011"",""discrete/rank1/n32/seed3600021"",""discrete/rank1/n32/seed3600031""]","[""discrete/analytic_quad/n0/seedNone""]","{""primary"":[[0.02,0.04,0.06],[0.06,0.04,0.02],[0.03,0.03,0.03,0.03],[0.04,0.08,0.12],[0.12,0.08,0.04]]}",results/frontier-full-review/learning-review.json,/regime_attribution/122,"{""track"":""discrete"",""train_count"":32,""competitor"":""analytic_quad"",""regime"":""rough"",""paired_rows"":90,""independent_fields"":3,""error_ratio_cluster_geomean"":0.5062987956693115,""max_ratio_cluster_geomean"":0.6285920622546819,""speed_ratio_cluster_geomean"":1.0568432480300403,""error_better_rows"":7,""ours_pass_rows"":90,""other_pass_rows"":90,""both_pass_rows"":90,""ours_only_pass_rows"":0,""other_only_pass_rows"":0,""median_ours_rms"":3.126531869056589e-07,""median_other_rms"":1.5414094400125378e-07}"
regime_attribution,discrete,rank1,analytic_quad_cubic,32,,,"[32,64]",,rough,2e-05,2e-05,feasibility/pass counts only; error/cost ratios are descriptive across matching primary schedules,3,90,"[""discrete/rank1/n32/seed3600011"",""discrete/rank1/n32/seed3600021"",""discrete/rank1/n32/seed3600031""]","[""discrete/analytic_quad_cubic/n0/seedNone""]","{""primary"":[[0.02,0.04,0.06],[0.06,0.04,0.02],[0.03,0.03,0.03,0.03],[0.04,0.08,0.12],[0.12,0.08,0.04]]}",results/frontier-full-review/learning-review.json,/regime_attribution/123,"{""track"":""discrete"",""train_count"":32,""competitor"":""analytic_quad_cubic"",""regime"":""rough"",""paired_rows"":90,""independent_fields"":3,""error_ratio_cluster_geomean"":0.29574022201596806,""max_ratio_cluster_geomean"":0.3483202236936141,""speed_ratio_cluster_geomean"":3.694483107612354,""error_better_rows"":11,""ours_pass_rows"":90,""other_pass_rows"":90,""both_pass_rows"":90,""ours_only_pass_rows"":0,""other_only_pass_rows"":0,""median_ours_rms"":3.126531869056589e-07,""median_other_rms"":1.1712521851420094e-07}"
regime_attribution,discrete,rank1,df,32,,,"[32,64]",,rough,2e-05,2e-05,feasibility/pass counts only; error/cost ratios are descriptive across matching primary schedules,3,90,"[""discrete/rank1/n32/seed3600011"",""discrete/rank1/n32/seed3600021"",""discrete/rank1/n32/seed3600031""]","[""discrete/df/n0/seedNone""]","{""primary"":[[0.02,0.04,0.06],[0.06,0.04,0.02],[0.03,0.03,0.03,0.03],[0.04,0.08,0.12],[0.12,0.08,0.04]]}",results/frontier-full-review/learning-review.json,/regime_attribution/124,"{""track"":""discrete"",""train_count"":32,""competitor"":""df"",""regime"":""rough"",""paired_rows"":90,""independent_fields"":3,""error_ratio_cluster_geomean"":10.981413409643709,""max_ratio_cluster_geomean"":6.532009297310815,""speed_ratio_cluster_geomean"":0.152747881210617,""error_better_rows"":87,""ours_pass_rows"":90,""other_pass_rows"":54,""both_pass_rows"":54,""ours_only_pass_rows"":36,""other_only_pass_rows"":0,""median_ours_rms"":3.126531869056589e-07,""median_other_rms"":7.496066747688596e-06}"
regime_attribution,discrete,rank1,etdrk4,32,,,"[32,64]",,rough,2e-05,2e-05,feasibility/pass counts only; error/cost ratios are descriptive across matching primary schedules,3,90,"[""discrete/rank1/n32/seed3600011"",""discrete/rank1/n32/seed3600021"",""discrete/rank1/n32/seed3600031""]","[""discrete/etdrk4/n0/seedNone""]","{""primary"":[[0.02,0.04,0.06],[0.06,0.04,0.02],[0.03,0.03,0.03,0.03],[0.04,0.08,0.12],[0.12,0.08,0.04]]}",results/frontier-full-review/learning-review.json,/regime_attribution/125,"{""track"":""discrete"",""train_count"":32,""competitor"":""etdrk4"",""regime"":""rough"",""paired_rows"":90,""independent_fields"":3,""error_ratio_cluster_geomean"":3.3641836954420516,""max_ratio_cluster_geomean"":2.6185556312031495,""speed_ratio_cluster_geomean"":0.22773995592052002,""error_better_rows"":54,""ours_pass_rows"":90,""other_pass_rows"":69,""both_pass_rows"":69,""ours_only_pass_rows"":21,""other_only_pass_rows"":0,""median_ours_rms"":3.126531869056589e-07,""median_other_rms"":7.186231972423585e-07}"
regime_attribution,continuum,rank1,rank1_frozen,8,,,"[32,64]",,rough,2e-05,2e-05,feasibility/pass counts only; error/cost ratios are descriptive across matching primary schedules,3,90,"[""continuum/rank1/n8/seed3600011"",""continuum/rank1/n8/seed3600021"",""continuum/rank1/n8/seed3600031""]","[""continuum/rank1_frozen/n8/seed3600011"",""continuum/rank1_frozen/n8/seed3600021"",""continuum/rank1_frozen/n8/seed3600031""]","{""primary"":[[0.02,0.04,0.06],[0.06,0.04,0.02],[0.03,0.03,0.03,0.03],[0.04,0.08,0.12],[0.12,0.08,0.04]]}",results/frontier-full-review/learning-review.json,/regime_attribution/126,"{""track"":""continuum"",""train_count"":8,""competitor"":""rank1_frozen"",""regime"":""rough"",""paired_rows"":90,""independent_fields"":3,""error_ratio_cluster_geomean"":4.707702689934844,""max_ratio_cluster_geomean"":3.161510568295309,""speed_ratio_cluster_geomean"":0.9982207172088868,""error_better_rows"":90,""ours_pass_rows"":90,""other_pass_rows"":72,""both_pass_rows"":72,""ours_only_pass_rows"":18,""other_only_pass_rows"":0,""median_ours_rms"":5.001603123096863e-07,""median_other_rms"":4.0689817310425e-06}"
regime_attribution,continuum,rank1,rank1_postcompression,8,,,"[32,64]",,rough,2e-05,2e-05,feasibility/pass counts only; error/cost ratios are descriptive across matching primary schedules,3,90,"[""continuum/rank1/n8/seed3600011"",""continuum/rank1/n8/seed3600021"",""continuum/rank1/n8/seed3600031""]","[""continuum/rank1_postcompression/n8/seed3600011"",""continuum/rank1_postcompression/n8/seed3600021"",""continuum/rank1_postcompression/n8/seed3600031""]","{""primary"":[[0.02,0.04,0.06],[0.06,0.04,0.02],[0.03,0.03,0.03,0.03],[0.04,0.08,0.12],[0.12,0.08,0.04]]}",results/frontier-full-review/learning-review.json,/regime_attribution/127,"{""track"":""continuum"",""train_count"":8,""competitor"":""rank1_postcompression"",""regime"":""rough"",""paired_rows"":90,""independent_fields"":3,""error_ratio_cluster_geomean"":6.820262576529769,""max_ratio_cluster_geomean"":4.0426041975695135,""speed_ratio_cluster_geomean"":1.0111153578055736,""error_better_rows"":90,""ours_pass_rows"":90,""other_pass_rows"":78,""both_pass_rows"":78,""ours_only_pass_rows"":12,""other_only_pass_rows"":0,""median_ours_rms"":5.001603123096863e-07,""median_other_rms"":6.633340126992567e-06}"
regime_attribution,continuum,rank1,fno_small,8,,,"[32,64]",,rough,2e-05,2e-05,feasibility/pass counts only; error/cost ratios are descriptive across matching primary schedules,3,90,"[""continuum/rank1/n8/seed3600011"",""continuum/rank1/n8/seed3600021"",""continuum/rank1/n8/seed3600031""]","[""continuum/fno_small/n8/seed3600011"",""continuum/fno_small/n8/seed3600021"",""continuum/fno_small/n8/seed3600031""]","{""primary"":[[0.02,0.04,0.06],[0.06,0.04,0.02],[0.03,0.03,0.03,0.03],[0.04,0.08,0.12],[0.12,0.08,0.04]]}",results/frontier-full-review/learning-review.json,/regime_attribution/128,"{""track"":""continuum"",""train_count"":8,""competitor"":""fno_small"",""regime"":""rough"",""paired_rows"":90,""independent_fields"":3,""error_ratio_cluster_geomean"":13.292745525759432,""max_ratio_cluster_geomean"":8.127924010864593,""speed_ratio_cluster_geomean"":0.7321256663367277,""error_better_rows"":89,""ours_pass_rows"":90,""other_pass_rows"":51,""both_pass_rows"":51,""ours_only_pass_rows"":39,""other_only_pass_rows"":0,""median_ours_rms"":5.001603123096863e-07,""median_other_rms"":1.2773294701251816e-05}"
regime_attribution,continuum,rank1,fno_standard,8,,,"[32,64]",,rough,2e-05,2e-05,feasibility/pass counts only; error/cost ratios are descriptive across matching primary schedules,3,90,"[""continuum/rank1/n8/seed3600011"",""continuum/rank1/n8/seed3600021"",""continuum/rank1/n8/seed3600031""]","[""continuum/fno_standard/n8/seed3600011"",""continuum/fno_standard/n8/seed3600021"",""continuum/fno_standard/n8/seed3600031""]","{""primary"":[[0.02,0.04,0.06],[0.06,0.04,0.02],[0.03,0.03,0.03,0.03],[0.04,0.08,0.12],[0.12,0.08,0.04]]}",results/frontier-full-review/learning-review.json,/regime_attribution/129,"{""track"":""continuum"",""train_count"":8,""competitor"":""fno_standard"",""regime"":""rough"",""paired_rows"":90,""independent_fields"":3,""error_ratio_cluster_geomean"":16.51619983159247,""max_ratio_cluster_geomean"":9.934982525057073,""speed_ratio_cluster_geomean"":0.7893325529473686,""error_better_rows"":90,""ours_pass_rows"":90,""other_pass_rows"":43,""both_pass_rows"":43,""ours_only_pass_rows"":47,""other_only_pass_rows"":0,""median_ours_rms"":5.001603123096863e-07,""median_other_rms"":1.422872769898576e-05}"
regime_attribution,continuum,rank1,direct_fno,8,,,"[32,64]",,rough,2e-05,2e-05,feasibility/pass counts only; error/cost ratios are descriptive across matching primary schedules,3,90,"[""continuum/rank1/n8/seed3600011"",""continuum/rank1/n8/seed3600021"",""continuum/rank1/n8/seed3600031""]","[""continuum/direct_fno/n8/seed3600011"",""continuum/direct_fno/n8/seed3600021"",""continuum/direct_fno/n8/seed3600031""]","{""primary"":[[0.02,0.04,0.06],[0.06,0.04,0.02],[0.03,0.03,0.03,0.03],[0.04,0.08,0.12],[0.12,0.08,0.04]]}",results/frontier-full-review/learning-review.json,/regime_attribution/130,"{""track"":""continuum"",""train_count"":8,""competitor"":""direct_fno"",""regime"":""rough"",""paired_rows"":90,""independent_fields"":3,""error_ratio_cluster_geomean"":41074.29364226495,""max_ratio_cluster_geomean"":36024.22627160381,""speed_ratio_cluster_geomean"":0.14263865995267033,""error_better_rows"":90,""ours_pass_rows"":90,""other_pass_rows"":0,""both_pass_rows"":0,""ours_only_pass_rows"":90,""other_only_pass_rows"":0,""median_ours_rms"":5.001603123096863e-07,""median_other_rms"":0.028378962223600836}"
regime_attribution,continuum,rank1,analytic_quad,8,,,"[32,64]",,rough,2e-05,2e-05,feasibility/pass counts only; error/cost ratios are descriptive across matching primary schedules,3,90,"[""continuum/rank1/n8/seed3600011"",""continuum/rank1/n8/seed3600021"",""continuum/rank1/n8/seed3600031""]","[""continuum/analytic_quad/n0/seedNone""]","{""primary"":[[0.02,0.04,0.06],[0.06,0.04,0.02],[0.03,0.03,0.03,0.03],[0.04,0.08,0.12],[0.12,0.08,0.04]]}",results/frontier-full-review/learning-review.json,/regime_attribution/131,"{""track"":""continuum"",""train_count"":8,""competitor"":""analytic_quad"",""regime"":""rough"",""paired_rows"":90,""independent_fields"":3,""error_ratio_cluster_geomean"":0.43845660566352906,""max_ratio_cluster_geomean"":0.5247781174140023,""speed_ratio_cluster_geomean"":1.1298715190505153,""error_better_rows"":7,""ours_pass_rows"":90,""other_pass_rows"":90,""both_pass_rows"":90,""ours_only_pass_rows"":0,""other_only_pass_rows"":0,""median_ours_rms"":5.001603123096863e-07,""median_other_rms"":3.482726092903366e-07}"
regime_attribution,continuum,rank1,analytic_quad_cubic,8,,,"[32,64]",,rough,2e-05,2e-05,feasibility/pass counts only; error/cost ratios are descriptive across matching primary schedules,3,90,"[""continuum/rank1/n8/seed3600011"",""continuum/rank1/n8/seed3600021"",""continuum/rank1/n8/seed3600031""]","[""continuum/analytic_quad_cubic/n0/seedNone""]","{""primary"":[[0.02,0.04,0.06],[0.06,0.04,0.02],[0.03,0.03,0.03,0.03],[0.04,0.08,0.12],[0.12,0.08,0.04]]}",results/frontier-full-review/learning-review.json,/regime_attribution/132,"{""track"":""continuum"",""train_count"":8,""competitor"":""analytic_quad_cubic"",""regime"":""rough"",""paired_rows"":90,""independent_fields"":3,""error_ratio_cluster_geomean"":0.28847370880776557,""max_ratio_cluster_geomean"":0.3266156401448906,""speed_ratio_cluster_geomean"":3.6333717300326045,""error_better_rows"":5,""ours_pass_rows"":90,""other_pass_rows"":90,""both_pass_rows"":90,""ours_only_pass_rows"":0,""other_only_pass_rows"":0,""median_ours_rms"":5.001603123096863e-07,""median_other_rms"":1.4788696510938953e-07}"
regime_attribution,continuum,rank1,df,8,,,"[32,64]",,rough,2e-05,2e-05,feasibility/pass counts only; error/cost ratios are descriptive across matching primary schedules,3,90,"[""continuum/rank1/n8/seed3600011"",""continuum/rank1/n8/seed3600021"",""continuum/rank1/n8/seed3600031""]","[""continuum/df/n0/seedNone""]","{""primary"":[[0.02,0.04,0.06],[0.06,0.04,0.02],[0.03,0.03,0.03,0.03],[0.04,0.08,0.12],[0.12,0.08,0.04]]}",results/frontier-full-review/learning-review.json,/regime_attribution/133,"{""track"":""continuum"",""train_count"":8,""competitor"":""df"",""regime"":""rough"",""paired_rows"":90,""independent_fields"":3,""error_ratio_cluster_geomean"":8.290421146849729,""max_ratio_cluster_geomean"":5.019893185636368,""speed_ratio_cluster_geomean"":0.6300183945413195,""error_better_rows"":90,""ours_pass_rows"":90,""other_pass_rows"":54,""both_pass_rows"":54,""ours_only_pass_rows"":36,""other_only_pass_rows"":0,""median_ours_rms"":5.001603123096863e-07,""median_other_rms"":7.84029667215102e-06}"
regime_attribution,continuum,rank1,etdrk4,8,,,"[32,64]",,rough,2e-05,2e-05,feasibility/pass counts only; error/cost ratios are descriptive across matching primary schedules,3,90,"[""continuum/rank1/n8/seed3600011"",""continuum/rank1/n8/seed3600021"",""continuum/rank1/n8/seed3600031""]","[""continuum/etdrk4/n0/seedNone""]","{""primary"":[[0.02,0.04,0.06],[0.06,0.04,0.02],[0.03,0.03,0.03,0.03],[0.04,0.08,0.12],[0.12,0.08,0.04]]}",results/frontier-full-review/learning-review.json,/regime_attribution/134,"{""track"":""continuum"",""train_count"":8,""competitor"":""etdrk4"",""regime"":""rough"",""paired_rows"":90,""independent_fields"":3,""error_ratio_cluster_geomean"":3.467110531834636,""max_ratio_cluster_geomean"":2.6764118172674722,""speed_ratio_cluster_geomean"":0.19012601790054048,""error_better_rows"":67,""ours_pass_rows"":90,""other_pass_rows"":66,""both_pass_rows"":66,""ours_only_pass_rows"":24,""other_only_pass_rows"":0,""median_ours_rms"":5.001603123096863e-07,""median_other_rms"":1.5308247316972644e-06}"
regime_attribution,continuum,rank1,rank1_frozen,32,,,"[32,64]",,rough,2e-05,2e-05,feasibility/pass counts only; error/cost ratios are descriptive across matching primary schedules,3,90,"[""continuum/rank1/n32/seed3600011"",""continuum/rank1/n32/seed3600021"",""continuum/rank1/n32/seed3600031""]","[""continuum/rank1_frozen/n32/seed3600011"",""continuum/rank1_frozen/n32/seed3600021"",""continuum/rank1_frozen/n32/seed3600031""]","{""primary"":[[0.02,0.04,0.06],[0.06,0.04,0.02],[0.03,0.03,0.03,0.03],[0.04,0.08,0.12],[0.12,0.08,0.04]]}",results/frontier-full-review/learning-review.json,/regime_attribution/135,"{""track"":""continuum"",""train_count"":32,""competitor"":""rank1_frozen"",""regime"":""rough"",""paired_rows"":90,""independent_fields"":3,""error_ratio_cluster_geomean"":4.99771181898977,""max_ratio_cluster_geomean"":3.448311434587273,""speed_ratio_cluster_geomean"":0.9998252081346125,""error_better_rows"":87,""ours_pass_rows"":90,""other_pass_rows"":72,""both_pass_rows"":72,""ours_only_pass_rows"":18,""other_only_pass_rows"":0,""median_ours_rms"":3.925308019593799e-07,""median_other_rms"":4.0689817310425e-06}"
regime_attribution,continuum,rank1,rank1_postcompression,32,,,"[32,64]",,rough,2e-05,2e-05,feasibility/pass counts only; error/cost ratios are descriptive across matching primary schedules,3,90,"[""continuum/rank1/n32/seed3600011"",""continuum/rank1/n32/seed3600021"",""continuum/rank1/n32/seed3600031""]","[""continuum/rank1_postcompression/n32/seed3600011"",""continuum/rank1_postcompression/n32/seed3600021"",""continuum/rank1_postcompression/n32/seed3600031""]","{""primary"":[[0.02,0.04,0.06],[0.06,0.04,0.02],[0.03,0.03,0.03,0.03],[0.04,0.08,0.12],[0.12,0.08,0.04]]}",results/frontier-full-review/learning-review.json,/regime_attribution/136,"{""track"":""continuum"",""train_count"":32,""competitor"":""rank1_postcompression"",""regime"":""rough"",""paired_rows"":90,""independent_fields"":3,""error_ratio_cluster_geomean"":6.9556304018076265,""max_ratio_cluster_geomean"":4.225753606860122,""speed_ratio_cluster_geomean"":1.0094668094997086,""error_better_rows"":90,""ours_pass_rows"":90,""other_pass_rows"":78,""both_pass_rows"":78,""ours_only_pass_rows"":12,""other_only_pass_rows"":0,""median_ours_rms"":3.925308019593799e-07,""median_other_rms"":6.466209045161021e-06}"
regime_attribution,continuum,rank1,fno_small,32,,,"[32,64]",,rough,2e-05,2e-05,feasibility/pass counts only; error/cost ratios are descriptive across matching primary schedules,3,90,"[""continuum/rank1/n32/seed3600011"",""continuum/rank1/n32/seed3600021"",""continuum/rank1/n32/seed3600031""]","[""continuum/fno_small/n32/seed3600011"",""continuum/fno_small/n32/seed3600021"",""continuum/fno_small/n32/seed3600031""]","{""primary"":[[0.02,0.04,0.06],[0.06,0.04,0.02],[0.03,0.03,0.03,0.03],[0.04,0.08,0.12],[0.12,0.08,0.04]]}",results/frontier-full-review/learning-review.json,/regime_attribution/137,"{""track"":""continuum"",""train_count"":32,""competitor"":""fno_small"",""regime"":""rough"",""paired_rows"":90,""independent_fields"":3,""error_ratio_cluster_geomean"":14.683517001716368,""max_ratio_cluster_geomean"":9.34782209751912,""speed_ratio_cluster_geomean"":0.7325786071559257,""error_better_rows"":88,""ours_pass_rows"":90,""other_pass_rows"":49,""both_pass_rows"":49,""ours_only_pass_rows"":41,""other_only_pass_rows"":0,""median_ours_rms"":3.925308019593799e-07,""median_other_rms"":1.1911999233454892e-05}"
regime_attribution,continuum,rank1,fno_standard,32,,,"[32,64]",,rough,2e-05,2e-05,feasibility/pass counts only; error/cost ratios are descriptive across matching primary schedules,3,90,"[""continuum/rank1/n32/seed3600011"",""continuum/rank1/n32/seed3600021"",""continuum/rank1/n32/seed3600031""]","[""continuum/fno_standard/n32/seed3600011"",""continuum/fno_standard/n32/seed3600021"",""continuum/fno_standard/n32/seed3600031""]","{""primary"":[[0.02,0.04,0.06],[0.06,0.04,0.02],[0.03,0.03,0.03,0.03],[0.04,0.08,0.12],[0.12,0.08,0.04]]}",results/frontier-full-review/learning-review.json,/regime_attribution/138,"{""track"":""continuum"",""train_count"":32,""competitor"":""fno_standard"",""regime"":""rough"",""paired_rows"":90,""independent_fields"":3,""error_ratio_cluster_geomean"":19.21066275837555,""max_ratio_cluster_geomean"":11.639814741140967,""speed_ratio_cluster_geomean"":0.7883474859272819,""error_better_rows"":90,""ours_pass_rows"":90,""other_pass_rows"":49,""both_pass_rows"":49,""ours_only_pass_rows"":41,""other_only_pass_rows"":0,""median_ours_rms"":3.925308019593799e-07,""median_other_rms"":1.2972266709077746e-05}"
regime_attribution,continuum,rank1,direct_fno,32,,,"[32,64]",,rough,2e-05,2e-05,feasibility/pass counts only; error/cost ratios are descriptive across matching primary schedules,3,90,"[""continuum/rank1/n32/seed3600011"",""continuum/rank1/n32/seed3600021"",""continuum/rank1/n32/seed3600031""]","[""continuum/direct_fno/n32/seed3600011"",""continuum/direct_fno/n32/seed3600021"",""continuum/direct_fno/n32/seed3600031""]","{""primary"":[[0.02,0.04,0.06],[0.06,0.04,0.02],[0.03,0.03,0.03,0.03],[0.04,0.08,0.12],[0.12,0.08,0.04]]}",results/frontier-full-review/learning-review.json,/regime_attribution/139,"{""track"":""continuum"",""train_count"":32,""competitor"":""direct_fno"",""regime"":""rough"",""paired_rows"":90,""independent_fields"":3,""error_ratio_cluster_geomean"":45799.77853326709,""max_ratio_cluster_geomean"":40830.93572786958,""speed_ratio_cluster_geomean"":0.1414959089631951,""error_better_rows"":90,""ours_pass_rows"":90,""other_pass_rows"":0,""both_pass_rows"":0,""ours_only_pass_rows"":90,""other_only_pass_rows"":0,""median_ours_rms"":3.925308019593799e-07,""median_other_rms"":0.0304778885552082}"
regime_attribution,continuum,rank1,analytic_quad,32,,,"[32,64]",,rough,2e-05,2e-05,feasibility/pass counts only; error/cost ratios are descriptive across matching primary schedules,3,90,"[""continuum/rank1/n32/seed3600011"",""continuum/rank1/n32/seed3600021"",""continuum/rank1/n32/seed3600031""]","[""continuum/analytic_quad/n0/seedNone""]","{""primary"":[[0.02,0.04,0.06],[0.06,0.04,0.02],[0.03,0.03,0.03,0.03],[0.04,0.08,0.12],[0.12,0.08,0.04]]}",results/frontier-full-review/learning-review.json,/regime_attribution/140,"{""track"":""continuum"",""train_count"":32,""competitor"":""analytic_quad"",""regime"":""rough"",""paired_rows"":90,""independent_fields"":3,""error_ratio_cluster_geomean"":0.4654668963959328,""max_ratio_cluster_geomean"":0.5723841005142125,""speed_ratio_cluster_geomean"":1.129517362307854,""error_better_rows"":2,""ours_pass_rows"":90,""other_pass_rows"":90,""both_pass_rows"":90,""ours_only_pass_rows"":0,""other_only_pass_rows"":0,""median_ours_rms"":3.925308019593799e-07,""median_other_rms"":3.482726092903366e-07}"
regime_attribution,continuum,rank1,analytic_quad_cubic,32,,,"[32,64]",,rough,2e-05,2e-05,feasibility/pass counts only; error/cost ratios are descriptive across matching primary schedules,3,90,"[""continuum/rank1/n32/seed3600011"",""continuum/rank1/n32/seed3600021"",""continuum/rank1/n32/seed3600031""]","[""continuum/analytic_quad_cubic/n0/seedNone""]","{""primary"":[[0.02,0.04,0.06],[0.06,0.04,0.02],[0.03,0.03,0.03,0.03],[0.04,0.08,0.12],[0.12,0.08,0.04]]}",results/frontier-full-review/learning-review.json,/regime_attribution/141,"{""track"":""continuum"",""train_count"":32,""competitor"":""analytic_quad_cubic"",""regime"":""rough"",""paired_rows"":90,""independent_fields"":3,""error_ratio_cluster_geomean"":0.306244586570597,""max_ratio_cluster_geomean"":0.35624503612966135,""speed_ratio_cluster_geomean"":3.6322328544391502,""error_better_rows"":0,""ours_pass_rows"":90,""other_pass_rows"":90,""both_pass_rows"":90,""ours_only_pass_rows"":0,""other_only_pass_rows"":0,""median_ours_rms"":3.925308019593799e-07,""median_other_rms"":1.4788696510938953e-07}"
regime_attribution,continuum,rank1,df,32,,,"[32,64]",,rough,2e-05,2e-05,feasibility/pass counts only; error/cost ratios are descriptive across matching primary schedules,3,90,"[""continuum/rank1/n32/seed3600011"",""continuum/rank1/n32/seed3600021"",""continuum/rank1/n32/seed3600031""]","[""continuum/df/n0/seedNone""]","{""primary"":[[0.02,0.04,0.06],[0.06,0.04,0.02],[0.03,0.03,0.03,0.03],[0.04,0.08,0.12],[0.12,0.08,0.04]]}",results/frontier-full-review/learning-review.json,/regime_attribution/142,"{""track"":""continuum"",""train_count"":32,""competitor"":""df"",""regime"":""rough"",""paired_rows"":90,""independent_fields"":3,""error_ratio_cluster_geomean"":8.801136876931173,""max_ratio_cluster_geomean"":5.475279838071295,""speed_ratio_cluster_geomean"":0.6298209161035808,""error_better_rows"":90,""ours_pass_rows"":90,""other_pass_rows"":54,""both_pass_rows"":54,""ours_only_pass_rows"":36,""other_only_pass_rows"":0,""median_ours_rms"":3.925308019593799e-07,""median_other_rms"":7.84029667215102e-06}"
regime_attribution,continuum,rank1,etdrk4,32,,,"[32,64]",,rough,2e-05,2e-05,feasibility/pass counts only; error/cost ratios are descriptive across matching primary schedules,3,90,"[""continuum/rank1/n32/seed3600011"",""continuum/rank1/n32/seed3600021"",""continuum/rank1/n32/seed3600031""]","[""continuum/etdrk4/n0/seedNone""]","{""primary"":[[0.02,0.04,0.06],[0.06,0.04,0.02],[0.03,0.03,0.03,0.03],[0.04,0.08,0.12],[0.12,0.08,0.04]]}",results/frontier-full-review/learning-review.json,/regime_attribution/143,"{""track"":""continuum"",""train_count"":32,""competitor"":""etdrk4"",""regime"":""rough"",""paired_rows"":90,""independent_fields"":3,""error_ratio_cluster_geomean"":3.6806953250766328,""max_ratio_cluster_geomean"":2.9192062698446937,""speed_ratio_cluster_geomean"":0.19006642315011135,""error_better_rows"":66,""ours_pass_rows"":90,""other_pass_rows"":66,""both_pass_rows"":66,""ours_only_pass_rows"":24,""other_only_pass_rows"":0,""median_ours_rms"":3.925308019593799e-07,""median_other_rms"":1.5308247316972644e-06}"
regime_attribution,discrete,rank1,rank1_frozen,8,,,"[32,64]",,near_nyquist,2e-05,2e-05,feasibility/pass counts only; error/cost ratios are descriptive across matching primary schedules,3,90,"[""discrete/rank1/n8/seed3600011"",""discrete/rank1/n8/seed3600021"",""discrete/rank1/n8/seed3600031""]","[""discrete/rank1_frozen/n8/seed3600011"",""discrete/rank1_frozen/n8/seed3600021"",""discrete/rank1_frozen/n8/seed3600031""]","{""primary"":[[0.02,0.04,0.06],[0.06,0.04,0.02],[0.03,0.03,0.03,0.03],[0.04,0.08,0.12],[0.12,0.08,0.04]]}",results/frontier-full-review/learning-review.json,/regime_attribution/144,"{""track"":""discrete"",""train_count"":8,""competitor"":""rank1_frozen"",""regime"":""near_nyquist"",""paired_rows"":90,""independent_fields"":3,""error_ratio_cluster_geomean"":8.334939056459069,""max_ratio_cluster_geomean"":6.860760428497646,""speed_ratio_cluster_geomean"":1.001085682527825,""error_better_rows"":90,""ours_pass_rows"":77,""other_pass_rows"":42,""both_pass_rows"":42,""ours_only_pass_rows"":35,""other_only_pass_rows"":0,""median_ours_rms"":1.079669412939052e-06,""median_other_rms"":2.3154361377447656e-05}"
regime_attribution,discrete,rank1,rank1_postcompression,8,,,"[32,64]",,near_nyquist,2e-05,2e-05,feasibility/pass counts only; error/cost ratios are descriptive across matching primary schedules,3,90,"[""discrete/rank1/n8/seed3600011"",""discrete/rank1/n8/seed3600021"",""discrete/rank1/n8/seed3600031""]","[""discrete/rank1_postcompression/n8/seed3600011"",""discrete/rank1_postcompression/n8/seed3600021"",""discrete/rank1_postcompression/n8/seed3600031""]","{""primary"":[[0.02,0.04,0.06],[0.06,0.04,0.02],[0.03,0.03,0.03,0.03],[0.04,0.08,0.12],[0.12,0.08,0.04]]}",results/frontier-full-review/learning-review.json,/regime_attribution/145,"{""track"":""discrete"",""train_count"":8,""competitor"":""rank1_postcompression"",""regime"":""near_nyquist"",""paired_rows"":90,""independent_fields"":3,""error_ratio_cluster_geomean"":14.968878893889858,""max_ratio_cluster_geomean"":12.039022327520076,""speed_ratio_cluster_geomean"":1.0659846846626724,""error_better_rows"":90,""ours_pass_rows"":77,""other_pass_rows"":24,""both_pass_rows"":24,""ours_only_pass_rows"":53,""other_only_pass_rows"":0,""median_ours_rms"":1.079669412939052e-06,""median_other_rms"":3.48445705147855e-05}"
regime_attribution,discrete,rank1,fno_small,8,,,"[32,64]",,near_nyquist,2e-05,2e-05,feasibility/pass counts only; error/cost ratios are descriptive across matching primary schedules,3,90,"[""discrete/rank1/n8/seed3600011"",""discrete/rank1/n8/seed3600021"",""discrete/rank1/n8/seed3600031""]","[""discrete/fno_small/n8/seed3600011"",""discrete/fno_small/n8/seed3600021"",""discrete/fno_small/n8/seed3600031""]","{""primary"":[[0.02,0.04,0.06],[0.06,0.04,0.02],[0.03,0.03,0.03,0.03],[0.04,0.08,0.12],[0.12,0.08,0.04]]}",results/frontier-full-review/learning-review.json,/regime_attribution/146,"{""track"":""discrete"",""train_count"":8,""competitor"":""fno_small"",""regime"":""near_nyquist"",""paired_rows"":90,""independent_fields"":3,""error_ratio_cluster_geomean"":17.122567835846922,""max_ratio_cluster_geomean"":13.412144321425346,""speed_ratio_cluster_geomean"":0.650298837439803,""error_better_rows"":87,""ours_pass_rows"":77,""other_pass_rows"":29,""both_pass_rows"":28,""ours_only_pass_rows"":49,""other_only_pass_rows"":1,""median_ours_rms"":1.079669412939052e-06,""median_other_rms"":3.4981715163480054e-05}"
regime_attribution,discrete,rank1,fno_standard,8,,,"[32,64]",,near_nyquist,2e-05,2e-05,feasibility/pass counts only; error/cost ratios are descriptive across matching primary schedules,3,90,"[""discrete/rank1/n8/seed3600011"",""discrete/rank1/n8/seed3600021"",""discrete/rank1/n8/seed3600031""]","[""discrete/fno_standard/n8/seed3600011"",""discrete/fno_standard/n8/seed3600021"",""discrete/fno_standard/n8/seed3600031""]","{""primary"":[[0.02,0.04,0.06],[0.06,0.04,0.02],[0.03,0.03,0.03,0.03],[0.04,0.08,0.12],[0.12,0.08,0.04]]}",results/frontier-full-review/learning-review.json,/regime_attribution/147,"{""track"":""discrete"",""train_count"":8,""competitor"":""fno_standard"",""regime"":""near_nyquist"",""paired_rows"":90,""independent_fields"":3,""error_ratio_cluster_geomean"":14.639528986172625,""max_ratio_cluster_geomean"":11.806776508260596,""speed_ratio_cluster_geomean"":0.9272520742485223,""error_better_rows"":86,""ours_pass_rows"":77,""other_pass_rows"":24,""both_pass_rows"":22,""ours_only_pass_rows"":55,""other_only_pass_rows"":2,""median_ours_rms"":1.079669412939052e-06,""median_other_rms"":3.405859293324694e-05}"
regime_attribution,discrete,rank1,direct_fno,8,,,"[32,64]",,near_nyquist,2e-05,2e-05,feasibility/pass counts only; error/cost ratios are descriptive across matching primary schedules,3,90,"[""discrete/rank1/n8/seed3600011"",""discrete/rank1/n8/seed3600021"",""discrete/rank1/n8/seed3600031""]","[""discrete/direct_fno/n8/seed3600011"",""discrete/direct_fno/n8/seed3600021"",""discrete/direct_fno/n8/seed3600031""]","{""primary"":[[0.02,0.04,0.06],[0.06,0.04,0.02],[0.03,0.03,0.03,0.03],[0.04,0.08,0.12],[0.12,0.08,0.04]]}",results/frontier-full-review/learning-review.json,/regime_attribution/148,"{""track"":""discrete"",""train_count"":8,""competitor"":""direct_fno"",""regime"":""near_nyquist"",""paired_rows"":90,""independent_fields"":3,""error_ratio_cluster_geomean"":46394.40867964933,""max_ratio_cluster_geomean"":60005.72773536998,""speed_ratio_cluster_geomean"":0.7137695431396966,""error_better_rows"":90,""ours_pass_rows"":77,""other_pass_rows"":0,""both_pass_rows"":0,""ours_only_pass_rows"":77,""other_only_pass_rows"":0,""median_ours_rms"":1.079669412939052e-06,""median_other_rms"":0.06584025892123108}"
regime_attribution,discrete,rank1,analytic_quad,8,,,"[32,64]",,near_nyquist,2e-05,2e-05,feasibility/pass counts only; error/cost ratios are descriptive across matching primary schedules,3,90,"[""discrete/rank1/n8/seed3600011"",""discrete/rank1/n8/seed3600021"",""discrete/rank1/n8/seed3600031""]","[""discrete/analytic_quad/n0/seedNone""]","{""primary"":[[0.02,0.04,0.06],[0.06,0.04,0.02],[0.03,0.03,0.03,0.03],[0.04,0.08,0.12],[0.12,0.08,0.04]]}",results/frontier-full-review/learning-review.json,/regime_attribution/149,"{""track"":""discrete"",""train_count"":8,""competitor"":""analytic_quad"",""regime"":""near_nyquist"",""paired_rows"":90,""independent_fields"":3,""error_ratio_cluster_geomean"":0.1130689709798487,""max_ratio_cluster_geomean"":0.17365424887783384,""speed_ratio_cluster_geomean"":1.083049806527136,""error_better_rows"":5,""ours_pass_rows"":77,""other_pass_rows"":90,""both_pass_rows"":77,""ours_only_pass_rows"":0,""other_only_pass_rows"":13,""median_ours_rms"":1.079669412939052e-06,""median_other_rms"":1.2708866181450116e-07}"
regime_attribution,discrete,rank1,analytic_quad_cubic,8,,,"[32,64]",,near_nyquist,2e-05,2e-05,feasibility/pass counts only; error/cost ratios are descriptive across matching primary schedules,3,90,"[""discrete/rank1/n8/seed3600011"",""discrete/rank1/n8/seed3600021"",""discrete/rank1/n8/seed3600031""]","[""discrete/analytic_quad_cubic/n0/seedNone""]","{""primary"":[[0.02,0.04,0.06],[0.06,0.04,0.02],[0.03,0.03,0.03,0.03],[0.04,0.08,0.12],[0.12,0.08,0.04]]}",results/frontier-full-review/learning-review.json,/regime_attribution/150,"{""track"":""discrete"",""train_count"":8,""competitor"":""analytic_quad_cubic"",""regime"":""near_nyquist"",""paired_rows"":90,""independent_fields"":3,""error_ratio_cluster_geomean"":0.09448612663203441,""max_ratio_cluster_geomean"":0.13935154676655848,""speed_ratio_cluster_geomean"":3.7131394949167467,""error_better_rows"":4,""ours_pass_rows"":77,""other_pass_rows"":90,""both_pass_rows"":77,""ours_only_pass_rows"":0,""other_only_pass_rows"":13,""median_ours_rms"":1.079669412939052e-06,""median_other_rms"":1.0453472545805158e-07}"
regime_attribution,discrete,rank1,df,8,,,"[32,64]",,near_nyquist,2e-05,2e-05,feasibility/pass counts only; error/cost ratios are descriptive across matching primary schedules,3,90,"[""discrete/rank1/n8/seed3600011"",""discrete/rank1/n8/seed3600021"",""discrete/rank1/n8/seed3600031""]","[""discrete/df/n0/seedNone""]","{""primary"":[[0.02,0.04,0.06],[0.06,0.04,0.02],[0.03,0.03,0.03,0.03],[0.04,0.08,0.12],[0.12,0.08,0.04]]}",results/frontier-full-review/learning-review.json,/regime_attribution/151,"{""track"":""discrete"",""train_count"":8,""competitor"":""df"",""regime"":""near_nyquist"",""paired_rows"":90,""independent_fields"":3,""error_ratio_cluster_geomean"":14.95767007119203,""max_ratio_cluster_geomean"":11.942954228135418,""speed_ratio_cluster_geomean"":0.1561185464273897,""error_better_rows"":90,""ours_pass_rows"":77,""other_pass_rows"":24,""both_pass_rows"":24,""ours_only_pass_rows"":53,""other_only_pass_rows"":0,""median_ours_rms"":1.079669412939052e-06,""median_other_rms"":3.48445705147855e-05}"
regime_attribution,discrete,rank1,etdrk4,8,,,"[32,64]",,near_nyquist,2e-05,2e-05,feasibility/pass counts only; error/cost ratios are descriptive across matching primary schedules,3,90,"[""discrete/rank1/n8/seed3600011"",""discrete/rank1/n8/seed3600021"",""discrete/rank1/n8/seed3600031""]","[""discrete/etdrk4/n0/seedNone""]","{""primary"":[[0.02,0.04,0.06],[0.06,0.04,0.02],[0.03,0.03,0.03,0.03],[0.04,0.08,0.12],[0.12,0.08,0.04]]}",results/frontier-full-review/learning-review.json,/regime_attribution/152,"{""track"":""discrete"",""train_count"":8,""competitor"":""etdrk4"",""regime"":""near_nyquist"",""paired_rows"":90,""independent_fields"":3,""error_ratio_cluster_geomean"":2.357872985726467,""max_ratio_cluster_geomean"":2.478282595503479,""speed_ratio_cluster_geomean"":0.22745702060900816,""error_better_rows"":51,""ours_pass_rows"":77,""other_pass_rows"":57,""both_pass_rows"":57,""ours_only_pass_rows"":20,""other_only_pass_rows"":0,""median_ours_rms"":1.079669412939052e-06,""median_other_rms"":2.992317718523126e-06}"
regime_attribution,discrete,rank1,rank1_frozen,32,,,"[32,64]",,near_nyquist,2e-05,2e-05,feasibility/pass counts only; error/cost ratios are descriptive across matching primary schedules,3,90,"[""discrete/rank1/n32/seed3600011"",""discrete/rank1/n32/seed3600021"",""discrete/rank1/n32/seed3600031""]","[""discrete/rank1_frozen/n32/seed3600011"",""discrete/rank1_frozen/n32/seed3600021"",""discrete/rank1_frozen/n32/seed3600031""]","{""primary"":[[0.02,0.04,0.06],[0.06,0.04,0.02],[0.03,0.03,0.03,0.03],[0.04,0.08,0.12],[0.12,0.08,0.04]]}",results/frontier-full-review/learning-review.json,/regime_attribution/153,"{""track"":""discrete"",""train_count"":32,""competitor"":""rank1_frozen"",""regime"":""near_nyquist"",""paired_rows"":90,""independent_fields"":3,""error_ratio_cluster_geomean"":6.85176741732112,""max_ratio_cluster_geomean"":5.9168763658604755,""speed_ratio_cluster_geomean"":1.0001255102067361,""error_better_rows"":90,""ours_pass_rows"":78,""other_pass_rows"":42,""both_pass_rows"":42,""ours_only_pass_rows"":36,""other_only_pass_rows"":0,""median_ours_rms"":1.2934147744524073e-06,""median_other_rms"":2.3154361377447656e-05}"
regime_attribution,discrete,rank1,rank1_postcompression,32,,,"[32,64]",,near_nyquist,2e-05,2e-05,feasibility/pass counts only; error/cost ratios are descriptive across matching primary schedules,3,90,"[""discrete/rank1/n32/seed3600011"",""discrete/rank1/n32/seed3600021"",""discrete/rank1/n32/seed3600031""]","[""discrete/rank1_postcompression/n32/seed3600011"",""discrete/rank1_postcompression/n32/seed3600021"",""discrete/rank1_postcompression/n32/seed3600031""]","{""primary"":[[0.02,0.04,0.06],[0.06,0.04,0.02],[0.03,0.03,0.03,0.03],[0.04,0.08,0.12],[0.12,0.08,0.04]]}",results/frontier-full-review/learning-review.json,/regime_attribution/154,"{""track"":""discrete"",""train_count"":32,""competitor"":""rank1_postcompression"",""regime"":""near_nyquist"",""paired_rows"":90,""independent_fields"":3,""error_ratio_cluster_geomean"":12.305222147905214,""max_ratio_cluster_geomean"":10.382727602888862,""speed_ratio_cluster_geomean"":1.06492391797739,""error_better_rows"":90,""ours_pass_rows"":78,""other_pass_rows"":24,""both_pass_rows"":24,""ours_only_pass_rows"":54,""other_only_pass_rows"":0,""median_ours_rms"":1.2934147744524073e-06,""median_other_rms"":3.48445705147855e-05}"
regime_attribution,discrete,rank1,fno_small,32,,,"[32,64]",,near_nyquist,2e-05,2e-05,feasibility/pass counts only; error/cost ratios are descriptive across matching primary schedules,3,90,"[""discrete/rank1/n32/seed3600011"",""discrete/rank1/n32/seed3600021"",""discrete/rank1/n32/seed3600031""]","[""discrete/fno_small/n32/seed3600011"",""discrete/fno_small/n32/seed3600021"",""discrete/fno_small/n32/seed3600031""]","{""primary"":[[0.02,0.04,0.06],[0.06,0.04,0.02],[0.03,0.03,0.03,0.03],[0.04,0.08,0.12],[0.12,0.08,0.04]]}",results/frontier-full-review/learning-review.json,/regime_attribution/155,"{""track"":""discrete"",""train_count"":32,""competitor"":""fno_small"",""regime"":""near_nyquist"",""paired_rows"":90,""independent_fields"":3,""error_ratio_cluster_geomean"":16.955134898634483,""max_ratio_cluster_geomean"":13.641355791943855,""speed_ratio_cluster_geomean"":0.6422644290507171,""error_better_rows"":88,""ours_pass_rows"":78,""other_pass_rows"":24,""both_pass_rows"":24,""ours_only_pass_rows"":54,""other_only_pass_rows"":0,""median_ours_rms"":1.2934147744524073e-06,""median_other_rms"":4.636062712282383e-05}"
regime_attribution,discrete,rank1,fno_standard,32,,,"[32,64]",,near_nyquist,2e-05,2e-05,feasibility/pass counts only; error/cost ratios are descriptive across matching primary schedules,3,90,"[""discrete/rank1/n32/seed3600011"",""discrete/rank1/n32/seed3600021"",""discrete/rank1/n32/seed3600031""]","[""discrete/fno_standard/n32/seed3600011"",""discrete/fno_standard/n32/seed3600021"",""discrete/fno_standard/n32/seed3600031""]","{""primary"":[[0.02,0.04,0.06],[0.06,0.04,0.02],[0.03,0.03,0.03,0.03],[0.04,0.08,0.12],[0.12,0.08,0.04]]}",results/frontier-full-review/learning-review.json,/regime_attribution/156,"{""track"":""discrete"",""train_count"":32,""competitor"":""fno_standard"",""regime"":""near_nyquist"",""paired_rows"":90,""independent_fields"":3,""error_ratio_cluster_geomean"":13.358839548818484,""max_ratio_cluster_geomean"":11.28173591563458,""speed_ratio_cluster_geomean"":0.9255637409993009,""error_better_rows"":85,""ours_pass_rows"":78,""other_pass_rows"":25,""both_pass_rows"":24,""ours_only_pass_rows"":54,""other_only_pass_rows"":1,""median_ours_rms"":1.2934147744524073e-06,""median_other_rms"":3.916598549690795e-05}"
regime_attribution,discrete,rank1,direct_fno,32,,,"[32,64]",,near_nyquist,2e-05,2e-05,feasibility/pass counts only; error/cost ratios are descriptive across matching primary schedules,3,90,"[""discrete/rank1/n32/seed3600011"",""discrete/rank1/n32/seed3600021"",""discrete/rank1/n32/seed3600031""]","[""discrete/direct_fno/n32/seed3600011"",""discrete/direct_fno/n32/seed3600021"",""discrete/direct_fno/n32/seed3600031""]","{""primary"":[[0.02,0.04,0.06],[0.06,0.04,0.02],[0.03,0.03,0.03,0.03],[0.04,0.08,0.12],[0.12,0.08,0.04]]}",results/frontier-full-review/learning-review.json,/regime_attribution/157,"{""track"":""discrete"",""train_count"":32,""competitor"":""direct_fno"",""regime"":""near_nyquist"",""paired_rows"":90,""independent_fields"":3,""error_ratio_cluster_geomean"":38089.85896289645,""max_ratio_cluster_geomean"":51757.170555763274,""speed_ratio_cluster_geomean"":0.7085016644775923,""error_better_rows"":90,""ours_pass_rows"":78,""other_pass_rows"":0,""both_pass_rows"":0,""ours_only_pass_rows"":78,""other_only_pass_rows"":0,""median_ours_rms"":1.2934147744524073e-06,""median_other_rms"":0.0676759535587425}"
regime_attribution,discrete,rank1,analytic_quad,32,,,"[32,64]",,near_nyquist,2e-05,2e-05,feasibility/pass counts only; error/cost ratios are descriptive across matching primary schedules,3,90,"[""discrete/rank1/n32/seed3600011"",""discrete/rank1/n32/seed3600021"",""discrete/rank1/n32/seed3600031""]","[""discrete/analytic_quad/n0/seedNone""]","{""primary"":[[0.02,0.04,0.06],[0.06,0.04,0.02],[0.03,0.03,0.03,0.03],[0.04,0.08,0.12],[0.12,0.08,0.04]]}",results/frontier-full-review/learning-review.json,/regime_attribution/158,"{""track"":""discrete"",""train_count"":32,""competitor"":""analytic_quad"",""regime"":""near_nyquist"",""paired_rows"":90,""independent_fields"":3,""error_ratio_cluster_geomean"":0.092948764954603,""max_ratio_cluster_geomean"":0.14976338726952249,""speed_ratio_cluster_geomean"":1.0763156687115008,""error_better_rows"":1,""ours_pass_rows"":78,""other_pass_rows"":90,""both_pass_rows"":78,""ours_only_pass_rows"":0,""other_only_pass_rows"":12,""median_ours_rms"":1.2934147744524073e-06,""median_other_rms"":1.2708866181450116e-07}"
regime_attribution,discrete,rank1,analytic_quad_cubic,32,,,"[32,64]",,near_nyquist,2e-05,2e-05,feasibility/pass counts only; error/cost ratios are descriptive across matching primary schedules,3,90,"[""discrete/rank1/n32/seed3600011"",""discrete/rank1/n32/seed3600021"",""discrete/rank1/n32/seed3600031""]","[""discrete/analytic_quad_cubic/n0/seedNone""]","{""primary"":[[0.02,0.04,0.06],[0.06,0.04,0.02],[0.03,0.03,0.03,0.03],[0.04,0.08,0.12],[0.12,0.08,0.04]]}",results/frontier-full-review/learning-review.json,/regime_attribution/159,"{""track"":""discrete"",""train_count"":32,""competitor"":""analytic_quad_cubic"",""regime"":""near_nyquist"",""paired_rows"":90,""independent_fields"":3,""error_ratio_cluster_geomean"":0.07767266916541612,""max_ratio_cluster_geomean"":0.12017995413224238,""speed_ratio_cluster_geomean"":3.690052105087809,""error_better_rows"":1,""ours_pass_rows"":78,""other_pass_rows"":90,""both_pass_rows"":78,""ours_only_pass_rows"":0,""other_only_pass_rows"":12,""median_ours_rms"":1.2934147744524073e-06,""median_other_rms"":1.0453472545805158e-07}"
regime_attribution,discrete,rank1,df,32,,,"[32,64]",,near_nyquist,2e-05,2e-05,feasibility/pass counts only; error/cost ratios are descriptive across matching primary schedules,3,90,"[""discrete/rank1/n32/seed3600011"",""discrete/rank1/n32/seed3600021"",""discrete/rank1/n32/seed3600031""]","[""discrete/df/n0/seedNone""]","{""primary"":[[0.02,0.04,0.06],[0.06,0.04,0.02],[0.03,0.03,0.03,0.03],[0.04,0.08,0.12],[0.12,0.08,0.04]]}",results/frontier-full-review/learning-review.json,/regime_attribution/160,"{""track"":""discrete"",""train_count"":32,""competitor"":""df"",""regime"":""near_nyquist"",""paired_rows"":90,""independent_fields"":3,""error_ratio_cluster_geomean"":12.296007893832419,""max_ratio_cluster_geomean"":10.299876281568679,""speed_ratio_cluster_geomean"":0.15514783963174397,""error_better_rows"":90,""ours_pass_rows"":78,""other_pass_rows"":24,""both_pass_rows"":24,""ours_only_pass_rows"":54,""other_only_pass_rows"":0,""median_ours_rms"":1.2934147744524073e-06,""median_other_rms"":3.48445705147855e-05}"
regime_attribution,discrete,rank1,etdrk4,32,,,"[32,64]",,near_nyquist,2e-05,2e-05,feasibility/pass counts only; error/cost ratios are descriptive across matching primary schedules,3,90,"[""discrete/rank1/n32/seed3600011"",""discrete/rank1/n32/seed3600021"",""discrete/rank1/n32/seed3600031""]","[""discrete/etdrk4/n0/seedNone""]","{""primary"":[[0.02,0.04,0.06],[0.06,0.04,0.02],[0.03,0.03,0.03,0.03],[0.04,0.08,0.12],[0.12,0.08,0.04]]}",results/frontier-full-review/learning-review.json,/regime_attribution/161,"{""track"":""discrete"",""train_count"":32,""competitor"":""etdrk4"",""regime"":""near_nyquist"",""paired_rows"":90,""independent_fields"":3,""error_ratio_cluster_geomean"":1.9382981913062307,""max_ratio_cluster_geomean"":2.137327468300611,""speed_ratio_cluster_geomean"":0.22604274869401064,""error_better_rows"":48,""ours_pass_rows"":78,""other_pass_rows"":57,""both_pass_rows"":57,""ours_only_pass_rows"":21,""other_only_pass_rows"":0,""median_ours_rms"":1.2934147744524073e-06,""median_other_rms"":2.992317718523126e-06}"
regime_attribution,continuum,rank1,rank1_frozen,8,,,"[32,64]",,near_nyquist,2e-05,2e-05,feasibility/pass counts only; error/cost ratios are descriptive across matching primary schedules,3,90,"[""continuum/rank1/n8/seed3600011"",""continuum/rank1/n8/seed3600021"",""continuum/rank1/n8/seed3600031""]","[""continuum/rank1_frozen/n8/seed3600011"",""continuum/rank1_frozen/n8/seed3600021"",""continuum/rank1_frozen/n8/seed3600031""]","{""primary"":[[0.02,0.04,0.06],[0.06,0.04,0.02],[0.03,0.03,0.03,0.03],[0.04,0.08,0.12],[0.12,0.08,0.04]]}",results/frontier-full-review/learning-review.json,/regime_attribution/162,"{""track"":""continuum"",""train_count"":8,""competitor"":""rank1_frozen"",""regime"":""near_nyquist"",""paired_rows"":90,""independent_fields"":3,""error_ratio_cluster_geomean"":8.946704252934207,""max_ratio_cluster_geomean"":6.610079798760406,""speed_ratio_cluster_geomean"":0.9993329542079957,""error_better_rows"":90,""ours_pass_rows"":72,""other_pass_rows"":42,""both_pass_rows"":42,""ours_only_pass_rows"":30,""other_only_pass_rows"":0,""median_ours_rms"":1.1329895138974074e-06,""median_other_rms"":2.1461488201486483e-05}"
regime_attribution,continuum,rank1,rank1_postcompression,8,,,"[32,64]",,near_nyquist,2e-05,2e-05,feasibility/pass counts only; error/cost ratios are descriptive across matching primary schedules,3,90,"[""continuum/rank1/n8/seed3600011"",""continuum/rank1/n8/seed3600021"",""continuum/rank1/n8/seed3600031""]","[""continuum/rank1_postcompression/n8/seed3600011"",""continuum/rank1_postcompression/n8/seed3600021"",""continuum/rank1_postcompression/n8/seed3600031""]","{""primary"":[[0.02,0.04,0.06],[0.06,0.04,0.02],[0.03,0.03,0.03,0.03],[0.04,0.08,0.12],[0.12,0.08,0.04]]}",results/frontier-full-review/learning-review.json,/regime_attribution/163,"{""track"":""continuum"",""train_count"":8,""competitor"":""rank1_postcompression"",""regime"":""near_nyquist"",""paired_rows"":90,""independent_fields"":3,""error_ratio_cluster_geomean"":15.053643196534235,""max_ratio_cluster_geomean"":10.76417048827635,""speed_ratio_cluster_geomean"":1.0092599850590374,""error_better_rows"":90,""ours_pass_rows"":72,""other_pass_rows"":24,""both_pass_rows"":24,""ours_only_pass_rows"":48,""other_only_pass_rows"":0,""median_ours_rms"":1.1329895138974074e-06,""median_other_rms"":2.989812825185333e-05}"
regime_attribution,continuum,rank1,fno_small,8,,,"[32,64]",,near_nyquist,2e-05,2e-05,feasibility/pass counts only; error/cost ratios are descriptive across matching primary schedules,3,90,"[""continuum/rank1/n8/seed3600011"",""continuum/rank1/n8/seed3600021"",""continuum/rank1/n8/seed3600031""]","[""continuum/fno_small/n8/seed3600011"",""continuum/fno_small/n8/seed3600021"",""continuum/fno_small/n8/seed3600031""]","{""primary"":[[0.02,0.04,0.06],[0.06,0.04,0.02],[0.03,0.03,0.03,0.03],[0.04,0.08,0.12],[0.12,0.08,0.04]]}",results/frontier-full-review/learning-review.json,/regime_attribution/164,"{""track"":""continuum"",""train_count"":8,""competitor"":""fno_small"",""regime"":""near_nyquist"",""paired_rows"":90,""independent_fields"":3,""error_ratio_cluster_geomean"":10.984499251869241,""max_ratio_cluster_geomean"":8.312632194799296,""speed_ratio_cluster_geomean"":0.7339684850651049,""error_better_rows"":84,""ours_pass_rows"":72,""other_pass_rows"":37,""both_pass_rows"":33,""ours_only_pass_rows"":39,""other_only_pass_rows"":4,""median_ours_rms"":1.1329895138974074e-06,""median_other_rms"":2.6144764043953094e-05}"
regime_attribution,continuum,rank1,fno_standard,8,,,"[32,64]",,near_nyquist,2e-05,2e-05,feasibility/pass counts only; error/cost ratios are descriptive across matching primary schedules,3,90,"[""continuum/rank1/n8/seed3600011"",""continuum/rank1/n8/seed3600021"",""continuum/rank1/n8/seed3600031""]","[""continuum/fno_standard/n8/seed3600011"",""continuum/fno_standard/n8/seed3600021"",""continuum/fno_standard/n8/seed3600031""]","{""primary"":[[0.02,0.04,0.06],[0.06,0.04,0.02],[0.03,0.03,0.03,0.03],[0.04,0.08,0.12],[0.12,0.08,0.04]]}",results/frontier-full-review/learning-review.json,/regime_attribution/165,"{""track"":""continuum"",""train_count"":8,""competitor"":""fno_standard"",""regime"":""near_nyquist"",""paired_rows"":90,""independent_fields"":3,""error_ratio_cluster_geomean"":17.81968763566179,""max_ratio_cluster_geomean"":12.543948365396565,""speed_ratio_cluster_geomean"":0.7899242480013666,""error_better_rows"":82,""ours_pass_rows"":72,""other_pass_rows"":24,""both_pass_rows"":23,""ours_only_pass_rows"":49,""other_only_pass_rows"":1,""median_ours_rms"":1.1329895138974074e-06,""median_other_rms"":3.216722536887987e-05}"
regime_attribution,continuum,rank1,direct_fno,8,,,"[32,64]",,near_nyquist,2e-05,2e-05,feasibility/pass counts only; error/cost ratios are descriptive across matching primary schedules,3,90,"[""continuum/rank1/n8/seed3600011"",""continuum/rank1/n8/seed3600021"",""continuum/rank1/n8/seed3600031""]","[""continuum/direct_fno/n8/seed3600011"",""continuum/direct_fno/n8/seed3600021"",""continuum/direct_fno/n8/seed3600031""]","{""primary"":[[0.02,0.04,0.06],[0.06,0.04,0.02],[0.03,0.03,0.03,0.03],[0.04,0.08,0.12],[0.12,0.08,0.04]]}",results/frontier-full-review/learning-review.json,/regime_attribution/166,"{""track"":""continuum"",""train_count"":8,""competitor"":""direct_fno"",""regime"":""near_nyquist"",""paired_rows"":90,""independent_fields"":3,""error_ratio_cluster_geomean"":44070.66459931934,""max_ratio_cluster_geomean"":60495.92272426126,""speed_ratio_cluster_geomean"":0.14234367091099287,""error_better_rows"":90,""ours_pass_rows"":72,""other_pass_rows"":0,""both_pass_rows"":0,""ours_only_pass_rows"":72,""other_only_pass_rows"":0,""median_ours_rms"":1.1329895138974074e-06,""median_other_rms"":0.07265273649660332}"
regime_attribution,continuum,rank1,analytic_quad,8,,,"[32,64]",,near_nyquist,2e-05,2e-05,feasibility/pass counts only; error/cost ratios are descriptive across matching primary schedules,3,90,"[""continuum/rank1/n8/seed3600011"",""continuum/rank1/n8/seed3600021"",""continuum/rank1/n8/seed3600031""]","[""continuum/analytic_quad/n0/seedNone""]","{""primary"":[[0.02,0.04,0.06],[0.06,0.04,0.02],[0.03,0.03,0.03,0.03],[0.04,0.08,0.12],[0.12,0.08,0.04]]}",results/frontier-full-review/learning-review.json,/regime_attribution/167,"{""track"":""continuum"",""train_count"":8,""competitor"":""analytic_quad"",""regime"":""near_nyquist"",""paired_rows"":90,""independent_fields"":3,""error_ratio_cluster_geomean"":0.12169530997082768,""max_ratio_cluster_geomean"":0.16569584218831512,""speed_ratio_cluster_geomean"":1.1283460954305888,""error_better_rows"":4,""ours_pass_rows"":72,""other_pass_rows"":90,""both_pass_rows"":72,""ours_only_pass_rows"":0,""other_only_pass_rows"":18,""median_ours_rms"":1.1329895138974074e-06,""median_other_rms"":1.2855897486871621e-07}"
regime_attribution,continuum,rank1,analytic_quad_cubic,8,,,"[32,64]",,near_nyquist,2e-05,2e-05,feasibility/pass counts only; error/cost ratios are descriptive across matching primary schedules,3,90,"[""continuum/rank1/n8/seed3600011"",""continuum/rank1/n8/seed3600021"",""continuum/rank1/n8/seed3600031""]","[""continuum/analytic_quad_cubic/n0/seedNone""]","{""primary"":[[0.02,0.04,0.06],[0.06,0.04,0.02],[0.03,0.03,0.03,0.03],[0.04,0.08,0.12],[0.12,0.08,0.04]]}",results/frontier-full-review/learning-review.json,/regime_attribution/168,"{""track"":""continuum"",""train_count"":8,""competitor"":""analytic_quad_cubic"",""regime"":""near_nyquist"",""paired_rows"":90,""independent_fields"":3,""error_ratio_cluster_geomean"":0.10827359541286828,""max_ratio_cluster_geomean"":0.16012826356521107,""speed_ratio_cluster_geomean"":3.616779597060463,""error_better_rows"":1,""ours_pass_rows"":72,""other_pass_rows"":90,""both_pass_rows"":72,""ours_only_pass_rows"":0,""other_only_pass_rows"":18,""median_ours_rms"":1.1329895138974074e-06,""median_other_rms"":1.3148514979869553e-07}"
regime_attribution,continuum,rank1,df,8,,,"[32,64]",,near_nyquist,2e-05,2e-05,feasibility/pass counts only; error/cost ratios are descriptive across matching primary schedules,3,90,"[""continuum/rank1/n8/seed3600011"",""continuum/rank1/n8/seed3600021"",""continuum/rank1/n8/seed3600031""]","[""continuum/df/n0/seedNone""]","{""primary"":[[0.02,0.04,0.06],[0.06,0.04,0.02],[0.03,0.03,0.03,0.03],[0.04,0.08,0.12],[0.12,0.08,0.04]]}",results/frontier-full-review/learning-review.json,/regime_attribution/169,"{""track"":""continuum"",""train_count"":8,""competitor"":""df"",""regime"":""near_nyquist"",""paired_rows"":90,""independent_fields"":3,""error_ratio_cluster_geomean"":15.051979861188515,""max_ratio_cluster_geomean"":10.75851515191379,""speed_ratio_cluster_geomean"":0.631454374933549,""error_better_rows"":90,""ours_pass_rows"":72,""other_pass_rows"":24,""both_pass_rows"":24,""ours_only_pass_rows"":48,""other_only_pass_rows"":0,""median_ours_rms"":1.1329895138974074e-06,""median_other_rms"":2.989798965762861e-05}"
regime_attribution,continuum,rank1,etdrk4,8,,,"[32,64]",,near_nyquist,2e-05,2e-05,feasibility/pass counts only; error/cost ratios are descriptive across matching primary schedules,3,90,"[""continuum/rank1/n8/seed3600011"",""continuum/rank1/n8/seed3600021"",""continuum/rank1/n8/seed3600031""]","[""continuum/etdrk4/n0/seedNone""]","{""primary"":[[0.02,0.04,0.06],[0.06,0.04,0.02],[0.03,0.03,0.03,0.03],[0.04,0.08,0.12],[0.12,0.08,0.04]]}",results/frontier-full-review/learning-review.json,/regime_attribution/170,"{""track"":""continuum"",""train_count"":8,""competitor"":""etdrk4"",""regime"":""near_nyquist"",""paired_rows"":90,""independent_fields"":3,""error_ratio_cluster_geomean"":3.3053603057397587,""max_ratio_cluster_geomean"":3.274204522593335,""speed_ratio_cluster_geomean"":0.18893469599446533,""error_better_rows"":66,""ours_pass_rows"":72,""other_pass_rows"":54,""both_pass_rows"":54,""ours_only_pass_rows"":18,""other_only_pass_rows"":0,""median_ours_rms"":1.1329895138974074e-06,""median_other_rms"":5.483211654388431e-06}"
regime_attribution,continuum,rank1,rank1_frozen,32,,,"[32,64]",,near_nyquist,2e-05,2e-05,feasibility/pass counts only; error/cost ratios are descriptive across matching primary schedules,3,90,"[""continuum/rank1/n32/seed3600011"",""continuum/rank1/n32/seed3600021"",""continuum/rank1/n32/seed3600031""]","[""continuum/rank1_frozen/n32/seed3600011"",""continuum/rank1_frozen/n32/seed3600021"",""continuum/rank1_frozen/n32/seed3600031""]","{""primary"":[[0.02,0.04,0.06],[0.06,0.04,0.02],[0.03,0.03,0.03,0.03],[0.04,0.08,0.12],[0.12,0.08,0.04]]}",results/frontier-full-review/learning-review.json,/regime_attribution/171,"{""track"":""continuum"",""train_count"":32,""competitor"":""rank1_frozen"",""regime"":""near_nyquist"",""paired_rows"":90,""independent_fields"":3,""error_ratio_cluster_geomean"":6.328040598243725,""max_ratio_cluster_geomean"":5.143520632577123,""speed_ratio_cluster_geomean"":0.9995784063988812,""error_better_rows"":90,""ours_pass_rows"":76,""other_pass_rows"":42,""both_pass_rows"":42,""ours_only_pass_rows"":34,""other_only_pass_rows"":0,""median_ours_rms"":2.2617102191470955e-06,""median_other_rms"":2.1461488201486483e-05}"
regime_attribution,continuum,rank1,rank1_postcompression,32,,,"[32,64]",,near_nyquist,2e-05,2e-05,feasibility/pass counts only; error/cost ratios are descriptive across matching primary schedules,3,90,"[""continuum/rank1/n32/seed3600011"",""continuum/rank1/n32/seed3600021"",""continuum/rank1/n32/seed3600031""]","[""continuum/rank1_postcompression/n32/seed3600011"",""continuum/rank1_postcompression/n32/seed3600021"",""continuum/rank1_postcompression/n32/seed3600031""]","{""primary"":[[0.02,0.04,0.06],[0.06,0.04,0.02],[0.03,0.03,0.03,0.03],[0.04,0.08,0.12],[0.12,0.08,0.04]]}",results/frontier-full-review/learning-review.json,/regime_attribution/172,"{""track"":""continuum"",""train_count"":32,""competitor"":""rank1_postcompression"",""regime"":""near_nyquist"",""paired_rows"":90,""independent_fields"":3,""error_ratio_cluster_geomean"":10.647503550584236,""max_ratio_cluster_geomean"":8.375955311373081,""speed_ratio_cluster_geomean"":1.0132723148694567,""error_better_rows"":90,""ours_pass_rows"":76,""other_pass_rows"":24,""both_pass_rows"":24,""ours_only_pass_rows"":52,""other_only_pass_rows"":0,""median_ours_rms"":2.2617102191470955e-06,""median_other_rms"":2.989812825185333e-05}"
regime_attribution,continuum,rank1,fno_small,32,,,"[32,64]",,near_nyquist,2e-05,2e-05,feasibility/pass counts only; error/cost ratios are descriptive across matching primary schedules,3,90,"[""continuum/rank1/n32/seed3600011"",""continuum/rank1/n32/seed3600021"",""continuum/rank1/n32/seed3600031""]","[""continuum/fno_small/n32/seed3600011"",""continuum/fno_small/n32/seed3600021"",""continuum/fno_small/n32/seed3600031""]","{""primary"":[[0.02,0.04,0.06],[0.06,0.04,0.02],[0.03,0.03,0.03,0.03],[0.04,0.08,0.12],[0.12,0.08,0.04]]}",results/frontier-full-review/learning-review.json,/regime_attribution/173,"{""track"":""continuum"",""train_count"":32,""competitor"":""fno_small"",""regime"":""near_nyquist"",""paired_rows"":90,""independent_fields"":3,""error_ratio_cluster_geomean"":9.686886824586258,""max_ratio_cluster_geomean"":7.902524149496652,""speed_ratio_cluster_geomean"":0.73293049387445,""error_better_rows"":87,""ours_pass_rows"":76,""other_pass_rows"":29,""both_pass_rows"":27,""ours_only_pass_rows"":49,""other_only_pass_rows"":2,""median_ours_rms"":2.2617102191470955e-06,""median_other_rms"":3.202290189813981e-05}"
regime_attribution,continuum,rank1,fno_standard,32,,,"[32,64]",,near_nyquist,2e-05,2e-05,feasibility/pass counts only; error/cost ratios are descriptive across matching primary schedules,3,90,"[""continuum/rank1/n32/seed3600011"",""continuum/rank1/n32/seed3600021"",""continuum/rank1/n32/seed3600031""]","[""continuum/fno_standard/n32/seed3600011"",""continuum/fno_standard/n32/seed3600021"",""continuum/fno_standard/n32/seed3600031""]","{""primary"":[[0.02,0.04,0.06],[0.06,0.04,0.02],[0.03,0.03,0.03,0.03],[0.04,0.08,0.12],[0.12,0.08,0.04]]}",results/frontier-full-review/learning-review.json,/regime_attribution/174,"{""track"":""continuum"",""train_count"":32,""competitor"":""fno_standard"",""regime"":""near_nyquist"",""paired_rows"":90,""independent_fields"":3,""error_ratio_cluster_geomean"":11.60805641566187,""max_ratio_cluster_geomean"":9.232548575354949,""speed_ratio_cluster_geomean"":0.7906223546670498,""error_better_rows"":86,""ours_pass_rows"":76,""other_pass_rows"":28,""both_pass_rows"":24,""ours_only_pass_rows"":52,""other_only_pass_rows"":4,""median_ours_rms"":2.2617102191470955e-06,""median_other_rms"":3.3973989527881667e-05}"
regime_attribution,continuum,rank1,direct_fno,32,,,"[32,64]",,near_nyquist,2e-05,2e-05,feasibility/pass counts only; error/cost ratios are descriptive across matching primary schedules,3,90,"[""continuum/rank1/n32/seed3600011"",""continuum/rank1/n32/seed3600021"",""continuum/rank1/n32/seed3600031""]","[""continuum/direct_fno/n32/seed3600011"",""continuum/direct_fno/n32/seed3600021"",""continuum/direct_fno/n32/seed3600031""]","{""primary"":[[0.02,0.04,0.06],[0.06,0.04,0.02],[0.03,0.03,0.03,0.03],[0.04,0.08,0.12],[0.12,0.08,0.04]]}",results/frontier-full-review/learning-review.json,/regime_attribution/175,"{""track"":""continuum"",""train_count"":32,""competitor"":""direct_fno"",""regime"":""near_nyquist"",""paired_rows"":90,""independent_fields"":3,""error_ratio_cluster_geomean"":30777.54665564654,""max_ratio_cluster_geomean"":46743.56678113914,""speed_ratio_cluster_geomean"":0.14288655448871193,""error_better_rows"":90,""ours_pass_rows"":76,""other_pass_rows"":0,""both_pass_rows"":0,""ours_only_pass_rows"":76,""other_only_pass_rows"":0,""median_ours_rms"":2.2617102191470955e-06,""median_other_rms"":0.06946957938540632}"
regime_attribution,continuum,rank1,analytic_quad,32,,,"[32,64]",,near_nyquist,2e-05,2e-05,feasibility/pass counts only; error/cost ratios are descriptive across matching primary schedules,3,90,"[""continuum/rank1/n32/seed3600011"",""continuum/rank1/n32/seed3600021"",""continuum/rank1/n32/seed3600031""]","[""continuum/analytic_quad/n0/seedNone""]","{""primary"":[[0.02,0.04,0.06],[0.06,0.04,0.02],[0.03,0.03,0.03,0.03],[0.04,0.08,0.12],[0.12,0.08,0.04]]}",results/frontier-full-review/learning-review.json,/regime_attribution/176,"{""track"":""continuum"",""train_count"":32,""competitor"":""analytic_quad"",""regime"":""near_nyquist"",""paired_rows"":90,""independent_fields"":3,""error_ratio_cluster_geomean"":0.08607559167485482,""max_ratio_cluster_geomean"":0.12893338794301187,""speed_ratio_cluster_geomean"":1.1301081507736992,""error_better_rows"":1,""ours_pass_rows"":76,""other_pass_rows"":90,""both_pass_rows"":76,""ours_only_pass_rows"":0,""other_only_pass_rows"":14,""median_ours_rms"":2.2617102191470955e-06,""median_other_rms"":1.2855897486871621e-07}"
regime_attribution,continuum,rank1,analytic_quad_cubic,32,,,"[32,64]",,near_nyquist,2e-05,2e-05,feasibility/pass counts only; error/cost ratios are descriptive across matching primary schedules,3,90,"[""continuum/rank1/n32/seed3600011"",""continuum/rank1/n32/seed3600021"",""continuum/rank1/n32/seed3600031""]","[""continuum/analytic_quad_cubic/n0/seedNone""]","{""primary"":[[0.02,0.04,0.06],[0.06,0.04,0.02],[0.03,0.03,0.03,0.03],[0.04,0.08,0.12],[0.12,0.08,0.04]]}",results/frontier-full-review/learning-review.json,/regime_attribution/177,"{""track"":""continuum"",""train_count"":32,""competitor"":""analytic_quad_cubic"",""regime"":""near_nyquist"",""paired_rows"":90,""independent_fields"":3,""error_ratio_cluster_geomean"":0.07658235794099684,""max_ratio_cluster_geomean"":0.12460107178446851,""speed_ratio_cluster_geomean"":3.6224276564986635,""error_better_rows"":1,""ours_pass_rows"":76,""other_pass_rows"":90,""both_pass_rows"":76,""ours_only_pass_rows"":0,""other_only_pass_rows"":14,""median_ours_rms"":2.2617102191470955e-06,""median_other_rms"":1.3148514979869553e-07}"
regime_attribution,continuum,rank1,df,32,,,"[32,64]",,near_nyquist,2e-05,2e-05,feasibility/pass counts only; error/cost ratios are descriptive across matching primary schedules,3,90,"[""continuum/rank1/n32/seed3600011"",""continuum/rank1/n32/seed3600021"",""continuum/rank1/n32/seed3600031""]","[""continuum/df/n0/seedNone""]","{""primary"":[[0.02,0.04,0.06],[0.06,0.04,0.02],[0.03,0.03,0.03,0.03],[0.04,0.08,0.12],[0.12,0.08,0.04]]}",results/frontier-full-review/learning-review.json,/regime_attribution/178,"{""track"":""continuum"",""train_count"":32,""competitor"":""df"",""regime"":""near_nyquist"",""paired_rows"":90,""independent_fields"":3,""error_ratio_cluster_geomean"":10.646327066674784,""max_ratio_cluster_geomean"":8.37155470802932,""speed_ratio_cluster_geomean"":0.6324404709193355,""error_better_rows"":90,""ours_pass_rows"":76,""other_pass_rows"":24,""both_pass_rows"":24,""ours_only_pass_rows"":52,""other_only_pass_rows"":0,""median_ours_rms"":2.2617102191470955e-06,""median_other_rms"":2.989798965762861e-05}"
regime_attribution,continuum,rank1,etdrk4,32,,,"[32,64]",,near_nyquist,2e-05,2e-05,feasibility/pass counts only; error/cost ratios are descriptive across matching primary schedules,3,90,"[""continuum/rank1/n32/seed3600011"",""continuum/rank1/n32/seed3600021"",""continuum/rank1/n32/seed3600031""]","[""continuum/etdrk4/n0/seedNone""]","{""primary"":[[0.02,0.04,0.06],[0.06,0.04,0.02],[0.03,0.03,0.03,0.03],[0.04,0.08,0.12],[0.12,0.08,0.04]]}",results/frontier-full-review/learning-review.json,/regime_attribution/179,"{""track"":""continuum"",""train_count"":32,""competitor"":""etdrk4"",""regime"":""near_nyquist"",""paired_rows"":90,""independent_fields"":3,""error_ratio_cluster_geomean"":2.3378948957304155,""max_ratio_cluster_geomean"":2.547766294802423,""speed_ratio_cluster_geomean"":0.18922974145252489,""error_better_rows"":53,""ours_pass_rows"":76,""other_pass_rows"":54,""both_pass_rows"":54,""ours_only_pass_rows"":22,""other_only_pass_rows"":0,""median_ours_rms"":2.2617102191470955e-06,""median_other_rms"":5.483211654388431e-06}"
regime_attribution,discrete,rank1,rank1_frozen,8,,,"[32,64]",,boundary_mean,2e-05,2e-05,feasibility/pass counts only; error/cost ratios are descriptive across matching primary schedules,3,90,"[""discrete/rank1/n8/seed3600011"",""discrete/rank1/n8/seed3600021"",""discrete/rank1/n8/seed3600031""]","[""discrete/rank1_frozen/n8/seed3600011"",""discrete/rank1_frozen/n8/seed3600021"",""discrete/rank1_frozen/n8/seed3600031""]","{""primary"":[[0.02,0.04,0.06],[0.06,0.04,0.02],[0.03,0.03,0.03,0.03],[0.04,0.08,0.12],[0.12,0.08,0.04]]}",results/frontier-full-review/learning-review.json,/regime_attribution/180,"{""track"":""discrete"",""train_count"":8,""competitor"":""rank1_frozen"",""regime"":""boundary_mean"",""paired_rows"":90,""independent_fields"":3,""error_ratio_cluster_geomean"":1.8998673432300848,""max_ratio_cluster_geomean"":1.7334399393921494,""speed_ratio_cluster_geomean"":1.0030655310805041,""error_better_rows"":78,""ours_pass_rows"":78,""other_pass_rows"":78,""both_pass_rows"":78,""ours_only_pass_rows"":0,""other_only_pass_rows"":0,""median_ours_rms"":8.093764021713131e-08,""median_other_rms"":1.0719686656182354e-07}"
regime_attribution,discrete,rank1,rank1_postcompression,8,,,"[32,64]",,boundary_mean,2e-05,2e-05,feasibility/pass counts only; error/cost ratios are descriptive across matching primary schedules,3,90,"[""discrete/rank1/n8/seed3600011"",""discrete/rank1/n8/seed3600021"",""discrete/rank1/n8/seed3600031""]","[""discrete/rank1_postcompression/n8/seed3600011"",""discrete/rank1_postcompression/n8/seed3600021"",""discrete/rank1_postcompression/n8/seed3600031""]","{""primary"":[[0.02,0.04,0.06],[0.06,0.04,0.02],[0.03,0.03,0.03,0.03],[0.04,0.08,0.12],[0.12,0.08,0.04]]}",results/frontier-full-review/learning-review.json,/regime_attribution/181,"{""track"":""discrete"",""train_count"":8,""competitor"":""rank1_postcompression"",""regime"":""boundary_mean"",""paired_rows"":90,""independent_fields"":3,""error_ratio_cluster_geomean"":1.263679836723076,""max_ratio_cluster_geomean"":1.2306976788440416,""speed_ratio_cluster_geomean"":1.0696844521960411,""error_better_rows"":75,""ours_pass_rows"":78,""other_pass_rows"":78,""both_pass_rows"":78,""ours_only_pass_rows"":0,""other_only_pass_rows"":0,""median_ours_rms"":8.093764021713131e-08,""median_other_rms"":1.1537619174112175e-07}"
regime_attribution,discrete,rank1,fno_small,8,,,"[32,64]",,boundary_mean,2e-05,2e-05,feasibility/pass counts only; error/cost ratios are descriptive across matching primary schedules,3,90,"[""discrete/rank1/n8/seed3600011"",""discrete/rank1/n8/seed3600021"",""discrete/rank1/n8/seed3600031""]","[""discrete/fno_small/n8/seed3600011"",""discrete/fno_small/n8/seed3600021"",""discrete/fno_small/n8/seed3600031""]","{""primary"":[[0.02,0.04,0.06],[0.06,0.04,0.02],[0.03,0.03,0.03,0.03],[0.04,0.08,0.12],[0.12,0.08,0.04]]}",results/frontier-full-review/learning-review.json,/regime_attribution/182,"{""track"":""discrete"",""train_count"":8,""competitor"":""fno_small"",""regime"":""boundary_mean"",""paired_rows"":90,""independent_fields"":3,""error_ratio_cluster_geomean"":49.7552897518329,""max_ratio_cluster_geomean"":27.52115251660412,""speed_ratio_cluster_geomean"":0.6483628172184066,""error_better_rows"":90,""ours_pass_rows"":78,""other_pass_rows"":46,""both_pass_rows"":46,""ours_only_pass_rows"":32,""other_only_pass_rows"":0,""median_ours_rms"":8.093764021713131e-08,""median_other_rms"":1.5557339588481247e-05}"
regime_attribution,discrete,rank1,fno_standard,8,,,"[32,64]",,boundary_mean,2e-05,2e-05,feasibility/pass counts only; error/cost ratios are descriptive across matching primary schedules,3,90,"[""discrete/rank1/n8/seed3600011"",""discrete/rank1/n8/seed3600021"",""discrete/rank1/n8/seed3600031""]","[""discrete/fno_standard/n8/seed3600011"",""discrete/fno_standard/n8/seed3600021"",""discrete/fno_standard/n8/seed3600031""]","{""primary"":[[0.02,0.04,0.06],[0.06,0.04,0.02],[0.03,0.03,0.03,0.03],[0.04,0.08,0.12],[0.12,0.08,0.04]]}",results/frontier-full-review/learning-review.json,/regime_attribution/183,"{""track"":""discrete"",""train_count"":8,""competitor"":""fno_standard"",""regime"":""boundary_mean"",""paired_rows"":90,""independent_fields"":3,""error_ratio_cluster_geomean"":26.805318360627638,""max_ratio_cluster_geomean"":15.519802619456394,""speed_ratio_cluster_geomean"":0.9290103284830065,""error_better_rows"":90,""ours_pass_rows"":78,""other_pass_rows"":51,""both_pass_rows"":51,""ours_only_pass_rows"":27,""other_only_pass_rows"":0,""median_ours_rms"":8.093764021713131e-08,""median_other_rms"":7.674608372149725e-06}"
regime_attribution,discrete,rank1,direct_fno,8,,,"[32,64]",,boundary_mean,2e-05,2e-05,feasibility/pass counts only; error/cost ratios are descriptive across matching primary schedules,3,90,"[""discrete/rank1/n8/seed3600011"",""discrete/rank1/n8/seed3600021"",""discrete/rank1/n8/seed3600031""]","[""discrete/direct_fno/n8/seed3600011"",""discrete/direct_fno/n8/seed3600021"",""discrete/direct_fno/n8/seed3600031""]","{""primary"":[[0.02,0.04,0.06],[0.06,0.04,0.02],[0.03,0.03,0.03,0.03],[0.04,0.08,0.12],[0.12,0.08,0.04]]}",results/frontier-full-review/learning-review.json,/regime_attribution/184,"{""track"":""discrete"",""train_count"":8,""competitor"":""direct_fno"",""regime"":""boundary_mean"",""paired_rows"":90,""independent_fields"":3,""error_ratio_cluster_geomean"":69656.21154201479,""max_ratio_cluster_geomean"":45796.210745548735,""speed_ratio_cluster_geomean"":0.7082315020793667,""error_better_rows"":90,""ours_pass_rows"":78,""other_pass_rows"":0,""both_pass_rows"":0,""ours_only_pass_rows"":78,""other_only_pass_rows"":0,""median_ours_rms"":8.093764021713131e-08,""median_other_rms"":0.014784171114908182}"
regime_attribution,discrete,rank1,analytic_quad,8,,,"[32,64]",,boundary_mean,2e-05,2e-05,feasibility/pass counts only; error/cost ratios are descriptive across matching primary schedules,3,90,"[""discrete/rank1/n8/seed3600011"",""discrete/rank1/n8/seed3600021"",""discrete/rank1/n8/seed3600031""]","[""discrete/analytic_quad/n0/seedNone""]","{""primary"":[[0.02,0.04,0.06],[0.06,0.04,0.02],[0.03,0.03,0.03,0.03],[0.04,0.08,0.12],[0.12,0.08,0.04]]}",results/frontier-full-review/learning-review.json,/regime_attribution/185,"{""track"":""discrete"",""train_count"":8,""competitor"":""analytic_quad"",""regime"":""boundary_mean"",""paired_rows"":90,""independent_fields"":3,""error_ratio_cluster_geomean"":1.0101016822563889,""max_ratio_cluster_geomean"":1.0018148169351595,""speed_ratio_cluster_geomean"":1.0857564076032007,""error_better_rows"":40,""ours_pass_rows"":78,""other_pass_rows"":78,""both_pass_rows"":78,""ours_only_pass_rows"":0,""other_only_pass_rows"":0,""median_ours_rms"":8.093764021713131e-08,""median_other_rms"":1.0288139631215145e-07}"
regime_attribution,discrete,rank1,analytic_quad_cubic,8,,,"[32,64]",,boundary_mean,2e-05,2e-05,feasibility/pass counts only; error/cost ratios are descriptive across matching primary schedules,3,90,"[""discrete/rank1/n8/seed3600011"",""discrete/rank1/n8/seed3600021"",""discrete/rank1/n8/seed3600031""]","[""discrete/analytic_quad_cubic/n0/seedNone""]","{""primary"":[[0.02,0.04,0.06],[0.06,0.04,0.02],[0.03,0.03,0.03,0.03],[0.04,0.08,0.12],[0.12,0.08,0.04]]}",results/frontier-full-review/learning-review.json,/regime_attribution/186,"{""track"":""discrete"",""train_count"":8,""competitor"":""analytic_quad_cubic"",""regime"":""boundary_mean"",""paired_rows"":90,""independent_fields"":3,""error_ratio_cluster_geomean"":0.4466657439328649,""max_ratio_cluster_geomean"":0.4614786438804475,""speed_ratio_cluster_geomean"":3.7059231741948655,""error_better_rows"":38,""ours_pass_rows"":78,""other_pass_rows"":90,""both_pass_rows"":78,""ours_only_pass_rows"":0,""other_only_pass_rows"":12,""median_ours_rms"":8.093764021713131e-08,""median_other_rms"":6.793872884094354e-08}"
regime_attribution,discrete,rank1,df,8,,,"[32,64]",,boundary_mean,2e-05,2e-05,feasibility/pass counts only; error/cost ratios are descriptive across matching primary schedules,3,90,"[""discrete/rank1/n8/seed3600011"",""discrete/rank1/n8/seed3600021"",""discrete/rank1/n8/seed3600031""]","[""discrete/df/n0/seedNone""]","{""primary"":[[0.02,0.04,0.06],[0.06,0.04,0.02],[0.03,0.03,0.03,0.03],[0.04,0.08,0.12],[0.12,0.08,0.04]]}",results/frontier-full-review/learning-review.json,/regime_attribution/187,"{""track"":""discrete"",""train_count"":8,""competitor"":""df"",""regime"":""boundary_mean"",""paired_rows"":90,""independent_fields"":3,""error_ratio_cluster_geomean"":2.629470319869012,""max_ratio_cluster_geomean"":2.225864880485629,""speed_ratio_cluster_geomean"":0.15465655966306183,""error_better_rows"":72,""ours_pass_rows"":78,""other_pass_rows"":78,""both_pass_rows"":78,""ours_only_pass_rows"":0,""other_only_pass_rows"":0,""median_ours_rms"":8.093764021713131e-08,""median_other_rms"":2.1102312920735866e-07}"
regime_attribution,discrete,rank1,etdrk4,8,,,"[32,64]",,boundary_mean,2e-05,2e-05,feasibility/pass counts only; error/cost ratios are descriptive across matching primary schedules,3,90,"[""discrete/rank1/n8/seed3600011"",""discrete/rank1/n8/seed3600021"",""discrete/rank1/n8/seed3600031""]","[""discrete/etdrk4/n0/seedNone""]","{""primary"":[[0.02,0.04,0.06],[0.06,0.04,0.02],[0.03,0.03,0.03,0.03],[0.04,0.08,0.12],[0.12,0.08,0.04]]}",results/frontier-full-review/learning-review.json,/regime_attribution/188,"{""track"":""discrete"",""train_count"":8,""competitor"":""etdrk4"",""regime"":""boundary_mean"",""paired_rows"":90,""independent_fields"":3,""error_ratio_cluster_geomean"":3.020274086618972,""max_ratio_cluster_geomean"":2.137887164481264,""speed_ratio_cluster_geomean"":0.2280152665588584,""error_better_rows"":54,""ours_pass_rows"":78,""other_pass_rows"":66,""both_pass_rows"":66,""ours_only_pass_rows"":12,""other_only_pass_rows"":0,""median_ours_rms"":8.093764021713131e-08,""median_other_rms"":1.1775055200129868e-07}"
regime_attribution,discrete,rank1,rank1_frozen,32,,,"[32,64]",,boundary_mean,2e-05,2e-05,feasibility/pass counts only; error/cost ratios are descriptive across matching primary schedules,3,90,"[""discrete/rank1/n32/seed3600011"",""discrete/rank1/n32/seed3600021"",""discrete/rank1/n32/seed3600031""]","[""discrete/rank1_frozen/n32/seed3600011"",""discrete/rank1_frozen/n32/seed3600021"",""discrete/rank1_frozen/n32/seed3600031""]","{""primary"":[[0.02,0.04,0.06],[0.06,0.04,0.02],[0.03,0.03,0.03,0.03],[0.04,0.08,0.12],[0.12,0.08,0.04]]}",results/frontier-full-review/learning-review.json,/regime_attribution/189,"{""track"":""discrete"",""train_count"":32,""competitor"":""rank1_frozen"",""regime"":""boundary_mean"",""paired_rows"":90,""independent_fields"":3,""error_ratio_cluster_geomean"":1.8916178424806993,""max_ratio_cluster_geomean"":1.7454377951492765,""speed_ratio_cluster_geomean"":1.0000763343772898,""error_better_rows"":77,""ours_pass_rows"":78,""other_pass_rows"":78,""both_pass_rows"":78,""ours_only_pass_rows"":0,""other_only_pass_rows"":0,""median_ours_rms"":7.994888279338252e-08,""median_other_rms"":1.0719686656182354e-07}"
regime_attribution,discrete,rank1,rank1_postcompression,32,,,"[32,64]",,boundary_mean,2e-05,2e-05,feasibility/pass counts only; error/cost ratios are descriptive across matching primary schedules,3,90,"[""discrete/rank1/n32/seed3600011"",""discrete/rank1/n32/seed3600021"",""discrete/rank1/n32/seed3600031""]","[""discrete/rank1_postcompression/n32/seed3600011"",""discrete/rank1_postcompression/n32/seed3600021"",""discrete/rank1_postcompression/n32/seed3600031""]","{""primary"":[[0.02,0.04,0.06],[0.06,0.04,0.02],[0.03,0.03,0.03,0.03],[0.04,0.08,0.12],[0.12,0.08,0.04]]}",results/frontier-full-review/learning-review.json,/regime_attribution/190,"{""track"":""discrete"",""train_count"":32,""competitor"":""rank1_postcompression"",""regime"":""boundary_mean"",""paired_rows"":90,""independent_fields"":3,""error_ratio_cluster_geomean"":1.079532980193733,""max_ratio_cluster_geomean"":1.1034568436687706,""speed_ratio_cluster_geomean"":1.0583934882871187,""error_better_rows"":66,""ours_pass_rows"":78,""other_pass_rows"":78,""both_pass_rows"":78,""ours_only_pass_rows"":0,""other_only_pass_rows"":0,""median_ours_rms"":7.994888279338252e-08,""median_other_rms"":8.579167191410668e-08}"
regime_attribution,discrete,rank1,fno_small,32,,,"[32,64]",,boundary_mean,2e-05,2e-05,feasibility/pass counts only; error/cost ratios are descriptive across matching primary schedules,3,90,"[""discrete/rank1/n32/seed3600011"",""discrete/rank1/n32/seed3600021"",""discrete/rank1/n32/seed3600031""]","[""discrete/fno_small/n32/seed3600011"",""discrete/fno_small/n32/seed3600021"",""discrete/fno_small/n32/seed3600031""]","{""primary"":[[0.02,0.04,0.06],[0.06,0.04,0.02],[0.03,0.03,0.03,0.03],[0.04,0.08,0.12],[0.12,0.08,0.04]]}",results/frontier-full-review/learning-review.json,/regime_attribution/191,"{""track"":""discrete"",""train_count"":32,""competitor"":""fno_small"",""regime"":""boundary_mean"",""paired_rows"":90,""independent_fields"":3,""error_ratio_cluster_geomean"":48.82676399099027,""max_ratio_cluster_geomean"":25.87380439602329,""speed_ratio_cluster_geomean"":0.6451486329683429,""error_better_rows"":90,""ours_pass_rows"":78,""other_pass_rows"":45,""both_pass_rows"":45,""ours_only_pass_rows"":33,""other_only_pass_rows"":0,""median_ours_rms"":7.994888279338252e-08,""median_other_rms"":1.826366701110112e-05}"
regime_attribution,discrete,rank1,fno_standard,32,,,"[32,64]",,boundary_mean,2e-05,2e-05,feasibility/pass counts only; error/cost ratios are descriptive across matching primary schedules,3,90,"[""discrete/rank1/n32/seed3600011"",""discrete/rank1/n32/seed3600021"",""discrete/rank1/n32/seed3600031""]","[""discrete/fno_standard/n32/seed3600011"",""discrete/fno_standard/n32/seed3600021"",""discrete/fno_standard/n32/seed3600031""]","{""primary"":[[0.02,0.04,0.06],[0.06,0.04,0.02],[0.03,0.03,0.03,0.03],[0.04,0.08,0.12],[0.12,0.08,0.04]]}",results/frontier-full-review/learning-review.json,/regime_attribution/192,"{""track"":""discrete"",""train_count"":32,""competitor"":""fno_standard"",""regime"":""boundary_mean"",""paired_rows"":90,""independent_fields"":3,""error_ratio_cluster_geomean"":43.43259787421847,""max_ratio_cluster_geomean"":24.32464999572846,""speed_ratio_cluster_geomean"":0.9340594224580467,""error_better_rows"":90,""ours_pass_rows"":78,""other_pass_rows"":50,""both_pass_rows"":50,""ours_only_pass_rows"":28,""other_only_pass_rows"":0,""median_ours_rms"":7.994888279338252e-08,""median_other_rms"":1.020600564617353e-05}"
regime_attribution,discrete,rank1,direct_fno,32,,,"[32,64]",,boundary_mean,2e-05,2e-05,feasibility/pass counts only; error/cost ratios are descriptive across matching primary schedules,3,90,"[""discrete/rank1/n32/seed3600011"",""discrete/rank1/n32/seed3600021"",""discrete/rank1/n32/seed3600031""]","[""discrete/direct_fno/n32/seed3600011"",""discrete/direct_fno/n32/seed3600021"",""discrete/direct_fno/n32/seed3600031""]","{""primary"":[[0.02,0.04,0.06],[0.06,0.04,0.02],[0.03,0.03,0.03,0.03],[0.04,0.08,0.12],[0.12,0.08,0.04]]}",results/frontier-full-review/learning-review.json,/regime_attribution/193,"{""track"":""discrete"",""train_count"":32,""competitor"":""direct_fno"",""regime"":""boundary_mean"",""paired_rows"":90,""independent_fields"":3,""error_ratio_cluster_geomean"":77497.48103257787,""max_ratio_cluster_geomean"":48900.88114493488,""speed_ratio_cluster_geomean"":0.7121501934503166,""error_better_rows"":90,""ours_pass_rows"":78,""other_pass_rows"":0,""both_pass_rows"":0,""ours_only_pass_rows"":78,""other_only_pass_rows"":0,""median_ours_rms"":7.994888279338252e-08,""median_other_rms"":0.018693572426226122}"
regime_attribution,discrete,rank1,analytic_quad,32,,,"[32,64]",,boundary_mean,2e-05,2e-05,feasibility/pass counts only; error/cost ratios are descriptive across matching primary schedules,3,90,"[""discrete/rank1/n32/seed3600011"",""discrete/rank1/n32/seed3600021"",""discrete/rank1/n32/seed3600031""]","[""discrete/analytic_quad/n0/seedNone""]","{""primary"":[[0.02,0.04,0.06],[0.06,0.04,0.02],[0.03,0.03,0.03,0.03],[0.04,0.08,0.12],[0.12,0.08,0.04]]}",results/frontier-full-review/learning-review.json,/regime_attribution/194,"{""track"":""discrete"",""train_count"":32,""competitor"":""analytic_quad"",""regime"":""boundary_mean"",""paired_rows"":90,""independent_fields"":3,""error_ratio_cluster_geomean"":1.0057156736150898,""max_ratio_cluster_geomean"":1.0087487922035243,""speed_ratio_cluster_geomean"":1.086431229200612,""error_better_rows"":51,""ours_pass_rows"":78,""other_pass_rows"":78,""both_pass_rows"":78,""ours_only_pass_rows"":0,""other_only_pass_rows"":0,""median_ours_rms"":7.994888279338252e-08,""median_other_rms"":1.0288139631215145e-07}"
regime_attribution,discrete,rank1,analytic_quad_cubic,32,,,"[32,64]",,boundary_mean,2e-05,2e-05,feasibility/pass counts only; error/cost ratios are descriptive across matching primary schedules,3,90,"[""discrete/rank1/n32/seed3600011"",""discrete/rank1/n32/seed3600021"",""discrete/rank1/n32/seed3600031""]","[""discrete/analytic_quad_cubic/n0/seedNone""]","{""primary"":[[0.02,0.04,0.06],[0.06,0.04,0.02],[0.03,0.03,0.03,0.03],[0.04,0.08,0.12],[0.12,0.08,0.04]]}",results/frontier-full-review/learning-review.json,/regime_attribution/195,"{""track"":""discrete"",""train_count"":32,""competitor"":""analytic_quad_cubic"",""regime"":""boundary_mean"",""paired_rows"":90,""independent_fields"":3,""error_ratio_cluster_geomean"":0.44472625620893036,""max_ratio_cluster_geomean"":0.4646727287047615,""speed_ratio_cluster_geomean"":3.708226487331018,""error_better_rows"":35,""ours_pass_rows"":78,""other_pass_rows"":90,""both_pass_rows"":78,""ours_only_pass_rows"":0,""other_only_pass_rows"":12,""median_ours_rms"":7.994888279338252e-08,""median_other_rms"":6.793872884094354e-08}"
regime_attribution,discrete,rank1,df,32,,,"[32,64]",,boundary_mean,2e-05,2e-05,feasibility/pass counts only; error/cost ratios are descriptive across matching primary schedules,3,90,"[""discrete/rank1/n32/seed3600011"",""discrete/rank1/n32/seed3600021"",""discrete/rank1/n32/seed3600031""]","[""discrete/df/n0/seedNone""]","{""primary"":[[0.02,0.04,0.06],[0.06,0.04,0.02],[0.03,0.03,0.03,0.03],[0.04,0.08,0.12],[0.12,0.08,0.04]]}",results/frontier-full-review/learning-review.json,/regime_attribution/196,"{""track"":""discrete"",""train_count"":32,""competitor"":""df"",""regime"":""boundary_mean"",""paired_rows"":90,""independent_fields"":3,""error_ratio_cluster_geomean"":2.618052776717097,""max_ratio_cluster_geomean"":2.24127101320707,""speed_ratio_cluster_geomean"":0.15475268213207158,""error_better_rows"":72,""ours_pass_rows"":78,""other_pass_rows"":78,""both_pass_rows"":78,""ours_only_pass_rows"":0,""other_only_pass_rows"":0,""median_ours_rms"":7.994888279338252e-08,""median_other_rms"":2.1102312920735866e-07}"
regime_attribution,discrete,rank1,etdrk4,32,,,"[32,64]",,boundary_mean,2e-05,2e-05,feasibility/pass counts only; error/cost ratios are descriptive across matching primary schedules,3,90,"[""discrete/rank1/n32/seed3600011"",""discrete/rank1/n32/seed3600021"",""discrete/rank1/n32/seed3600031""]","[""discrete/etdrk4/n0/seedNone""]","{""primary"":[[0.02,0.04,0.06],[0.06,0.04,0.02],[0.03,0.03,0.03,0.03],[0.04,0.08,0.12],[0.12,0.08,0.04]]}",results/frontier-full-review/learning-review.json,/regime_attribution/197,"{""track"":""discrete"",""train_count"":32,""competitor"":""etdrk4"",""regime"":""boundary_mean"",""paired_rows"":90,""independent_fields"":3,""error_ratio_cluster_geomean"":3.007159616585211,""max_ratio_cluster_geomean"":2.152684366992621,""speed_ratio_cluster_geomean"":0.2281569830850846,""error_better_rows"":54,""ours_pass_rows"":78,""other_pass_rows"":66,""both_pass_rows"":66,""ours_only_pass_rows"":12,""other_only_pass_rows"":0,""median_ours_rms"":7.994888279338252e-08,""median_other_rms"":1.1775055200129868e-07}"
regime_attribution,continuum,rank1,rank1_frozen,8,,,"[32,64]",,boundary_mean,2e-05,2e-05,feasibility/pass counts only; error/cost ratios are descriptive across matching primary schedules,3,90,"[""continuum/rank1/n8/seed3600011"",""continuum/rank1/n8/seed3600021"",""continuum/rank1/n8/seed3600031""]","[""continuum/rank1_frozen/n8/seed3600011"",""continuum/rank1_frozen/n8/seed3600021"",""continuum/rank1_frozen/n8/seed3600031""]","{""primary"":[[0.02,0.04,0.06],[0.06,0.04,0.02],[0.03,0.03,0.03,0.03],[0.04,0.08,0.12],[0.12,0.08,0.04]]}",results/frontier-full-review/learning-review.json,/regime_attribution/198,"{""track"":""continuum"",""train_count"":8,""competitor"":""rank1_frozen"",""regime"":""boundary_mean"",""paired_rows"":90,""independent_fields"":3,""error_ratio_cluster_geomean"":1.7954956453213242,""max_ratio_cluster_geomean"":1.6321610261531405,""speed_ratio_cluster_geomean"":0.9973762313223172,""error_better_rows"":72,""ours_pass_rows"":78,""other_pass_rows"":78,""both_pass_rows"":78,""ours_only_pass_rows"":0,""other_only_pass_rows"":0,""median_ours_rms"":6.751216016232497e-08,""median_other_rms"":1.2736462755851423e-07}"
regime_attribution,continuum,rank1,rank1_postcompression,8,,,"[32,64]",,boundary_mean,2e-05,2e-05,feasibility/pass counts only; error/cost ratios are descriptive across matching primary schedules,3,90,"[""continuum/rank1/n8/seed3600011"",""continuum/rank1/n8/seed3600021"",""continuum/rank1/n8/seed3600031""]","[""continuum/rank1_postcompression/n8/seed3600011"",""continuum/rank1_postcompression/n8/seed3600021"",""continuum/rank1_postcompression/n8/seed3600031""]","{""primary"":[[0.02,0.04,0.06],[0.06,0.04,0.02],[0.03,0.03,0.03,0.03],[0.04,0.08,0.12],[0.12,0.08,0.04]]}",results/frontier-full-review/learning-review.json,/regime_attribution/199,"{""track"":""continuum"",""train_count"":8,""competitor"":""rank1_postcompression"",""regime"":""boundary_mean"",""paired_rows"":90,""independent_fields"":3,""error_ratio_cluster_geomean"":1.1784564660096186,""max_ratio_cluster_geomean"":1.1760176733835053,""speed_ratio_cluster_geomean"":1.0068102881563787,""error_better_rows"":64,""ours_pass_rows"":78,""other_pass_rows"":78,""both_pass_rows"":78,""ours_only_pass_rows"":0,""other_only_pass_rows"":0,""median_ours_rms"":6.751216016232497e-08,""median_other_rms"":7.113223959697865e-08}"
regime_attribution,continuum,rank1,fno_small,8,,,"[32,64]",,boundary_mean,2e-05,2e-05,feasibility/pass counts only; error/cost ratios are descriptive across matching primary schedules,3,90,"[""continuum/rank1/n8/seed3600011"",""continuum/rank1/n8/seed3600021"",""continuum/rank1/n8/seed3600031""]","[""continuum/fno_small/n8/seed3600011"",""continuum/fno_small/n8/seed3600021"",""continuum/fno_small/n8/seed3600031""]","{""primary"":[[0.02,0.04,0.06],[0.06,0.04,0.02],[0.03,0.03,0.03,0.03],[0.04,0.08,0.12],[0.12,0.08,0.04]]}",results/frontier-full-review/learning-review.json,/regime_attribution/200,"{""track"":""continuum"",""train_count"":8,""competitor"":""fno_small"",""regime"":""boundary_mean"",""paired_rows"":90,""independent_fields"":3,""error_ratio_cluster_geomean"":49.20229862186035,""max_ratio_cluster_geomean"":25.578560714180753,""speed_ratio_cluster_geomean"":0.7330959810496025,""error_better_rows"":90,""ours_pass_rows"":78,""other_pass_rows"":44,""both_pass_rows"":44,""ours_only_pass_rows"":34,""other_only_pass_rows"":0,""median_ours_rms"":6.751216016232497e-08,""median_other_rms"":1.1699245187751136e-05}"
regime_attribution,continuum,rank1,fno_standard,8,,,"[32,64]",,boundary_mean,2e-05,2e-05,feasibility/pass counts only; error/cost ratios are descriptive across matching primary schedules,3,90,"[""continuum/rank1/n8/seed3600011"",""continuum/rank1/n8/seed3600021"",""continuum/rank1/n8/seed3600031""]","[""continuum/fno_standard/n8/seed3600011"",""continuum/fno_standard/n8/seed3600021"",""continuum/fno_standard/n8/seed3600031""]","{""primary"":[[0.02,0.04,0.06],[0.06,0.04,0.02],[0.03,0.03,0.03,0.03],[0.04,0.08,0.12],[0.12,0.08,0.04]]}",results/frontier-full-review/learning-review.json,/regime_attribution/201,"{""track"":""continuum"",""train_count"":8,""competitor"":""fno_standard"",""regime"":""boundary_mean"",""paired_rows"":90,""independent_fields"":3,""error_ratio_cluster_geomean"":49.89246403203211,""max_ratio_cluster_geomean"":27.79631917321114,""speed_ratio_cluster_geomean"":0.790184035012361,""error_better_rows"":90,""ours_pass_rows"":78,""other_pass_rows"":48,""both_pass_rows"":48,""ours_only_pass_rows"":30,""other_only_pass_rows"":0,""median_ours_rms"":6.751216016232497e-08,""median_other_rms"":1.2047693211837737e-05}"
regime_attribution,continuum,rank1,direct_fno,8,,,"[32,64]",,boundary_mean,2e-05,2e-05,feasibility/pass counts only; error/cost ratios are descriptive across matching primary schedules,3,90,"[""continuum/rank1/n8/seed3600011"",""continuum/rank1/n8/seed3600021"",""continuum/rank1/n8/seed3600031""]","[""continuum/direct_fno/n8/seed3600011"",""continuum/direct_fno/n8/seed3600021"",""continuum/direct_fno/n8/seed3600031""]","{""primary"":[[0.02,0.04,0.06],[0.06,0.04,0.02],[0.03,0.03,0.03,0.03],[0.04,0.08,0.12],[0.12,0.08,0.04]]}",results/frontier-full-review/learning-review.json,/regime_attribution/202,"{""track"":""continuum"",""train_count"":8,""competitor"":""direct_fno"",""regime"":""boundary_mean"",""paired_rows"":90,""independent_fields"":3,""error_ratio_cluster_geomean"":61896.867050675166,""max_ratio_cluster_geomean"":43120.09660637975,""speed_ratio_cluster_geomean"":0.1415776414159697,""error_better_rows"":90,""ours_pass_rows"":78,""other_pass_rows"":0,""both_pass_rows"":0,""ours_only_pass_rows"":78,""other_only_pass_rows"":0,""median_ours_rms"":6.751216016232497e-08,""median_other_rms"":0.012290330542543648}"
regime_attribution,continuum,rank1,analytic_quad,8,,,"[32,64]",,boundary_mean,2e-05,2e-05,feasibility/pass counts only; error/cost ratios are descriptive across matching primary schedules,3,90,"[""continuum/rank1/n8/seed3600011"",""continuum/rank1/n8/seed3600021"",""continuum/rank1/n8/seed3600031""]","[""continuum/analytic_quad/n0/seedNone""]","{""primary"":[[0.02,0.04,0.06],[0.06,0.04,0.02],[0.03,0.03,0.03,0.03],[0.04,0.08,0.12],[0.12,0.08,0.04]]}",results/frontier-full-review/learning-review.json,/regime_attribution/203,"{""track"":""continuum"",""train_count"":8,""competitor"":""analytic_quad"",""regime"":""boundary_mean"",""paired_rows"":90,""independent_fields"":3,""error_ratio_cluster_geomean"":0.9974474271608117,""max_ratio_cluster_geomean"":0.9828934015473693,""speed_ratio_cluster_geomean"":1.1342743533697741,""error_better_rows"":24,""ours_pass_rows"":78,""other_pass_rows"":78,""both_pass_rows"":78,""ours_only_pass_rows"":0,""other_only_pass_rows"":0,""median_ours_rms"":6.751216016232497e-08,""median_other_rms"":7.264190089681027e-08}"
regime_attribution,continuum,rank1,analytic_quad_cubic,8,,,"[32,64]",,boundary_mean,2e-05,2e-05,feasibility/pass counts only; error/cost ratios are descriptive across matching primary schedules,3,90,"[""continuum/rank1/n8/seed3600011"",""continuum/rank1/n8/seed3600021"",""continuum/rank1/n8/seed3600031""]","[""continuum/analytic_quad_cubic/n0/seedNone""]","{""primary"":[[0.02,0.04,0.06],[0.06,0.04,0.02],[0.03,0.03,0.03,0.03],[0.04,0.08,0.12],[0.12,0.08,0.04]]}",results/frontier-full-review/learning-review.json,/regime_attribution/204,"{""track"":""continuum"",""train_count"":8,""competitor"":""analytic_quad_cubic"",""regime"":""boundary_mean"",""paired_rows"":90,""independent_fields"":3,""error_ratio_cluster_geomean"":0.45783074376814076,""max_ratio_cluster_geomean"":0.4660590709420461,""speed_ratio_cluster_geomean"":3.623655470374167,""error_better_rows"":35,""ours_pass_rows"":78,""other_pass_rows"":90,""both_pass_rows"":78,""ours_only_pass_rows"":0,""other_only_pass_rows"":12,""median_ours_rms"":6.751216016232497e-08,""median_other_rms"":6.1368903828841e-08}"
regime_attribution,continuum,rank1,df,8,,,"[32,64]",,boundary_mean,2e-05,2e-05,feasibility/pass counts only; error/cost ratios are descriptive across matching primary schedules,3,90,"[""continuum/rank1/n8/seed3600011"",""continuum/rank1/n8/seed3600021"",""continuum/rank1/n8/seed3600031""]","[""continuum/df/n0/seedNone""]","{""primary"":[[0.02,0.04,0.06],[0.06,0.04,0.02],[0.03,0.03,0.03,0.03],[0.04,0.08,0.12],[0.12,0.08,0.04]]}",results/frontier-full-review/learning-review.json,/regime_attribution/205,"{""track"":""continuum"",""train_count"":8,""competitor"":""df"",""regime"":""boundary_mean"",""paired_rows"":90,""independent_fields"":3,""error_ratio_cluster_geomean"":2.4365753117352553,""max_ratio_cluster_geomean"":2.1131312167857748,""speed_ratio_cluster_geomean"":0.6332618938497886,""error_better_rows"":69,""ours_pass_rows"":78,""other_pass_rows"":72,""both_pass_rows"":72,""ours_only_pass_rows"":6,""other_only_pass_rows"":0,""median_ours_rms"":6.751216016232497e-08,""median_other_rms"":2.29858676203424e-07}"
regime_attribution,continuum,rank1,etdrk4,8,,,"[32,64]",,boundary_mean,2e-05,2e-05,feasibility/pass counts only; error/cost ratios are descriptive across matching primary schedules,3,90,"[""continuum/rank1/n8/seed3600011"",""continuum/rank1/n8/seed3600021"",""continuum/rank1/n8/seed3600031""]","[""continuum/etdrk4/n0/seedNone""]","{""primary"":[[0.02,0.04,0.06],[0.06,0.04,0.02],[0.03,0.03,0.03,0.03],[0.04,0.08,0.12],[0.12,0.08,0.04]]}",results/frontier-full-review/learning-review.json,/regime_attribution/206,"{""track"":""continuum"",""train_count"":8,""competitor"":""etdrk4"",""regime"":""boundary_mean"",""paired_rows"":90,""independent_fields"":3,""error_ratio_cluster_geomean"":3.114123156788183,""max_ratio_cluster_geomean"":2.1780579298610814,""speed_ratio_cluster_geomean"":0.19127465534453472,""error_better_rows"":63,""ours_pass_rows"":78,""other_pass_rows"":66,""both_pass_rows"":66,""ours_only_pass_rows"":12,""other_only_pass_rows"":0,""median_ours_rms"":6.751216016232497e-08,""median_other_rms"":9.940353514441376e-08}"
regime_attribution,continuum,rank1,rank1_frozen,32,,,"[32,64]",,boundary_mean,2e-05,2e-05,feasibility/pass counts only; error/cost ratios are descriptive across matching primary schedules,3,90,"[""continuum/rank1/n32/seed3600011"",""continuum/rank1/n32/seed3600021"",""continuum/rank1/n32/seed3600031""]","[""continuum/rank1_frozen/n32/seed3600011"",""continuum/rank1_frozen/n32/seed3600021"",""continuum/rank1_frozen/n32/seed3600031""]","{""primary"":[[0.02,0.04,0.06],[0.06,0.04,0.02],[0.03,0.03,0.03,0.03],[0.04,0.08,0.12],[0.12,0.08,0.04]]}",results/frontier-full-review/learning-review.json,/regime_attribution/207,"{""track"":""continuum"",""train_count"":32,""competitor"":""rank1_frozen"",""regime"":""boundary_mean"",""paired_rows"":90,""independent_fields"":3,""error_ratio_cluster_geomean"":1.8498992594659875,""max_ratio_cluster_geomean"":1.7208558921226738,""speed_ratio_cluster_geomean"":0.998788154136041,""error_better_rows"":73,""ours_pass_rows"":78,""other_pass_rows"":78,""both_pass_rows"":78,""ours_only_pass_rows"":0,""other_only_pass_rows"":0,""median_ours_rms"":6.751216016232497e-08,""median_other_rms"":1.2736462755851423e-07}"
regime_attribution,continuum,rank1,rank1_postcompression,32,,,"[32,64]",,boundary_mean,2e-05,2e-05,feasibility/pass counts only; error/cost ratios are descriptive across matching primary schedules,3,90,"[""continuum/rank1/n32/seed3600011"",""continuum/rank1/n32/seed3600021"",""continuum/rank1/n32/seed3600031""]","[""continuum/rank1_postcompression/n32/seed3600011"",""continuum/rank1_postcompression/n32/seed3600021"",""continuum/rank1_postcompression/n32/seed3600031""]","{""primary"":[[0.02,0.04,0.06],[0.06,0.04,0.02],[0.03,0.03,0.03,0.03],[0.04,0.08,0.12],[0.12,0.08,0.04]]}",results/frontier-full-review/learning-review.json,/regime_attribution/208,"{""track"":""continuum"",""train_count"":32,""competitor"":""rank1_postcompression"",""regime"":""boundary_mean"",""paired_rows"":90,""independent_fields"":3,""error_ratio_cluster_geomean"":1.0473433889891723,""max_ratio_cluster_geomean"":1.0836976342507756,""speed_ratio_cluster_geomean"":1.0089290208930908,""error_better_rows"":59,""ours_pass_rows"":78,""other_pass_rows"":78,""both_pass_rows"":78,""ours_only_pass_rows"":0,""other_only_pass_rows"":0,""median_ours_rms"":6.751216016232497e-08,""median_other_rms"":6.751216016232497e-08}"
regime_attribution,continuum,rank1,fno_small,32,,,"[32,64]",,boundary_mean,2e-05,2e-05,feasibility/pass counts only; error/cost ratios are descriptive across matching primary schedules,3,90,"[""continuum/rank1/n32/seed3600011"",""continuum/rank1/n32/seed3600021"",""continuum/rank1/n32/seed3600031""]","[""continuum/fno_small/n32/seed3600011"",""continuum/fno_small/n32/seed3600021"",""continuum/fno_small/n32/seed3600031""]","{""primary"":[[0.02,0.04,0.06],[0.06,0.04,0.02],[0.03,0.03,0.03,0.03],[0.04,0.08,0.12],[0.12,0.08,0.04]]}",results/frontier-full-review/learning-review.json,/regime_attribution/209,"{""track"":""continuum"",""train_count"":32,""competitor"":""fno_small"",""regime"":""boundary_mean"",""paired_rows"":90,""independent_fields"":3,""error_ratio_cluster_geomean"":43.859215990858246,""max_ratio_cluster_geomean"":24.715801251035078,""speed_ratio_cluster_geomean"":0.7317041613315323,""error_better_rows"":90,""ours_pass_rows"":78,""other_pass_rows"":56,""both_pass_rows"":56,""ours_only_pass_rows"":22,""other_only_pass_rows"":0,""median_ours_rms"":6.751216016232497e-08,""median_other_rms"":1.0901529928876801e-05}"
regime_attribution,continuum,rank1,fno_standard,32,,,"[32,64]",,boundary_mean,2e-05,2e-05,feasibility/pass counts only; error/cost ratios are descriptive across matching primary schedules,3,90,"[""continuum/rank1/n32/seed3600011"",""continuum/rank1/n32/seed3600021"",""continuum/rank1/n32/seed3600031""]","[""continuum/fno_standard/n32/seed3600011"",""continuum/fno_standard/n32/seed3600021"",""continuum/fno_standard/n32/seed3600031""]","{""primary"":[[0.02,0.04,0.06],[0.06,0.04,0.02],[0.03,0.03,0.03,0.03],[0.04,0.08,0.12],[0.12,0.08,0.04]]}",results/frontier-full-review/learning-review.json,/regime_attribution/210,"{""track"":""continuum"",""train_count"":32,""competitor"":""fno_standard"",""regime"":""boundary_mean"",""paired_rows"":90,""independent_fields"":3,""error_ratio_cluster_geomean"":38.022264114465045,""max_ratio_cluster_geomean"":23.85463969733622,""speed_ratio_cluster_geomean"":0.7896401498977579,""error_better_rows"":90,""ours_pass_rows"":78,""other_pass_rows"":57,""both_pass_rows"":57,""ours_only_pass_rows"":21,""other_only_pass_rows"":0,""median_ours_rms"":6.751216016232497e-08,""median_other_rms"":9.395783562695443e-06}"
regime_attribution,continuum,rank1,direct_fno,32,,,"[32,64]",,boundary_mean,2e-05,2e-05,feasibility/pass counts only; error/cost ratios are descriptive across matching primary schedules,3,90,"[""continuum/rank1/n32/seed3600011"",""continuum/rank1/n32/seed3600021"",""continuum/rank1/n32/seed3600031""]","[""continuum/direct_fno/n32/seed3600011"",""continuum/direct_fno/n32/seed3600021"",""continuum/direct_fno/n32/seed3600031""]","{""primary"":[[0.02,0.04,0.06],[0.06,0.04,0.02],[0.03,0.03,0.03,0.03],[0.04,0.08,0.12],[0.12,0.08,0.04]]}",results/frontier-full-review/learning-review.json,/regime_attribution/211,"{""track"":""continuum"",""train_count"":32,""competitor"":""direct_fno"",""regime"":""boundary_mean"",""paired_rows"":90,""independent_fields"":3,""error_ratio_cluster_geomean"":77365.36826281689,""max_ratio_cluster_geomean"":51383.186824710356,""speed_ratio_cluster_geomean"":0.14198647202953432,""error_better_rows"":90,""ours_pass_rows"":78,""other_pass_rows"":0,""both_pass_rows"":0,""ours_only_pass_rows"":78,""other_only_pass_rows"":0,""median_ours_rms"":6.751216016232497e-08,""median_other_rms"":0.019284167683796254}"
regime_attribution,continuum,rank1,analytic_quad,32,,,"[32,64]",,boundary_mean,2e-05,2e-05,feasibility/pass counts only; error/cost ratios are descriptive across matching primary schedules,3,90,"[""continuum/rank1/n32/seed3600011"",""continuum/rank1/n32/seed3600021"",""continuum/rank1/n32/seed3600031""]","[""continuum/analytic_quad/n0/seedNone""]","{""primary"":[[0.02,0.04,0.06],[0.06,0.04,0.02],[0.03,0.03,0.03,0.03],[0.04,0.08,0.12],[0.12,0.08,0.04]]}",results/frontier-full-review/learning-review.json,/regime_attribution/212,"{""track"":""continuum"",""train_count"":32,""competitor"":""analytic_quad"",""regime"":""boundary_mean"",""paired_rows"":90,""independent_fields"":3,""error_ratio_cluster_geomean"":1.0276701375852264,""max_ratio_cluster_geomean"":1.0363057776032123,""speed_ratio_cluster_geomean"":1.1338203952346142,""error_better_rows"":63,""ours_pass_rows"":78,""other_pass_rows"":78,""both_pass_rows"":78,""ours_only_pass_rows"":0,""other_only_pass_rows"":0,""median_ours_rms"":6.751216016232497e-08,""median_other_rms"":7.264190089681027e-08}"
regime_attribution,continuum,rank1,analytic_quad_cubic,32,,,"[32,64]",,boundary_mean,2e-05,2e-05,feasibility/pass counts only; error/cost ratios are descriptive across matching primary schedules,3,90,"[""continuum/rank1/n32/seed3600011"",""continuum/rank1/n32/seed3600021"",""continuum/rank1/n32/seed3600031""]","[""continuum/analytic_quad_cubic/n0/seedNone""]","{""primary"":[[0.02,0.04,0.06],[0.06,0.04,0.02],[0.03,0.03,0.03,0.03],[0.04,0.08,0.12],[0.12,0.08,0.04]]}",results/frontier-full-review/learning-review.json,/regime_attribution/213,"{""track"":""continuum"",""train_count"":32,""competitor"":""analytic_quad_cubic"",""regime"":""boundary_mean"",""paired_rows"":90,""independent_fields"":3,""error_ratio_cluster_geomean"":0.4717030398065245,""max_ratio_cluster_geomean"":0.491385644833176,""speed_ratio_cluster_geomean"":3.6222052146446737,""error_better_rows"":39,""ours_pass_rows"":78,""other_pass_rows"":90,""both_pass_rows"":78,""ours_only_pass_rows"":0,""other_only_pass_rows"":12,""median_ours_rms"":6.751216016232497e-08,""median_other_rms"":6.1368903828841e-08}"
regime_attribution,continuum,rank1,df,32,,,"[32,64]",,boundary_mean,2e-05,2e-05,feasibility/pass counts only; error/cost ratios are descriptive across matching primary schedules,3,90,"[""continuum/rank1/n32/seed3600011"",""continuum/rank1/n32/seed3600021"",""continuum/rank1/n32/seed3600031""]","[""continuum/df/n0/seedNone""]","{""primary"":[[0.02,0.04,0.06],[0.06,0.04,0.02],[0.03,0.03,0.03,0.03],[0.04,0.08,0.12],[0.12,0.08,0.04]]}",results/frontier-full-review/learning-review.json,/regime_attribution/214,"{""track"":""continuum"",""train_count"":32,""competitor"":""df"",""regime"":""boundary_mean"",""paired_rows"":90,""independent_fields"":3,""error_ratio_cluster_geomean"":2.5104036740815947,""max_ratio_cluster_geomean"":2.227962956452168,""speed_ratio_cluster_geomean"":0.633008450414745,""error_better_rows"":69,""ours_pass_rows"":78,""other_pass_rows"":72,""both_pass_rows"":72,""ours_only_pass_rows"":6,""other_only_pass_rows"":0,""median_ours_rms"":6.751216016232497e-08,""median_other_rms"":2.29858676203424e-07}"
regime_attribution,continuum,rank1,etdrk4,32,,,"[32,64]",,boundary_mean,2e-05,2e-05,feasibility/pass counts only; error/cost ratios are descriptive across matching primary schedules,3,90,"[""continuum/rank1/n32/seed3600011"",""continuum/rank1/n32/seed3600021"",""continuum/rank1/n32/seed3600031""]","[""continuum/etdrk4/n0/seedNone""]","{""primary"":[[0.02,0.04,0.06],[0.06,0.04,0.02],[0.03,0.03,0.03,0.03],[0.04,0.08,0.12],[0.12,0.08,0.04]]}",results/frontier-full-review/learning-review.json,/regime_attribution/215,"{""track"":""continuum"",""train_count"":32,""competitor"":""etdrk4"",""regime"":""boundary_mean"",""paired_rows"":90,""independent_fields"":3,""error_ratio_cluster_geomean"":3.2084812551006663,""max_ratio_cluster_geomean"":2.29641791583515,""speed_ratio_cluster_geomean"":0.1911981035953167,""error_better_rows"":63,""ours_pass_rows"":78,""other_pass_rows"":66,""both_pass_rows"":66,""ours_only_pass_rows"":12,""other_only_pass_rows"":0,""median_ours_rms"":6.751216016232497e-08,""median_other_rms"":9.940353514441376e-08}"
regime_attribution,discrete,rank1,rank1_frozen,8,,,"[32,64]",,reaction_stiff,2e-05,2e-05,feasibility/pass counts only; error/cost ratios are descriptive across matching primary schedules,3,90,"[""discrete/rank1/n8/seed3600011"",""discrete/rank1/n8/seed3600021"",""discrete/rank1/n8/seed3600031""]","[""discrete/rank1_frozen/n8/seed3600011"",""discrete/rank1_frozen/n8/seed3600021"",""discrete/rank1_frozen/n8/seed3600031""]","{""primary"":[[0.02,0.04,0.06],[0.06,0.04,0.02],[0.03,0.03,0.03,0.03],[0.04,0.08,0.12],[0.12,0.08,0.04]]}",results/frontier-full-review/learning-review.json,/regime_attribution/216,"{""track"":""discrete"",""train_count"":8,""competitor"":""rank1_frozen"",""regime"":""reaction_stiff"",""paired_rows"":90,""independent_fields"":3,""error_ratio_cluster_geomean"":3.3944915889645673,""max_ratio_cluster_geomean"":2.8339044514090426,""speed_ratio_cluster_geomean"":0.9996750044851569,""error_better_rows"":72,""ours_pass_rows"":90,""other_pass_rows"":90,""both_pass_rows"":90,""ours_only_pass_rows"":0,""other_only_pass_rows"":0,""median_ours_rms"":3.244145064661418e-07,""median_other_rms"":1.5134845301499134e-06}"
regime_attribution,discrete,rank1,rank1_postcompression,8,,,"[32,64]",,reaction_stiff,2e-05,2e-05,feasibility/pass counts only; error/cost ratios are descriptive across matching primary schedules,3,90,"[""discrete/rank1/n8/seed3600011"",""discrete/rank1/n8/seed3600021"",""discrete/rank1/n8/seed3600031""]","[""discrete/rank1_postcompression/n8/seed3600011"",""discrete/rank1_postcompression/n8/seed3600021"",""discrete/rank1_postcompression/n8/seed3600031""]","{""primary"":[[0.02,0.04,0.06],[0.06,0.04,0.02],[0.03,0.03,0.03,0.03],[0.04,0.08,0.12],[0.12,0.08,0.04]]}",results/frontier-full-review/learning-review.json,/regime_attribution/217,"{""track"":""discrete"",""train_count"":8,""competitor"":""rank1_postcompression"",""regime"":""reaction_stiff"",""paired_rows"":90,""independent_fields"":3,""error_ratio_cluster_geomean"":1.3193803215991886,""max_ratio_cluster_geomean"":1.2593186522306166,""speed_ratio_cluster_geomean"":1.0645914120410431,""error_better_rows"":66,""ours_pass_rows"":90,""other_pass_rows"":90,""both_pass_rows"":90,""ours_only_pass_rows"":0,""other_only_pass_rows"":0,""median_ours_rms"":3.244145064661418e-07,""median_other_rms"":5.079066845375368e-07}"
regime_attribution,discrete,rank1,fno_small,8,,,"[32,64]",,reaction_stiff,2e-05,2e-05,feasibility/pass counts only; error/cost ratios are descriptive across matching primary schedules,3,90,"[""discrete/rank1/n8/seed3600011"",""discrete/rank1/n8/seed3600021"",""discrete/rank1/n8/seed3600031""]","[""discrete/fno_small/n8/seed3600011"",""discrete/fno_small/n8/seed3600021"",""discrete/fno_small/n8/seed3600031""]","{""primary"":[[0.02,0.04,0.06],[0.06,0.04,0.02],[0.03,0.03,0.03,0.03],[0.04,0.08,0.12],[0.12,0.08,0.04]]}",results/frontier-full-review/learning-review.json,/regime_attribution/218,"{""track"":""discrete"",""train_count"":8,""competitor"":""fno_small"",""regime"":""reaction_stiff"",""paired_rows"":90,""independent_fields"":3,""error_ratio_cluster_geomean"":28.925330866283552,""max_ratio_cluster_geomean"":16.219356207928026,""speed_ratio_cluster_geomean"":0.6457514445419854,""error_better_rows"":90,""ours_pass_rows"":90,""other_pass_rows"":45,""both_pass_rows"":45,""ours_only_pass_rows"":45,""other_only_pass_rows"":0,""median_ours_rms"":3.244145064661418e-07,""median_other_rms"":1.2933729784329824e-05}"
regime_attribution,discrete,rank1,fno_standard,8,,,"[32,64]",,reaction_stiff,2e-05,2e-05,feasibility/pass counts only; error/cost ratios are descriptive across matching primary schedules,3,90,"[""discrete/rank1/n8/seed3600011"",""discrete/rank1/n8/seed3600021"",""discrete/rank1/n8/seed3600031""]","[""discrete/fno_standard/n8/seed3600011"",""discrete/fno_standard/n8/seed3600021"",""discrete/fno_standard/n8/seed3600031""]","{""primary"":[[0.02,0.04,0.06],[0.06,0.04,0.02],[0.03,0.03,0.03,0.03],[0.04,0.08,0.12],[0.12,0.08,0.04]]}",results/frontier-full-review/learning-review.json,/regime_attribution/219,"{""track"":""discrete"",""train_count"":8,""competitor"":""fno_standard"",""regime"":""reaction_stiff"",""paired_rows"":90,""independent_fields"":3,""error_ratio_cluster_geomean"":34.216387679071076,""max_ratio_cluster_geomean"":15.750466312624322,""speed_ratio_cluster_geomean"":0.9269888328755543,""error_better_rows"":90,""ours_pass_rows"":90,""other_pass_rows"":46,""both_pass_rows"":46,""ours_only_pass_rows"":44,""other_only_pass_rows"":0,""median_ours_rms"":3.244145064661418e-07,""median_other_rms"":1.3232338970240202e-05}"
regime_attribution,discrete,rank1,direct_fno,8,,,"[32,64]",,reaction_stiff,2e-05,2e-05,feasibility/pass counts only; error/cost ratios are descriptive across matching primary schedules,3,90,"[""discrete/rank1/n8/seed3600011"",""discrete/rank1/n8/seed3600021"",""discrete/rank1/n8/seed3600031""]","[""discrete/direct_fno/n8/seed3600011"",""discrete/direct_fno/n8/seed3600021"",""discrete/direct_fno/n8/seed3600031""]","{""primary"":[[0.02,0.04,0.06],[0.06,0.04,0.02],[0.03,0.03,0.03,0.03],[0.04,0.08,0.12],[0.12,0.08,0.04]]}",results/frontier-full-review/learning-review.json,/regime_attribution/220,"{""track"":""discrete"",""train_count"":8,""competitor"":""direct_fno"",""regime"":""reaction_stiff"",""paired_rows"":90,""independent_fields"":3,""error_ratio_cluster_geomean"":185204.3958476131,""max_ratio_cluster_geomean"":89903.05672553043,""speed_ratio_cluster_geomean"":0.709502725637963,""error_better_rows"":90,""ours_pass_rows"":90,""other_pass_rows"":0,""both_pass_rows"":0,""ours_only_pass_rows"":90,""other_only_pass_rows"":0,""median_ours_rms"":3.244145064661418e-07,""median_other_rms"":0.07965735575820565}"
regime_attribution,discrete,rank1,analytic_quad,8,,,"[32,64]",,reaction_stiff,2e-05,2e-05,feasibility/pass counts only; error/cost ratios are descriptive across matching primary schedules,3,90,"[""discrete/rank1/n8/seed3600011"",""discrete/rank1/n8/seed3600021"",""discrete/rank1/n8/seed3600031""]","[""discrete/analytic_quad/n0/seedNone""]","{""primary"":[[0.02,0.04,0.06],[0.06,0.04,0.02],[0.03,0.03,0.03,0.03],[0.04,0.08,0.12],[0.12,0.08,0.04]]}",results/frontier-full-review/learning-review.json,/regime_attribution/221,"{""track"":""discrete"",""train_count"":8,""competitor"":""analytic_quad"",""regime"":""reaction_stiff"",""paired_rows"":90,""independent_fields"":3,""error_ratio_cluster_geomean"":0.715886205762713,""max_ratio_cluster_geomean"":0.7914925401897972,""speed_ratio_cluster_geomean"":1.0667466367615763,""error_better_rows"":14,""ours_pass_rows"":90,""other_pass_rows"":90,""both_pass_rows"":90,""ours_only_pass_rows"":0,""other_only_pass_rows"":0,""median_ours_rms"":3.244145064661418e-07,""median_other_rms"":2.7179135195673203e-07}"
regime_attribution,discrete,rank1,analytic_quad_cubic,8,,,"[32,64]",,reaction_stiff,2e-05,2e-05,feasibility/pass counts only; error/cost ratios are descriptive across matching primary schedules,3,90,"[""discrete/rank1/n8/seed3600011"",""discrete/rank1/n8/seed3600021"",""discrete/rank1/n8/seed3600031""]","[""discrete/analytic_quad_cubic/n0/seedNone""]","{""primary"":[[0.02,0.04,0.06],[0.06,0.04,0.02],[0.03,0.03,0.03,0.03],[0.04,0.08,0.12],[0.12,0.08,0.04]]}",results/frontier-full-review/learning-review.json,/regime_attribution/222,"{""track"":""discrete"",""train_count"":8,""competitor"":""analytic_quad_cubic"",""regime"":""reaction_stiff"",""paired_rows"":90,""independent_fields"":3,""error_ratio_cluster_geomean"":0.31804262394560745,""max_ratio_cluster_geomean"":0.3448553579638719,""speed_ratio_cluster_geomean"":3.7022759497610043,""error_better_rows"":3,""ours_pass_rows"":90,""other_pass_rows"":90,""both_pass_rows"":90,""ours_only_pass_rows"":0,""other_only_pass_rows"":0,""median_ours_rms"":3.244145064661418e-07,""median_other_rms"":1.1453272495832679e-07}"
regime_attribution,discrete,rank1,df,8,,,"[32,64]",,reaction_stiff,2e-05,2e-05,feasibility/pass counts only; error/cost ratios are descriptive across matching primary schedules,3,90,"[""discrete/rank1/n8/seed3600011"",""discrete/rank1/n8/seed3600021"",""discrete/rank1/n8/seed3600031""]","[""discrete/df/n0/seedNone""]","{""primary"":[[0.02,0.04,0.06],[0.06,0.04,0.02],[0.03,0.03,0.03,0.03],[0.04,0.08,0.12],[0.12,0.08,0.04]]}",results/frontier-full-review/learning-review.json,/regime_attribution/223,"{""track"":""discrete"",""train_count"":8,""competitor"":""df"",""regime"":""reaction_stiff"",""paired_rows"":90,""independent_fields"":3,""error_ratio_cluster_geomean"":5.825399188224455,""max_ratio_cluster_geomean"":4.763177168020701,""speed_ratio_cluster_geomean"":0.15411261088665637,""error_better_rows"":78,""ours_pass_rows"":90,""other_pass_rows"":66,""both_pass_rows"":66,""ours_only_pass_rows"":24,""other_only_pass_rows"":0,""median_ours_rms"":3.244145064661418e-07,""median_other_rms"":3.1661316701140064e-06}"
regime_attribution,discrete,rank1,etdrk4,8,,,"[32,64]",,reaction_stiff,2e-05,2e-05,feasibility/pass counts only; error/cost ratios are descriptive across matching primary schedules,3,90,"[""discrete/rank1/n8/seed3600011"",""discrete/rank1/n8/seed3600021"",""discrete/rank1/n8/seed3600031""]","[""discrete/etdrk4/n0/seedNone""]","{""primary"":[[0.02,0.04,0.06],[0.06,0.04,0.02],[0.03,0.03,0.03,0.03],[0.04,0.08,0.12],[0.12,0.08,0.04]]}",results/frontier-full-review/learning-review.json,/regime_attribution/224,"{""track"":""discrete"",""train_count"":8,""competitor"":""etdrk4"",""regime"":""reaction_stiff"",""paired_rows"":90,""independent_fields"":3,""error_ratio_cluster_geomean"":261.37684322127694,""max_ratio_cluster_geomean"":111.04349330395877,""speed_ratio_cluster_geomean"":0.22828153304659946,""error_better_rows"":90,""ours_pass_rows"":90,""other_pass_rows"":12,""both_pass_rows"":12,""ours_only_pass_rows"":78,""other_only_pass_rows"":0,""median_ours_rms"":3.244145064661418e-07,""median_other_rms"":8.323916485210729e-05}"
regime_attribution,discrete,rank1,rank1_frozen,32,,,"[32,64]",,reaction_stiff,2e-05,2e-05,feasibility/pass counts only; error/cost ratios are descriptive across matching primary schedules,3,90,"[""discrete/rank1/n32/seed3600011"",""discrete/rank1/n32/seed3600021"",""discrete/rank1/n32/seed3600031""]","[""discrete/rank1_frozen/n32/seed3600011"",""discrete/rank1_frozen/n32/seed3600021"",""discrete/rank1_frozen/n32/seed3600031""]","{""primary"":[[0.02,0.04,0.06],[0.06,0.04,0.02],[0.03,0.03,0.03,0.03],[0.04,0.08,0.12],[0.12,0.08,0.04]]}",results/frontier-full-review/learning-review.json,/regime_attribution/225,"{""track"":""discrete"",""train_count"":32,""competitor"":""rank1_frozen"",""regime"":""reaction_stiff"",""paired_rows"":90,""independent_fields"":3,""error_ratio_cluster_geomean"":2.9450202194588826,""max_ratio_cluster_geomean"":2.5185662263221573,""speed_ratio_cluster_geomean"":0.9980468785673994,""error_better_rows"":73,""ours_pass_rows"":90,""other_pass_rows"":90,""both_pass_rows"":90,""ours_only_pass_rows"":0,""other_only_pass_rows"":0,""median_ours_rms"":4.344886974909611e-07,""median_other_rms"":1.5134845301499134e-06}"
regime_attribution,discrete,rank1,rank1_postcompression,32,,,"[32,64]",,reaction_stiff,2e-05,2e-05,feasibility/pass counts only; error/cost ratios are descriptive across matching primary schedules,3,90,"[""discrete/rank1/n32/seed3600011"",""discrete/rank1/n32/seed3600021"",""discrete/rank1/n32/seed3600031""]","[""discrete/rank1_postcompression/n32/seed3600011"",""discrete/rank1_postcompression/n32/seed3600021"",""discrete/rank1_postcompression/n32/seed3600031""]","{""primary"":[[0.02,0.04,0.06],[0.06,0.04,0.02],[0.03,0.03,0.03,0.03],[0.04,0.08,0.12],[0.12,0.08,0.04]]}",results/frontier-full-review/learning-review.json,/regime_attribution/226,"{""track"":""discrete"",""train_count"":32,""competitor"":""rank1_postcompression"",""regime"":""reaction_stiff"",""paired_rows"":90,""independent_fields"":3,""error_ratio_cluster_geomean"":0.6973704684786268,""max_ratio_cluster_geomean"":0.7236527297460001,""speed_ratio_cluster_geomean"":1.0676004062516222,""error_better_rows"":14,""ours_pass_rows"":90,""other_pass_rows"":90,""both_pass_rows"":90,""ours_only_pass_rows"":0,""other_only_pass_rows"":0,""median_ours_rms"":4.344886974909611e-07,""median_other_rms"":2.9280898099388e-07}"
regime_attribution,discrete,rank1,fno_small,32,,,"[32,64]",,reaction_stiff,2e-05,2e-05,feasibility/pass counts only; error/cost ratios are descriptive across matching primary schedules,3,90,"[""discrete/rank1/n32/seed3600011"",""discrete/rank1/n32/seed3600021"",""discrete/rank1/n32/seed3600031""]","[""discrete/fno_small/n32/seed3600011"",""discrete/fno_small/n32/seed3600021"",""discrete/fno_small/n32/seed3600031""]","{""primary"":[[0.02,0.04,0.06],[0.06,0.04,0.02],[0.03,0.03,0.03,0.03],[0.04,0.08,0.12],[0.12,0.08,0.04]]}",results/frontier-full-review/learning-review.json,/regime_attribution/227,"{""track"":""discrete"",""train_count"":32,""competitor"":""fno_small"",""regime"":""reaction_stiff"",""paired_rows"":90,""independent_fields"":3,""error_ratio_cluster_geomean"":37.30062277215513,""max_ratio_cluster_geomean"":18.876720302949774,""speed_ratio_cluster_geomean"":0.6426085504488059,""error_better_rows"":90,""ours_pass_rows"":90,""other_pass_rows"":36,""both_pass_rows"":36,""ours_only_pass_rows"":54,""other_only_pass_rows"":0,""median_ours_rms"":4.344886974909611e-07,""median_other_rms"":1.7492564096127598e-05}"
regime_attribution,discrete,rank1,fno_standard,32,,,"[32,64]",,reaction_stiff,2e-05,2e-05,feasibility/pass counts only; error/cost ratios are descriptive across matching primary schedules,3,90,"[""discrete/rank1/n32/seed3600011"",""discrete/rank1/n32/seed3600021"",""discrete/rank1/n32/seed3600031""]","[""discrete/fno_standard/n32/seed3600011"",""discrete/fno_standard/n32/seed3600021"",""discrete/fno_standard/n32/seed3600031""]","{""primary"":[[0.02,0.04,0.06],[0.06,0.04,0.02],[0.03,0.03,0.03,0.03],[0.04,0.08,0.12],[0.12,0.08,0.04]]}",results/frontier-full-review/learning-review.json,/regime_attribution/228,"{""track"":""discrete"",""train_count"":32,""competitor"":""fno_standard"",""regime"":""reaction_stiff"",""paired_rows"":90,""independent_fields"":3,""error_ratio_cluster_geomean"":29.175322758532882,""max_ratio_cluster_geomean"":15.243202669331685,""speed_ratio_cluster_geomean"":0.922589368339993,""error_better_rows"":90,""ours_pass_rows"":90,""other_pass_rows"":39,""both_pass_rows"":39,""ours_only_pass_rows"":51,""other_only_pass_rows"":0,""median_ours_rms"":4.344886974909611e-07,""median_other_rms"":1.255859817038836e-05}"
regime_attribution,discrete,rank1,direct_fno,32,,,"[32,64]",,reaction_stiff,2e-05,2e-05,feasibility/pass counts only; error/cost ratios are descriptive across matching primary schedules,3,90,"[""discrete/rank1/n32/seed3600011"",""discrete/rank1/n32/seed3600021"",""discrete/rank1/n32/seed3600031""]","[""discrete/direct_fno/n32/seed3600011"",""discrete/direct_fno/n32/seed3600021"",""discrete/direct_fno/n32/seed3600031""]","{""primary"":[[0.02,0.04,0.06],[0.06,0.04,0.02],[0.03,0.03,0.03,0.03],[0.04,0.08,0.12],[0.12,0.08,0.04]]}",results/frontier-full-review/learning-review.json,/regime_attribution/229,"{""track"":""discrete"",""train_count"":32,""competitor"":""direct_fno"",""regime"":""reaction_stiff"",""paired_rows"":90,""independent_fields"":3,""error_ratio_cluster_geomean"":156461.93623588956,""max_ratio_cluster_geomean"":85779.3422527055,""speed_ratio_cluster_geomean"":0.7082868683596046,""error_better_rows"":90,""ours_pass_rows"":90,""other_pass_rows"":0,""both_pass_rows"":0,""ours_only_pass_rows"":90,""other_only_pass_rows"":0,""median_ours_rms"":4.344886974909611e-07,""median_other_rms"":0.08057733040357709}"
regime_attribution,discrete,rank1,analytic_quad,32,,,"[32,64]",,reaction_stiff,2e-05,2e-05,feasibility/pass counts only; error/cost ratios are descriptive across matching primary schedules,3,90,"[""discrete/rank1/n32/seed3600011"",""discrete/rank1/n32/seed3600021"",""discrete/rank1/n32/seed3600031""]","[""discrete/analytic_quad/n0/seedNone""]","{""primary"":[[0.02,0.04,0.06],[0.06,0.04,0.02],[0.03,0.03,0.03,0.03],[0.04,0.08,0.12],[0.12,0.08,0.04]]}",results/frontier-full-review/learning-review.json,/regime_attribution/230,"{""track"":""discrete"",""train_count"":32,""competitor"":""analytic_quad"",""regime"":""reaction_stiff"",""paired_rows"":90,""independent_fields"":3,""error_ratio_cluster_geomean"":0.6210942921929564,""max_ratio_cluster_geomean"":0.7034204625765724,""speed_ratio_cluster_geomean"":1.0639571714357807,""error_better_rows"":11,""ours_pass_rows"":90,""other_pass_rows"":90,""both_pass_rows"":90,""ours_only_pass_rows"":0,""other_only_pass_rows"":0,""median_ours_rms"":4.344886974909611e-07,""median_other_rms"":2.7179135195673203e-07}"
regime_attribution,discrete,rank1,analytic_quad_cubic,32,,,"[32,64]",,reaction_stiff,2e-05,2e-05,feasibility/pass counts only; error/cost ratios are descriptive across matching primary schedules,3,90,"[""discrete/rank1/n32/seed3600011"",""discrete/rank1/n32/seed3600021"",""discrete/rank1/n32/seed3600031""]","[""discrete/analytic_quad_cubic/n0/seedNone""]","{""primary"":[[0.02,0.04,0.06],[0.06,0.04,0.02],[0.03,0.03,0.03,0.03],[0.04,0.08,0.12],[0.12,0.08,0.04]]}",results/frontier-full-review/learning-review.json,/regime_attribution/231,"{""track"":""discrete"",""train_count"":32,""competitor"":""analytic_quad_cubic"",""regime"":""reaction_stiff"",""paired_rows"":90,""independent_fields"":3,""error_ratio_cluster_geomean"":0.2759299687807677,""max_ratio_cluster_geomean"":0.30648212472449426,""speed_ratio_cluster_geomean"":3.6925947658392655,""error_better_rows"":3,""ours_pass_rows"":90,""other_pass_rows"":90,""both_pass_rows"":90,""ours_only_pass_rows"":0,""other_only_pass_rows"":0,""median_ours_rms"":4.344886974909611e-07,""median_other_rms"":1.1453272495832679e-07}"
regime_attribution,discrete,rank1,df,32,,,"[32,64]",,reaction_stiff,2e-05,2e-05,feasibility/pass counts only; error/cost ratios are descriptive across matching primary schedules,3,90,"[""discrete/rank1/n32/seed3600011"",""discrete/rank1/n32/seed3600021"",""discrete/rank1/n32/seed3600031""]","[""discrete/df/n0/seedNone""]","{""primary"":[[0.02,0.04,0.06],[0.06,0.04,0.02],[0.03,0.03,0.03,0.03],[0.04,0.08,0.12],[0.12,0.08,0.04]]}",results/frontier-full-review/learning-review.json,/regime_attribution/232,"{""track"":""discrete"",""train_count"":32,""competitor"":""df"",""regime"":""reaction_stiff"",""paired_rows"":90,""independent_fields"":3,""error_ratio_cluster_geomean"":5.054046518045285,""max_ratio_cluster_geomean"":4.233162179974364,""speed_ratio_cluster_geomean"":0.153709617552043,""error_better_rows"":75,""ours_pass_rows"":90,""other_pass_rows"":66,""both_pass_rows"":66,""ours_only_pass_rows"":24,""other_only_pass_rows"":0,""median_ours_rms"":4.344886974909611e-07,""median_other_rms"":3.1661316701140064e-06}"
regime_attribution,discrete,rank1,etdrk4,32,,,"[32,64]",,reaction_stiff,2e-05,2e-05,feasibility/pass counts only; error/cost ratios are descriptive across matching primary schedules,3,90,"[""discrete/rank1/n32/seed3600011"",""discrete/rank1/n32/seed3600021"",""discrete/rank1/n32/seed3600031""]","[""discrete/etdrk4/n0/seedNone""]","{""primary"":[[0.02,0.04,0.06],[0.06,0.04,0.02],[0.03,0.03,0.03,0.03],[0.04,0.08,0.12],[0.12,0.08,0.04]]}",results/frontier-full-review/learning-review.json,/regime_attribution/233,"{""track"":""discrete"",""train_count"":32,""competitor"":""etdrk4"",""regime"":""reaction_stiff"",""paired_rows"":90,""independent_fields"":3,""error_ratio_cluster_geomean"":226.76741656614234,""max_ratio_cluster_geomean"":98.68730462988142,""speed_ratio_cluster_geomean"":0.22768459334319804,""error_better_rows"":90,""ours_pass_rows"":90,""other_pass_rows"":12,""both_pass_rows"":12,""ours_only_pass_rows"":78,""other_only_pass_rows"":0,""median_ours_rms"":4.344886974909611e-07,""median_other_rms"":8.323916485210729e-05}"
regime_attribution,continuum,rank1,rank1_frozen,8,,,"[32,64]",,reaction_stiff,2e-05,2e-05,feasibility/pass counts only; error/cost ratios are descriptive across matching primary schedules,3,90,"[""continuum/rank1/n8/seed3600011"",""continuum/rank1/n8/seed3600021"",""continuum/rank1/n8/seed3600031""]","[""continuum/rank1_frozen/n8/seed3600011"",""continuum/rank1_frozen/n8/seed3600021"",""continuum/rank1_frozen/n8/seed3600031""]","{""primary"":[[0.02,0.04,0.06],[0.06,0.04,0.02],[0.03,0.03,0.03,0.03],[0.04,0.08,0.12],[0.12,0.08,0.04]]}",results/frontier-full-review/learning-review.json,/regime_attribution/234,"{""track"":""continuum"",""train_count"":8,""competitor"":""rank1_frozen"",""regime"":""reaction_stiff"",""paired_rows"":90,""independent_fields"":3,""error_ratio_cluster_geomean"":2.177084943218625,""max_ratio_cluster_geomean"":2.3022598090948883,""speed_ratio_cluster_geomean"":0.9972124464897252,""error_better_rows"":69,""ours_pass_rows"":90,""other_pass_rows"":90,""both_pass_rows"":90,""ours_only_pass_rows"":0,""other_only_pass_rows"":0,""median_ours_rms"":9.484163353389969e-07,""median_other_rms"":1.080066663080206e-06}"
regime_attribution,continuum,rank1,rank1_postcompression,8,,,"[32,64]",,reaction_stiff,2e-05,2e-05,feasibility/pass counts only; error/cost ratios are descriptive across matching primary schedules,3,90,"[""continuum/rank1/n8/seed3600011"",""continuum/rank1/n8/seed3600021"",""continuum/rank1/n8/seed3600031""]","[""continuum/rank1_postcompression/n8/seed3600011"",""continuum/rank1_postcompression/n8/seed3600021"",""continuum/rank1_postcompression/n8/seed3600031""]","{""primary"":[[0.02,0.04,0.06],[0.06,0.04,0.02],[0.03,0.03,0.03,0.03],[0.04,0.08,0.12],[0.12,0.08,0.04]]}",results/frontier-full-review/learning-review.json,/regime_attribution/235,"{""track"":""continuum"",""train_count"":8,""competitor"":""rank1_postcompression"",""regime"":""reaction_stiff"",""paired_rows"":90,""independent_fields"":3,""error_ratio_cluster_geomean"":0.8543630567388463,""max_ratio_cluster_geomean"":0.9540791419503419,""speed_ratio_cluster_geomean"":1.011037115326801,""error_better_rows"":29,""ours_pass_rows"":90,""other_pass_rows"":90,""both_pass_rows"":90,""ours_only_pass_rows"":0,""other_only_pass_rows"":0,""median_ours_rms"":9.484163353389969e-07,""median_other_rms"":5.319764386940296e-07}"
regime_attribution,continuum,rank1,fno_small,8,,,"[32,64]",,reaction_stiff,2e-05,2e-05,feasibility/pass counts only; error/cost ratios are descriptive across matching primary schedules,3,90,"[""continuum/rank1/n8/seed3600011"",""continuum/rank1/n8/seed3600021"",""continuum/rank1/n8/seed3600031""]","[""continuum/fno_small/n8/seed3600011"",""continuum/fno_small/n8/seed3600021"",""continuum/fno_small/n8/seed3600031""]","{""primary"":[[0.02,0.04,0.06],[0.06,0.04,0.02],[0.03,0.03,0.03,0.03],[0.04,0.08,0.12],[0.12,0.08,0.04]]}",results/frontier-full-review/learning-review.json,/regime_attribution/236,"{""track"":""continuum"",""train_count"":8,""competitor"":""fno_small"",""regime"":""reaction_stiff"",""paired_rows"":90,""independent_fields"":3,""error_ratio_cluster_geomean"":33.37937505968709,""max_ratio_cluster_geomean"":18.697303538941036,""speed_ratio_cluster_geomean"":0.7409728013332717,""error_better_rows"":90,""ours_pass_rows"":90,""other_pass_rows"":39,""both_pass_rows"":39,""ours_only_pass_rows"":51,""other_only_pass_rows"":0,""median_ours_rms"":9.484163353389969e-07,""median_other_rms"":1.5299463223209126e-05}"
regime_attribution,continuum,rank1,fno_standard,8,,,"[32,64]",,reaction_stiff,2e-05,2e-05,feasibility/pass counts only; error/cost ratios are descriptive across matching primary schedules,3,90,"[""continuum/rank1/n8/seed3600011"",""continuum/rank1/n8/seed3600021"",""continuum/rank1/n8/seed3600031""]","[""continuum/fno_standard/n8/seed3600011"",""continuum/fno_standard/n8/seed3600021"",""continuum/fno_standard/n8/seed3600031""]","{""primary"":[[0.02,0.04,0.06],[0.06,0.04,0.02],[0.03,0.03,0.03,0.03],[0.04,0.08,0.12],[0.12,0.08,0.04]]}",results/frontier-full-review/learning-review.json,/regime_attribution/237,"{""track"":""continuum"",""train_count"":8,""competitor"":""fno_standard"",""regime"":""reaction_stiff"",""paired_rows"":90,""independent_fields"":3,""error_ratio_cluster_geomean"":13.695185135232109,""max_ratio_cluster_geomean"":8.664313213599199,""speed_ratio_cluster_geomean"":0.7962141038208491,""error_better_rows"":90,""ours_pass_rows"":90,""other_pass_rows"":56,""both_pass_rows"":56,""ours_only_pass_rows"":34,""other_only_pass_rows"":0,""median_ours_rms"":9.484163353389969e-07,""median_other_rms"":6.8393595203654285e-06}"
regime_attribution,continuum,rank1,direct_fno,8,,,"[32,64]",,reaction_stiff,2e-05,2e-05,feasibility/pass counts only; error/cost ratios are descriptive across matching primary schedules,3,90,"[""continuum/rank1/n8/seed3600011"",""continuum/rank1/n8/seed3600021"",""continuum/rank1/n8/seed3600031""]","[""continuum/direct_fno/n8/seed3600011"",""continuum/direct_fno/n8/seed3600021"",""continuum/direct_fno/n8/seed3600031""]","{""primary"":[[0.02,0.04,0.06],[0.06,0.04,0.02],[0.03,0.03,0.03,0.03],[0.04,0.08,0.12],[0.12,0.08,0.04]]}",results/frontier-full-review/learning-review.json,/regime_attribution/238,"{""track"":""continuum"",""train_count"":8,""competitor"":""direct_fno"",""regime"":""reaction_stiff"",""paired_rows"":90,""independent_fields"":3,""error_ratio_cluster_geomean"":125342.73980793708,""max_ratio_cluster_geomean"":78478.86078772978,""speed_ratio_cluster_geomean"":0.1380232252667538,""error_better_rows"":90,""ours_pass_rows"":90,""other_pass_rows"":0,""both_pass_rows"":0,""ours_only_pass_rows"":90,""other_only_pass_rows"":0,""median_ours_rms"":9.484163353389969e-07,""median_other_rms"":0.06578007796858559}"
regime_attribution,continuum,rank1,analytic_quad,8,,,"[32,64]",,reaction_stiff,2e-05,2e-05,feasibility/pass counts only; error/cost ratios are descriptive across matching primary schedules,3,90,"[""continuum/rank1/n8/seed3600011"",""continuum/rank1/n8/seed3600021"",""continuum/rank1/n8/seed3600031""]","[""continuum/analytic_quad/n0/seedNone""]","{""primary"":[[0.02,0.04,0.06],[0.06,0.04,0.02],[0.03,0.03,0.03,0.03],[0.04,0.08,0.12],[0.12,0.08,0.04]]}",results/frontier-full-review/learning-review.json,/regime_attribution/239,"{""track"":""continuum"",""train_count"":8,""competitor"":""analytic_quad"",""regime"":""reaction_stiff"",""paired_rows"":90,""independent_fields"":3,""error_ratio_cluster_geomean"":0.9016253169965488,""max_ratio_cluster_geomean"":0.9397125976743866,""speed_ratio_cluster_geomean"":1.1243377033544009,""error_better_rows"":32,""ours_pass_rows"":90,""other_pass_rows"":90,""both_pass_rows"":90,""ours_only_pass_rows"":0,""other_only_pass_rows"":0,""median_ours_rms"":9.484163353389969e-07,""median_other_rms"":8.274416475642488e-07}"
regime_attribution,continuum,rank1,analytic_quad_cubic,8,,,"[32,64]",,reaction_stiff,2e-05,2e-05,feasibility/pass counts only; error/cost ratios are descriptive across matching primary schedules,3,90,"[""continuum/rank1/n8/seed3600011"",""continuum/rank1/n8/seed3600021"",""continuum/rank1/n8/seed3600031""]","[""continuum/analytic_quad_cubic/n0/seedNone""]","{""primary"":[[0.02,0.04,0.06],[0.06,0.04,0.02],[0.03,0.03,0.03,0.03],[0.04,0.08,0.12],[0.12,0.08,0.04]]}",results/frontier-full-review/learning-review.json,/regime_attribution/240,"{""track"":""continuum"",""train_count"":8,""competitor"":""analytic_quad_cubic"",""regime"":""reaction_stiff"",""paired_rows"":90,""independent_fields"":3,""error_ratio_cluster_geomean"":0.6072455923427246,""max_ratio_cluster_geomean"":0.5260826225406122,""speed_ratio_cluster_geomean"":3.5458281115525856,""error_better_rows"":8,""ours_pass_rows"":90,""other_pass_rows"":90,""both_pass_rows"":90,""ours_only_pass_rows"":0,""other_only_pass_rows"":0,""median_ours_rms"":9.484163353389969e-07,""median_other_rms"":5.84119820566426e-07}"
regime_attribution,continuum,rank1,df,8,,,"[32,64]",,reaction_stiff,2e-05,2e-05,feasibility/pass counts only; error/cost ratios are descriptive across matching primary schedules,3,90,"[""continuum/rank1/n8/seed3600011"",""continuum/rank1/n8/seed3600021"",""continuum/rank1/n8/seed3600031""]","[""continuum/df/n0/seedNone""]","{""primary"":[[0.02,0.04,0.06],[0.06,0.04,0.02],[0.03,0.03,0.03,0.03],[0.04,0.08,0.12],[0.12,0.08,0.04]]}",results/frontier-full-review/learning-review.json,/regime_attribution/241,"{""track"":""continuum"",""train_count"":8,""competitor"":""df"",""regime"":""reaction_stiff"",""paired_rows"":90,""independent_fields"":3,""error_ratio_cluster_geomean"":3.910012097175075,""max_ratio_cluster_geomean"":3.8488037762789964,""speed_ratio_cluster_geomean"":0.6409651190557533,""error_better_rows"":80,""ours_pass_rows"":90,""other_pass_rows"":66,""both_pass_rows"":66,""ours_only_pass_rows"":24,""other_only_pass_rows"":0,""median_ours_rms"":9.484163353389969e-07,""median_other_rms"":2.507089697154467e-06}"
regime_attribution,continuum,rank1,etdrk4,8,,,"[32,64]",,reaction_stiff,2e-05,2e-05,feasibility/pass counts only; error/cost ratios are descriptive across matching primary schedules,3,90,"[""continuum/rank1/n8/seed3600011"",""continuum/rank1/n8/seed3600021"",""continuum/rank1/n8/seed3600031""]","[""continuum/etdrk4/n0/seedNone""]","{""primary"":[[0.02,0.04,0.06],[0.06,0.04,0.02],[0.03,0.03,0.03,0.03],[0.04,0.08,0.12],[0.12,0.08,0.04]]}",results/frontier-full-review/learning-review.json,/regime_attribution/242,"{""track"":""continuum"",""train_count"":8,""competitor"":""etdrk4"",""regime"":""reaction_stiff"",""paired_rows"":90,""independent_fields"":3,""error_ratio_cluster_geomean"":181.91593012091286,""max_ratio_cluster_geomean"":93.32620695667636,""speed_ratio_cluster_geomean"":0.18557664275624386,""error_better_rows"":90,""ours_pass_rows"":90,""other_pass_rows"":12,""both_pass_rows"":12,""ours_only_pass_rows"":78,""other_only_pass_rows"":0,""median_ours_rms"":9.484163353389969e-07,""median_other_rms"":8.3169629467066e-05}"
regime_attribution,continuum,rank1,rank1_frozen,32,,,"[32,64]",,reaction_stiff,2e-05,2e-05,feasibility/pass counts only; error/cost ratios are descriptive across matching primary schedules,3,90,"[""continuum/rank1/n32/seed3600011"",""continuum/rank1/n32/seed3600021"",""continuum/rank1/n32/seed3600031""]","[""continuum/rank1_frozen/n32/seed3600011"",""continuum/rank1_frozen/n32/seed3600021"",""continuum/rank1_frozen/n32/seed3600031""]","{""primary"":[[0.02,0.04,0.06],[0.06,0.04,0.02],[0.03,0.03,0.03,0.03],[0.04,0.08,0.12],[0.12,0.08,0.04]]}",results/frontier-full-review/learning-review.json,/regime_attribution/243,"{""track"":""continuum"",""train_count"":32,""competitor"":""rank1_frozen"",""regime"":""reaction_stiff"",""paired_rows"":90,""independent_fields"":3,""error_ratio_cluster_geomean"":1.7697119496986935,""max_ratio_cluster_geomean"":1.8824953617536684,""speed_ratio_cluster_geomean"":1.0018481936957648,""error_better_rows"":63,""ours_pass_rows"":90,""other_pass_rows"":90,""both_pass_rows"":90,""ours_only_pass_rows"":0,""other_only_pass_rows"":0,""median_ours_rms"":1.1059410227712652e-06,""median_other_rms"":1.080066663080206e-06}"
regime_attribution,continuum,rank1,rank1_postcompression,32,,,"[32,64]",,reaction_stiff,2e-05,2e-05,feasibility/pass counts only; error/cost ratios are descriptive across matching primary schedules,3,90,"[""continuum/rank1/n32/seed3600011"",""continuum/rank1/n32/seed3600021"",""continuum/rank1/n32/seed3600031""]","[""continuum/rank1_postcompression/n32/seed3600011"",""continuum/rank1_postcompression/n32/seed3600021"",""continuum/rank1_postcompression/n32/seed3600031""]","{""primary"":[[0.02,0.04,0.06],[0.06,0.04,0.02],[0.03,0.03,0.03,0.03],[0.04,0.08,0.12],[0.12,0.08,0.04]]}",results/frontier-full-review/learning-review.json,/regime_attribution/244,"{""track"":""continuum"",""train_count"":32,""competitor"":""rank1_postcompression"",""regime"":""reaction_stiff"",""paired_rows"":90,""independent_fields"":3,""error_ratio_cluster_geomean"":0.7004686954485421,""max_ratio_cluster_geomean"":0.7120644343438655,""speed_ratio_cluster_geomean"":1.014892907280404,""error_better_rows"":7,""ours_pass_rows"":90,""other_pass_rows"":90,""both_pass_rows"":90,""ours_only_pass_rows"":0,""other_only_pass_rows"":0,""median_ours_rms"":1.1059410227712652e-06,""median_other_rms"":6.87684868443557e-07}"
regime_attribution,continuum,rank1,fno_small,32,,,"[32,64]",,reaction_stiff,2e-05,2e-05,feasibility/pass counts only; error/cost ratios are descriptive across matching primary schedules,3,90,"[""continuum/rank1/n32/seed3600011"",""continuum/rank1/n32/seed3600021"",""continuum/rank1/n32/seed3600031""]","[""continuum/fno_small/n32/seed3600011"",""continuum/fno_small/n32/seed3600021"",""continuum/fno_small/n32/seed3600031""]","{""primary"":[[0.02,0.04,0.06],[0.06,0.04,0.02],[0.03,0.03,0.03,0.03],[0.04,0.08,0.12],[0.12,0.08,0.04]]}",results/frontier-full-review/learning-review.json,/regime_attribution/245,"{""track"":""continuum"",""train_count"":32,""competitor"":""fno_small"",""regime"":""reaction_stiff"",""paired_rows"":90,""independent_fields"":3,""error_ratio_cluster_geomean"":20.213121583652576,""max_ratio_cluster_geomean"":12.198928339546962,""speed_ratio_cluster_geomean"":0.743062440685392,""error_better_rows"":90,""ours_pass_rows"":90,""other_pass_rows"":43,""both_pass_rows"":43,""ours_only_pass_rows"":47,""other_only_pass_rows"":0,""median_ours_rms"":1.1059410227712652e-06,""median_other_rms"":1.3314070045567215e-05}"
regime_attribution,continuum,rank1,fno_standard,32,,,"[32,64]",,reaction_stiff,2e-05,2e-05,feasibility/pass counts only; error/cost ratios are descriptive across matching primary schedules,3,90,"[""continuum/rank1/n32/seed3600011"",""continuum/rank1/n32/seed3600021"",""continuum/rank1/n32/seed3600031""]","[""continuum/fno_standard/n32/seed3600011"",""continuum/fno_standard/n32/seed3600021"",""continuum/fno_standard/n32/seed3600031""]","{""primary"":[[0.02,0.04,0.06],[0.06,0.04,0.02],[0.03,0.03,0.03,0.03],[0.04,0.08,0.12],[0.12,0.08,0.04]]}",results/frontier-full-review/learning-review.json,/regime_attribution/246,"{""track"":""continuum"",""train_count"":32,""competitor"":""fno_standard"",""regime"":""reaction_stiff"",""paired_rows"":90,""independent_fields"":3,""error_ratio_cluster_geomean"":21.745569308245667,""max_ratio_cluster_geomean"":11.779689978851502,""speed_ratio_cluster_geomean"":0.7978676019673654,""error_better_rows"":90,""ours_pass_rows"":90,""other_pass_rows"":41,""both_pass_rows"":41,""ours_only_pass_rows"":49,""other_only_pass_rows"":0,""median_ours_rms"":1.1059410227712652e-06,""median_other_rms"":1.5846090027060287e-05}"
regime_attribution,continuum,rank1,direct_fno,32,,,"[32,64]",,reaction_stiff,2e-05,2e-05,feasibility/pass counts only; error/cost ratios are descriptive across matching primary schedules,3,90,"[""continuum/rank1/n32/seed3600011"",""continuum/rank1/n32/seed3600021"",""continuum/rank1/n32/seed3600031""]","[""continuum/direct_fno/n32/seed3600011"",""continuum/direct_fno/n32/seed3600021"",""continuum/direct_fno/n32/seed3600031""]","{""primary"":[[0.02,0.04,0.06],[0.06,0.04,0.02],[0.03,0.03,0.03,0.03],[0.04,0.08,0.12],[0.12,0.08,0.04]]}",results/frontier-full-review/learning-review.json,/regime_attribution/247,"{""track"":""continuum"",""train_count"":32,""competitor"":""direct_fno"",""regime"":""reaction_stiff"",""paired_rows"":90,""independent_fields"":3,""error_ratio_cluster_geomean"":103242.56798901634,""max_ratio_cluster_geomean"":65576.63164906348,""speed_ratio_cluster_geomean"":0.13948295279984313,""error_better_rows"":90,""ours_pass_rows"":90,""other_pass_rows"":0,""both_pass_rows"":0,""ours_only_pass_rows"":90,""other_only_pass_rows"":0,""median_ours_rms"":1.1059410227712652e-06,""median_other_rms"":0.06743319276435551}"
regime_attribution,continuum,rank1,analytic_quad,32,,,"[32,64]",,reaction_stiff,2e-05,2e-05,feasibility/pass counts only; error/cost ratios are descriptive across matching primary schedules,3,90,"[""continuum/rank1/n32/seed3600011"",""continuum/rank1/n32/seed3600021"",""continuum/rank1/n32/seed3600031""]","[""continuum/analytic_quad/n0/seedNone""]","{""primary"":[[0.02,0.04,0.06],[0.06,0.04,0.02],[0.03,0.03,0.03,0.03],[0.04,0.08,0.12],[0.12,0.08,0.04]]}",results/frontier-full-review/learning-review.json,/regime_attribution/248,"{""track"":""continuum"",""train_count"":32,""competitor"":""analytic_quad"",""regime"":""reaction_stiff"",""paired_rows"":90,""independent_fields"":3,""error_ratio_cluster_geomean"":0.7329144885273462,""max_ratio_cluster_geomean"":0.7683774869870101,""speed_ratio_cluster_geomean"":1.12748778283387,""error_better_rows"":13,""ours_pass_rows"":90,""other_pass_rows"":90,""both_pass_rows"":90,""ours_only_pass_rows"":0,""other_only_pass_rows"":0,""median_ours_rms"":1.1059410227712652e-06,""median_other_rms"":8.274416475642488e-07}"
regime_attribution,continuum,rank1,analytic_quad_cubic,32,,,"[32,64]",,reaction_stiff,2e-05,2e-05,feasibility/pass counts only; error/cost ratios are descriptive across matching primary schedules,3,90,"[""continuum/rank1/n32/seed3600011"",""continuum/rank1/n32/seed3600021"",""continuum/rank1/n32/seed3600031""]","[""continuum/analytic_quad_cubic/n0/seedNone""]","{""primary"":[[0.02,0.04,0.06],[0.06,0.04,0.02],[0.03,0.03,0.03,0.03],[0.04,0.08,0.12],[0.12,0.08,0.04]]}",results/frontier-full-review/learning-review.json,/regime_attribution/249,"{""track"":""continuum"",""train_count"":32,""competitor"":""analytic_quad_cubic"",""regime"":""reaction_stiff"",""paired_rows"":90,""independent_fields"":3,""error_ratio_cluster_geomean"":0.49361867322549563,""max_ratio_cluster_geomean"":0.4301634823835346,""speed_ratio_cluster_geomean"":3.5557625292445327,""error_better_rows"":4,""ours_pass_rows"":90,""other_pass_rows"":90,""both_pass_rows"":90,""ours_only_pass_rows"":0,""other_only_pass_rows"":0,""median_ours_rms"":1.1059410227712652e-06,""median_other_rms"":5.84119820566426e-07}"
regime_attribution,continuum,rank1,df,32,,,"[32,64]",,reaction_stiff,2e-05,2e-05,feasibility/pass counts only; error/cost ratios are descriptive across matching primary schedules,3,90,"[""continuum/rank1/n32/seed3600011"",""continuum/rank1/n32/seed3600021"",""continuum/rank1/n32/seed3600031""]","[""continuum/df/n0/seedNone""]","{""primary"":[[0.02,0.04,0.06],[0.06,0.04,0.02],[0.03,0.03,0.03,0.03],[0.04,0.08,0.12],[0.12,0.08,0.04]]}",results/frontier-full-review/learning-review.json,/regime_attribution/250,"{""track"":""continuum"",""train_count"":32,""competitor"":""df"",""regime"":""reaction_stiff"",""paired_rows"":90,""independent_fields"":3,""error_ratio_cluster_geomean"":3.178376274839869,""max_ratio_cluster_geomean"":3.147062389971381,""speed_ratio_cluster_geomean"":0.6427609238771776,""error_better_rows"":80,""ours_pass_rows"":90,""other_pass_rows"":66,""both_pass_rows"":66,""ours_only_pass_rows"":24,""other_only_pass_rows"":0,""median_ours_rms"":1.1059410227712652e-06,""median_other_rms"":2.507089697154467e-06}"
regime_attribution,continuum,rank1,etdrk4,32,,,"[32,64]",,reaction_stiff,2e-05,2e-05,feasibility/pass counts only; error/cost ratios are descriptive across matching primary schedules,3,90,"[""continuum/rank1/n32/seed3600011"",""continuum/rank1/n32/seed3600021"",""continuum/rank1/n32/seed3600031""]","[""continuum/etdrk4/n0/seedNone""]","{""primary"":[[0.02,0.04,0.06],[0.06,0.04,0.02],[0.03,0.03,0.03,0.03],[0.04,0.08,0.12],[0.12,0.08,0.04]]}",results/frontier-full-review/learning-review.json,/regime_attribution/251,"{""track"":""continuum"",""train_count"":32,""competitor"":""etdrk4"",""regime"":""reaction_stiff"",""paired_rows"":90,""independent_fields"":3,""error_ratio_cluster_geomean"":147.8760837413971,""max_ratio_cluster_geomean"":76.31030652230145,""speed_ratio_cluster_geomean"":0.186096576555912,""error_better_rows"":90,""ours_pass_rows"":90,""other_pass_rows"":12,""both_pass_rows"":12,""ours_only_pass_rows"":78,""other_only_pass_rows"":0,""median_ours_rms"":1.1059410227712652e-06,""median_other_rms"":8.3169629467066e-05}"
regime_attribution,discrete,rank1,rank1_frozen,8,,,"[32,64]",,diffusion_stiff,2e-05,2e-05,feasibility/pass counts only; error/cost ratios are descriptive across matching primary schedules,3,90,"[""discrete/rank1/n8/seed3600011"",""discrete/rank1/n8/seed3600021"",""discrete/rank1/n8/seed3600031""]","[""discrete/rank1_frozen/n8/seed3600011"",""discrete/rank1_frozen/n8/seed3600021"",""discrete/rank1_frozen/n8/seed3600031""]","{""primary"":[[0.02,0.04,0.06],[0.06,0.04,0.02],[0.03,0.03,0.03,0.03],[0.04,0.08,0.12],[0.12,0.08,0.04]]}",results/frontier-full-review/learning-review.json,/regime_attribution/252,"{""track"":""discrete"",""train_count"":8,""competitor"":""rank1_frozen"",""regime"":""diffusion_stiff"",""paired_rows"":90,""independent_fields"":3,""error_ratio_cluster_geomean"":2.044345144771735,""max_ratio_cluster_geomean"":1.9924383826769796,""speed_ratio_cluster_geomean"":1.0027605682490435,""error_better_rows"":90,""ours_pass_rows"":90,""other_pass_rows"":90,""both_pass_rows"":90,""ours_only_pass_rows"":0,""other_only_pass_rows"":0,""median_ours_rms"":3.7867711714725525e-06,""median_other_rms"":9.148264788851267e-06}"
regime_attribution,discrete,rank1,rank1_postcompression,8,,,"[32,64]",,diffusion_stiff,2e-05,2e-05,feasibility/pass counts only; error/cost ratios are descriptive across matching primary schedules,3,90,"[""discrete/rank1/n8/seed3600011"",""discrete/rank1/n8/seed3600021"",""discrete/rank1/n8/seed3600031""]","[""discrete/rank1_postcompression/n8/seed3600011"",""discrete/rank1_postcompression/n8/seed3600021"",""discrete/rank1_postcompression/n8/seed3600031""]","{""primary"":[[0.02,0.04,0.06],[0.06,0.04,0.02],[0.03,0.03,0.03,0.03],[0.04,0.08,0.12],[0.12,0.08,0.04]]}",results/frontier-full-review/learning-review.json,/regime_attribution/253,"{""track"":""discrete"",""train_count"":8,""competitor"":""rank1_postcompression"",""regime"":""diffusion_stiff"",""paired_rows"":90,""independent_fields"":3,""error_ratio_cluster_geomean"":1.9814218063820017,""max_ratio_cluster_geomean"":1.8892968140345585,""speed_ratio_cluster_geomean"":1.0678053985459015,""error_better_rows"":90,""ours_pass_rows"":90,""other_pass_rows"":90,""both_pass_rows"":90,""ours_only_pass_rows"":0,""other_only_pass_rows"":0,""median_ours_rms"":3.7867711714725525e-06,""median_other_rms"":8.120760087864265e-06}"
regime_attribution,discrete,rank1,fno_small,8,,,"[32,64]",,diffusion_stiff,2e-05,2e-05,feasibility/pass counts only; error/cost ratios are descriptive across matching primary schedules,3,90,"[""discrete/rank1/n8/seed3600011"",""discrete/rank1/n8/seed3600021"",""discrete/rank1/n8/seed3600031""]","[""discrete/fno_small/n8/seed3600011"",""discrete/fno_small/n8/seed3600021"",""discrete/fno_small/n8/seed3600031""]","{""primary"":[[0.02,0.04,0.06],[0.06,0.04,0.02],[0.03,0.03,0.03,0.03],[0.04,0.08,0.12],[0.12,0.08,0.04]]}",results/frontier-full-review/learning-review.json,/regime_attribution/254,"{""track"":""discrete"",""train_count"":8,""competitor"":""fno_small"",""regime"":""diffusion_stiff"",""paired_rows"":90,""independent_fields"":3,""error_ratio_cluster_geomean"":3.4739331492673005,""max_ratio_cluster_geomean"":3.6963032817841937,""speed_ratio_cluster_geomean"":0.6475857738916913,""error_better_rows"":84,""ours_pass_rows"":90,""other_pass_rows"":58,""both_pass_rows"":58,""ours_only_pass_rows"":32,""other_only_pass_rows"":0,""median_ours_rms"":3.7867711714725525e-06,""median_other_rms"":1.2913492742378024e-05}"
regime_attribution,discrete,rank1,fno_standard,8,,,"[32,64]",,diffusion_stiff,2e-05,2e-05,feasibility/pass counts only; error/cost ratios are descriptive across matching primary schedules,3,90,"[""discrete/rank1/n8/seed3600011"",""discrete/rank1/n8/seed3600021"",""discrete/rank1/n8/seed3600031""]","[""discrete/fno_standard/n8/seed3600011"",""discrete/fno_standard/n8/seed3600021"",""discrete/fno_standard/n8/seed3600031""]","{""primary"":[[0.02,0.04,0.06],[0.06,0.04,0.02],[0.03,0.03,0.03,0.03],[0.04,0.08,0.12],[0.12,0.08,0.04]]}",results/frontier-full-review/learning-review.json,/regime_attribution/255,"{""track"":""discrete"",""train_count"":8,""competitor"":""fno_standard"",""regime"":""diffusion_stiff"",""paired_rows"":90,""independent_fields"":3,""error_ratio_cluster_geomean"":2.8385927458903892,""max_ratio_cluster_geomean"":2.9468009267704534,""speed_ratio_cluster_geomean"":0.9273858954066405,""error_better_rows"":69,""ours_pass_rows"":90,""other_pass_rows"":67,""both_pass_rows"":67,""ours_only_pass_rows"":23,""other_only_pass_rows"":0,""median_ours_rms"":3.7867711714725525e-06,""median_other_rms"":1.1287213040552871e-05}"
regime_attribution,discrete,rank1,direct_fno,8,,,"[32,64]",,diffusion_stiff,2e-05,2e-05,feasibility/pass counts only; error/cost ratios are descriptive across matching primary schedules,3,90,"[""discrete/rank1/n8/seed3600011"",""discrete/rank1/n8/seed3600021"",""discrete/rank1/n8/seed3600031""]","[""discrete/direct_fno/n8/seed3600011"",""discrete/direct_fno/n8/seed3600021"",""discrete/direct_fno/n8/seed3600031""]","{""primary"":[[0.02,0.04,0.06],[0.06,0.04,0.02],[0.03,0.03,0.03,0.03],[0.04,0.08,0.12],[0.12,0.08,0.04]]}",results/frontier-full-review/learning-review.json,/regime_attribution/256,"{""track"":""discrete"",""train_count"":8,""competitor"":""direct_fno"",""regime"":""diffusion_stiff"",""paired_rows"":90,""independent_fields"":3,""error_ratio_cluster_geomean"":18685.097296976553,""max_ratio_cluster_geomean"":28443.10210189083,""speed_ratio_cluster_geomean"":0.705985225214752,""error_better_rows"":90,""ours_pass_rows"":90,""other_pass_rows"":0,""both_pass_rows"":0,""ours_only_pass_rows"":90,""other_only_pass_rows"":0,""median_ours_rms"":3.7867711714725525e-06,""median_other_rms"":0.04602088047876832}"
regime_attribution,discrete,rank1,analytic_quad,8,,,"[32,64]",,diffusion_stiff,2e-05,2e-05,feasibility/pass counts only; error/cost ratios are descriptive across matching primary schedules,3,90,"[""discrete/rank1/n8/seed3600011"",""discrete/rank1/n8/seed3600021"",""discrete/rank1/n8/seed3600031""]","[""discrete/analytic_quad/n0/seedNone""]","{""primary"":[[0.02,0.04,0.06],[0.06,0.04,0.02],[0.03,0.03,0.03,0.03],[0.04,0.08,0.12],[0.12,0.08,0.04]]}",results/frontier-full-review/learning-review.json,/regime_attribution/257,"{""track"":""discrete"",""train_count"":8,""competitor"":""analytic_quad"",""regime"":""diffusion_stiff"",""paired_rows"":90,""independent_fields"":3,""error_ratio_cluster_geomean"":0.20956853442451578,""max_ratio_cluster_geomean"":0.2686909012993246,""speed_ratio_cluster_geomean"":1.0694543951755011,""error_better_rows"":6,""ours_pass_rows"":90,""other_pass_rows"":90,""both_pass_rows"":90,""ours_only_pass_rows"":0,""other_only_pass_rows"":0,""median_ours_rms"":3.7867711714725525e-06,""median_other_rms"":6.156628499054381e-07}"
regime_attribution,discrete,rank1,analytic_quad_cubic,8,,,"[32,64]",,diffusion_stiff,2e-05,2e-05,feasibility/pass counts only; error/cost ratios are descriptive across matching primary schedules,3,90,"[""discrete/rank1/n8/seed3600011"",""discrete/rank1/n8/seed3600021"",""discrete/rank1/n8/seed3600031""]","[""discrete/analytic_quad_cubic/n0/seedNone""]","{""primary"":[[0.02,0.04,0.06],[0.06,0.04,0.02],[0.03,0.03,0.03,0.03],[0.04,0.08,0.12],[0.12,0.08,0.04]]}",results/frontier-full-review/learning-review.json,/regime_attribution/258,"{""track"":""discrete"",""train_count"":8,""competitor"":""analytic_quad_cubic"",""regime"":""diffusion_stiff"",""paired_rows"":90,""independent_fields"":3,""error_ratio_cluster_geomean"":0.18803586161729258,""max_ratio_cluster_geomean"":0.2201924932453486,""speed_ratio_cluster_geomean"":3.6919952502294167,""error_better_rows"":6,""ours_pass_rows"":90,""other_pass_rows"":90,""both_pass_rows"":90,""ours_only_pass_rows"":0,""other_only_pass_rows"":0,""median_ours_rms"":3.7867711714725525e-06,""median_other_rms"":5.447362071299284e-07}"
regime_attribution,discrete,rank1,df,8,,,"[32,64]",,diffusion_stiff,2e-05,2e-05,feasibility/pass counts only; error/cost ratios are descriptive across matching primary schedules,3,90,"[""discrete/rank1/n8/seed3600011"",""discrete/rank1/n8/seed3600021"",""discrete/rank1/n8/seed3600031""]","[""discrete/df/n0/seedNone""]","{""primary"":[[0.02,0.04,0.06],[0.06,0.04,0.02],[0.03,0.03,0.03,0.03],[0.04,0.08,0.12],[0.12,0.08,0.04]]}",results/frontier-full-review/learning-review.json,/regime_attribution/259,"{""track"":""discrete"",""train_count"":8,""competitor"":""df"",""regime"":""diffusion_stiff"",""paired_rows"":90,""independent_fields"":3,""error_ratio_cluster_geomean"":2.7276395787447525,""max_ratio_cluster_geomean"":2.7099802616048283,""speed_ratio_cluster_geomean"":0.15559133358885568,""error_better_rows"":90,""ours_pass_rows"":90,""other_pass_rows"":72,""both_pass_rows"":72,""ours_only_pass_rows"":18,""other_only_pass_rows"":0,""median_ours_rms"":3.7867711714725525e-06,""median_other_rms"":1.1918490778923006e-05}"
regime_attribution,discrete,rank1,etdrk4,8,,,"[32,64]",,diffusion_stiff,2e-05,2e-05,feasibility/pass counts only; error/cost ratios are descriptive across matching primary schedules,3,90,"[""discrete/rank1/n8/seed3600011"",""discrete/rank1/n8/seed3600021"",""discrete/rank1/n8/seed3600031""]","[""discrete/etdrk4/n0/seedNone""]","{""primary"":[[0.02,0.04,0.06],[0.06,0.04,0.02],[0.03,0.03,0.03,0.03],[0.04,0.08,0.12],[0.12,0.08,0.04]]}",results/frontier-full-review/learning-review.json,/regime_attribution/260,"{""track"":""discrete"",""train_count"":8,""competitor"":""etdrk4"",""regime"":""diffusion_stiff"",""paired_rows"":90,""independent_fields"":3,""error_ratio_cluster_geomean"":6.794157206499668,""max_ratio_cluster_geomean"":6.324494884641098,""speed_ratio_cluster_geomean"":0.22595679622667658,""error_better_rows"":90,""ours_pass_rows"":90,""other_pass_rows"":39,""both_pass_rows"":39,""ours_only_pass_rows"":51,""other_only_pass_rows"":0,""median_ours_rms"":3.7867711714725525e-06,""median_other_rms"":2.2217825730565057e-05}"
regime_attribution,discrete,rank1,rank1_frozen,32,,,"[32,64]",,diffusion_stiff,2e-05,2e-05,feasibility/pass counts only; error/cost ratios are descriptive across matching primary schedules,3,90,"[""discrete/rank1/n32/seed3600011"",""discrete/rank1/n32/seed3600021"",""discrete/rank1/n32/seed3600031""]","[""discrete/rank1_frozen/n32/seed3600011"",""discrete/rank1_frozen/n32/seed3600021"",""discrete/rank1_frozen/n32/seed3600031""]","{""primary"":[[0.02,0.04,0.06],[0.06,0.04,0.02],[0.03,0.03,0.03,0.03],[0.04,0.08,0.12],[0.12,0.08,0.04]]}",results/frontier-full-review/learning-review.json,/regime_attribution/261,"{""track"":""discrete"",""train_count"":32,""competitor"":""rank1_frozen"",""regime"":""diffusion_stiff"",""paired_rows"":90,""independent_fields"":3,""error_ratio_cluster_geomean"":2.153250616443611,""max_ratio_cluster_geomean"":2.0917928021790155,""speed_ratio_cluster_geomean"":1.0052403949156936,""error_better_rows"":90,""ours_pass_rows"":90,""other_pass_rows"":90,""both_pass_rows"":90,""ours_only_pass_rows"":0,""other_only_pass_rows"":0,""median_ours_rms"":3.45439911320845e-06,""median_other_rms"":9.148264788851267e-06}"
regime_attribution,discrete,rank1,rank1_postcompression,32,,,"[32,64]",,diffusion_stiff,2e-05,2e-05,feasibility/pass counts only; error/cost ratios are descriptive across matching primary schedules,3,90,"[""discrete/rank1/n32/seed3600011"",""discrete/rank1/n32/seed3600021"",""discrete/rank1/n32/seed3600031""]","[""discrete/rank1_postcompression/n32/seed3600011"",""discrete/rank1_postcompression/n32/seed3600021"",""discrete/rank1_postcompression/n32/seed3600031""]","{""primary"":[[0.02,0.04,0.06],[0.06,0.04,0.02],[0.03,0.03,0.03,0.03],[0.04,0.08,0.12],[0.12,0.08,0.04]]}",results/frontier-full-review/learning-review.json,/regime_attribution/262,"{""track"":""discrete"",""train_count"":32,""competitor"":""rank1_postcompression"",""regime"":""diffusion_stiff"",""paired_rows"":90,""independent_fields"":3,""error_ratio_cluster_geomean"":1.9615602552293823,""max_ratio_cluster_geomean"":1.8659642415916176,""speed_ratio_cluster_geomean"":1.0694189868783477,""error_better_rows"":90,""ours_pass_rows"":90,""other_pass_rows"":90,""both_pass_rows"":90,""ours_only_pass_rows"":0,""other_only_pass_rows"":0,""median_ours_rms"":3.45439911320845e-06,""median_other_rms"":7.901496995799585e-06}"
regime_attribution,discrete,rank1,fno_small,32,,,"[32,64]",,diffusion_stiff,2e-05,2e-05,feasibility/pass counts only; error/cost ratios are descriptive across matching primary schedules,3,90,"[""discrete/rank1/n32/seed3600011"",""discrete/rank1/n32/seed3600021"",""discrete/rank1/n32/seed3600031""]","[""discrete/fno_small/n32/seed3600011"",""discrete/fno_small/n32/seed3600021"",""discrete/fno_small/n32/seed3600031""]","{""primary"":[[0.02,0.04,0.06],[0.06,0.04,0.02],[0.03,0.03,0.03,0.03],[0.04,0.08,0.12],[0.12,0.08,0.04]]}",results/frontier-full-review/learning-review.json,/regime_attribution/263,"{""track"":""discrete"",""train_count"":32,""competitor"":""fno_small"",""regime"":""diffusion_stiff"",""paired_rows"":90,""independent_fields"":3,""error_ratio_cluster_geomean"":4.828994603596691,""max_ratio_cluster_geomean"":4.88478273911545,""speed_ratio_cluster_geomean"":0.64714363385031,""error_better_rows"":78,""ours_pass_rows"":90,""other_pass_rows"":51,""both_pass_rows"":51,""ours_only_pass_rows"":39,""other_only_pass_rows"":0,""median_ours_rms"":3.45439911320845e-06,""median_other_rms"":1.495284604759509e-05}"
regime_attribution,discrete,rank1,fno_standard,32,,,"[32,64]",,diffusion_stiff,2e-05,2e-05,feasibility/pass counts only; error/cost ratios are descriptive across matching primary schedules,3,90,"[""discrete/rank1/n32/seed3600011"",""discrete/rank1/n32/seed3600021"",""discrete/rank1/n32/seed3600031""]","[""discrete/fno_standard/n32/seed3600011"",""discrete/fno_standard/n32/seed3600021"",""discrete/fno_standard/n32/seed3600031""]","{""primary"":[[0.02,0.04,0.06],[0.06,0.04,0.02],[0.03,0.03,0.03,0.03],[0.04,0.08,0.12],[0.12,0.08,0.04]]}",results/frontier-full-review/learning-review.json,/regime_attribution/264,"{""track"":""discrete"",""train_count"":32,""competitor"":""fno_standard"",""regime"":""diffusion_stiff"",""paired_rows"":90,""independent_fields"":3,""error_ratio_cluster_geomean"":4.267222726601288,""max_ratio_cluster_geomean"":4.279141192624464,""speed_ratio_cluster_geomean"":0.9278689025471292,""error_better_rows"":82,""ours_pass_rows"":90,""other_pass_rows"":56,""both_pass_rows"":56,""ours_only_pass_rows"":34,""other_only_pass_rows"":0,""median_ours_rms"":3.45439911320845e-06,""median_other_rms"":1.2685855689328926e-05}"
regime_attribution,discrete,rank1,direct_fno,32,,,"[32,64]",,diffusion_stiff,2e-05,2e-05,feasibility/pass counts only; error/cost ratios are descriptive across matching primary schedules,3,90,"[""discrete/rank1/n32/seed3600011"",""discrete/rank1/n32/seed3600021"",""discrete/rank1/n32/seed3600031""]","[""discrete/direct_fno/n32/seed3600011"",""discrete/direct_fno/n32/seed3600021"",""discrete/direct_fno/n32/seed3600031""]","{""primary"":[[0.02,0.04,0.06],[0.06,0.04,0.02],[0.03,0.03,0.03,0.03],[0.04,0.08,0.12],[0.12,0.08,0.04]]}",results/frontier-full-review/learning-review.json,/regime_attribution/265,"{""track"":""discrete"",""train_count"":32,""competitor"":""direct_fno"",""regime"":""diffusion_stiff"",""paired_rows"":90,""independent_fields"":3,""error_ratio_cluster_geomean"":20104.7182367001,""max_ratio_cluster_geomean"":31928.935682626285,""speed_ratio_cluster_geomean"":0.7158745412583453,""error_better_rows"":90,""ours_pass_rows"":90,""other_pass_rows"":0,""both_pass_rows"":0,""ours_only_pass_rows"":90,""other_only_pass_rows"":0,""median_ours_rms"":3.45439911320845e-06,""median_other_rms"":0.05001248405406986}"
regime_attribution,discrete,rank1,analytic_quad,32,,,"[32,64]",,diffusion_stiff,2e-05,2e-05,feasibility/pass counts only; error/cost ratios are descriptive across matching primary schedules,3,90,"[""discrete/rank1/n32/seed3600011"",""discrete/rank1/n32/seed3600021"",""discrete/rank1/n32/seed3600031""]","[""discrete/analytic_quad/n0/seedNone""]","{""primary"":[[0.02,0.04,0.06],[0.06,0.04,0.02],[0.03,0.03,0.03,0.03],[0.04,0.08,0.12],[0.12,0.08,0.04]]}",results/frontier-full-review/learning-review.json,/regime_attribution/266,"{""track"":""discrete"",""train_count"":32,""competitor"":""analytic_quad"",""regime"":""diffusion_stiff"",""paired_rows"":90,""independent_fields"":3,""error_ratio_cluster_geomean"":0.22073257888513648,""max_ratio_cluster_geomean"":0.28208937261777306,""speed_ratio_cluster_geomean"":1.0767346419912884,""error_better_rows"":7,""ours_pass_rows"":90,""other_pass_rows"":90,""both_pass_rows"":90,""ours_only_pass_rows"":0,""other_only_pass_rows"":0,""median_ours_rms"":3.45439911320845e-06,""median_other_rms"":6.156628499054381e-07}"
regime_attribution,discrete,rank1,analytic_quad_cubic,32,,,"[32,64]",,diffusion_stiff,2e-05,2e-05,feasibility/pass counts only; error/cost ratios are descriptive across matching primary schedules,3,90,"[""discrete/rank1/n32/seed3600011"",""discrete/rank1/n32/seed3600021"",""discrete/rank1/n32/seed3600031""]","[""discrete/analytic_quad_cubic/n0/seedNone""]","{""primary"":[[0.02,0.04,0.06],[0.06,0.04,0.02],[0.03,0.03,0.03,0.03],[0.04,0.08,0.12],[0.12,0.08,0.04]]}",results/frontier-full-review/learning-review.json,/regime_attribution/267,"{""track"":""discrete"",""train_count"":32,""competitor"":""analytic_quad_cubic"",""regime"":""diffusion_stiff"",""paired_rows"":90,""independent_fields"":3,""error_ratio_cluster_geomean"":0.19805282683132713,""max_ratio_cluster_geomean"":0.2311725554321171,""speed_ratio_cluster_geomean"":3.717128287024288,""error_better_rows"":7,""ours_pass_rows"":90,""other_pass_rows"":90,""both_pass_rows"":90,""ours_only_pass_rows"":0,""other_only_pass_rows"":0,""median_ours_rms"":3.45439911320845e-06,""median_other_rms"":5.447362071299284e-07}"
regime_attribution,discrete,rank1,df,32,,,"[32,64]",,diffusion_stiff,2e-05,2e-05,feasibility/pass counts only; error/cost ratios are descriptive across matching primary schedules,3,90,"[""discrete/rank1/n32/seed3600011"",""discrete/rank1/n32/seed3600021"",""discrete/rank1/n32/seed3600031""]","[""discrete/df/n0/seedNone""]","{""primary"":[[0.02,0.04,0.06],[0.06,0.04,0.02],[0.03,0.03,0.03,0.03],[0.04,0.08,0.12],[0.12,0.08,0.04]]}",results/frontier-full-review/learning-review.json,/regime_attribution/268,"{""track"":""discrete"",""train_count"":32,""competitor"":""df"",""regime"":""diffusion_stiff"",""paired_rows"":90,""independent_fields"":3,""error_ratio_cluster_geomean"":2.8729452164125266,""max_ratio_cluster_geomean"":2.845115439733634,""speed_ratio_cluster_geomean"":0.1566505122841178,""error_better_rows"":90,""ours_pass_rows"":90,""other_pass_rows"":72,""both_pass_rows"":72,""ours_only_pass_rows"":18,""other_only_pass_rows"":0,""median_ours_rms"":3.45439911320845e-06,""median_other_rms"":1.1918490778923006e-05}"
regime_attribution,discrete,rank1,etdrk4,32,,,"[32,64]",,diffusion_stiff,2e-05,2e-05,feasibility/pass counts only; error/cost ratios are descriptive across matching primary schedules,3,90,"[""discrete/rank1/n32/seed3600011"",""discrete/rank1/n32/seed3600021"",""discrete/rank1/n32/seed3600031""]","[""discrete/etdrk4/n0/seedNone""]","{""primary"":[[0.02,0.04,0.06],[0.06,0.04,0.02],[0.03,0.03,0.03,0.03],[0.04,0.08,0.12],[0.12,0.08,0.04]]}",results/frontier-full-review/learning-review.json,/regime_attribution/269,"{""track"":""discrete"",""train_count"":32,""competitor"":""etdrk4"",""regime"":""diffusion_stiff"",""paired_rows"":90,""independent_fields"":3,""error_ratio_cluster_geomean"":7.156092615047983,""max_ratio_cluster_geomean"":6.639870518522866,""speed_ratio_cluster_geomean"":0.2274949835992805,""error_better_rows"":90,""ours_pass_rows"":90,""other_pass_rows"":39,""both_pass_rows"":39,""ours_only_pass_rows"":51,""other_only_pass_rows"":0,""median_ours_rms"":3.45439911320845e-06,""median_other_rms"":2.2217825730565057e-05}"
regime_attribution,continuum,rank1,rank1_frozen,8,,,"[32,64]",,diffusion_stiff,2e-05,2e-05,feasibility/pass counts only; error/cost ratios are descriptive across matching primary schedules,3,90,"[""continuum/rank1/n8/seed3600011"",""continuum/rank1/n8/seed3600021"",""continuum/rank1/n8/seed3600031""]","[""continuum/rank1_frozen/n8/seed3600011"",""continuum/rank1_frozen/n8/seed3600021"",""continuum/rank1_frozen/n8/seed3600031""]","{""primary"":[[0.02,0.04,0.06],[0.06,0.04,0.02],[0.03,0.03,0.03,0.03],[0.04,0.08,0.12],[0.12,0.08,0.04]]}",results/frontier-full-review/learning-review.json,/regime_attribution/270,"{""track"":""continuum"",""train_count"":8,""competitor"":""rank1_frozen"",""regime"":""diffusion_stiff"",""paired_rows"":90,""independent_fields"":3,""error_ratio_cluster_geomean"":1.7910189814200321,""max_ratio_cluster_geomean"":1.7843235071996764,""speed_ratio_cluster_geomean"":1.0003265728700532,""error_better_rows"":90,""ours_pass_rows"":90,""other_pass_rows"":90,""both_pass_rows"":90,""ours_only_pass_rows"":0,""other_only_pass_rows"":0,""median_ours_rms"":3.305949714991601e-06,""median_other_rms"":7.230449113622358e-06}"
regime_attribution,continuum,rank1,rank1_postcompression,8,,,"[32,64]",,diffusion_stiff,2e-05,2e-05,feasibility/pass counts only; error/cost ratios are descriptive across matching primary schedules,3,90,"[""continuum/rank1/n8/seed3600011"",""continuum/rank1/n8/seed3600021"",""continuum/rank1/n8/seed3600031""]","[""continuum/rank1_postcompression/n8/seed3600011"",""continuum/rank1_postcompression/n8/seed3600021"",""continuum/rank1_postcompression/n8/seed3600031""]","{""primary"":[[0.02,0.04,0.06],[0.06,0.04,0.02],[0.03,0.03,0.03,0.03],[0.04,0.08,0.12],[0.12,0.08,0.04]]}",results/frontier-full-review/learning-review.json,/regime_attribution/271,"{""track"":""continuum"",""train_count"":8,""competitor"":""rank1_postcompression"",""regime"":""diffusion_stiff"",""paired_rows"":90,""independent_fields"":3,""error_ratio_cluster_geomean"":1.5029697080531434,""max_ratio_cluster_geomean"":1.4597966340419073,""speed_ratio_cluster_geomean"":1.00978982971671,""error_better_rows"":86,""ours_pass_rows"":90,""other_pass_rows"":90,""both_pass_rows"":90,""ours_only_pass_rows"":0,""other_only_pass_rows"":0,""median_ours_rms"":3.305949714991601e-06,""median_other_rms"":6.875074011645258e-06}"
regime_attribution,continuum,rank1,fno_small,8,,,"[32,64]",,diffusion_stiff,2e-05,2e-05,feasibility/pass counts only; error/cost ratios are descriptive across matching primary schedules,3,90,"[""continuum/rank1/n8/seed3600011"",""continuum/rank1/n8/seed3600021"",""continuum/rank1/n8/seed3600031""]","[""continuum/fno_small/n8/seed3600011"",""continuum/fno_small/n8/seed3600021"",""continuum/fno_small/n8/seed3600031""]","{""primary"":[[0.02,0.04,0.06],[0.06,0.04,0.02],[0.03,0.03,0.03,0.03],[0.04,0.08,0.12],[0.12,0.08,0.04]]}",results/frontier-full-review/learning-review.json,/regime_attribution/272,"{""track"":""continuum"",""train_count"":8,""competitor"":""fno_small"",""regime"":""diffusion_stiff"",""paired_rows"":90,""independent_fields"":3,""error_ratio_cluster_geomean"":3.0941529694315766,""max_ratio_cluster_geomean"":3.3028196973327737,""speed_ratio_cluster_geomean"":0.7316527870998673,""error_better_rows"":68,""ours_pass_rows"":90,""other_pass_rows"":56,""both_pass_rows"":56,""ours_only_pass_rows"":34,""other_only_pass_rows"":0,""median_ours_rms"":3.305949714991601e-06,""median_other_rms"":8.075521208859673e-06}"
regime_attribution,continuum,rank1,fno_standard,8,,,"[32,64]",,diffusion_stiff,2e-05,2e-05,feasibility/pass counts only; error/cost ratios are descriptive across matching primary schedules,3,90,"[""continuum/rank1/n8/seed3600011"",""continuum/rank1/n8/seed3600021"",""continuum/rank1/n8/seed3600031""]","[""continuum/fno_standard/n8/seed3600011"",""continuum/fno_standard/n8/seed3600021"",""continuum/fno_standard/n8/seed3600031""]","{""primary"":[[0.02,0.04,0.06],[0.06,0.04,0.02],[0.03,0.03,0.03,0.03],[0.04,0.08,0.12],[0.12,0.08,0.04]]}",results/frontier-full-review/learning-review.json,/regime_attribution/273,"{""track"":""continuum"",""train_count"":8,""competitor"":""fno_standard"",""regime"":""diffusion_stiff"",""paired_rows"":90,""independent_fields"":3,""error_ratio_cluster_geomean"":3.5514679715688398,""max_ratio_cluster_geomean"":3.6811806262955686,""speed_ratio_cluster_geomean"":0.7881329910003885,""error_better_rows"":86,""ours_pass_rows"":90,""other_pass_rows"":74,""both_pass_rows"":74,""ours_only_pass_rows"":16,""other_only_pass_rows"":0,""median_ours_rms"":3.305949714991601e-06,""median_other_rms"":9.618206218416932e-06}"
regime_attribution,continuum,rank1,direct_fno,8,,,"[32,64]",,diffusion_stiff,2e-05,2e-05,feasibility/pass counts only; error/cost ratios are descriptive across matching primary schedules,3,90,"[""continuum/rank1/n8/seed3600011"",""continuum/rank1/n8/seed3600021"",""continuum/rank1/n8/seed3600031""]","[""continuum/direct_fno/n8/seed3600011"",""continuum/direct_fno/n8/seed3600021"",""continuum/direct_fno/n8/seed3600031""]","{""primary"":[[0.02,0.04,0.06],[0.06,0.04,0.02],[0.03,0.03,0.03,0.03],[0.04,0.08,0.12],[0.12,0.08,0.04]]}",results/frontier-full-review/learning-review.json,/regime_attribution/274,"{""track"":""continuum"",""train_count"":8,""competitor"":""direct_fno"",""regime"":""diffusion_stiff"",""paired_rows"":90,""independent_fields"":3,""error_ratio_cluster_geomean"":20655.621990299398,""max_ratio_cluster_geomean"":32641.22627116313,""speed_ratio_cluster_geomean"":0.14309130771028195,""error_better_rows"":90,""ours_pass_rows"":90,""other_pass_rows"":0,""both_pass_rows"":0,""ours_only_pass_rows"":90,""other_only_pass_rows"":0,""median_ours_rms"":3.305949714991601e-06,""median_other_rms"":0.05271798062177578}"
regime_attribution,continuum,rank1,analytic_quad,8,,,"[32,64]",,diffusion_stiff,2e-05,2e-05,feasibility/pass counts only; error/cost ratios are descriptive across matching primary schedules,3,90,"[""continuum/rank1/n8/seed3600011"",""continuum/rank1/n8/seed3600021"",""continuum/rank1/n8/seed3600031""]","[""continuum/analytic_quad/n0/seedNone""]","{""primary"":[[0.02,0.04,0.06],[0.06,0.04,0.02],[0.03,0.03,0.03,0.03],[0.04,0.08,0.12],[0.12,0.08,0.04]]}",results/frontier-full-review/learning-review.json,/regime_attribution/275,"{""track"":""continuum"",""train_count"":8,""competitor"":""analytic_quad"",""regime"":""diffusion_stiff"",""paired_rows"":90,""independent_fields"":3,""error_ratio_cluster_geomean"":0.36029750428412965,""max_ratio_cluster_geomean"":0.4019482972282168,""speed_ratio_cluster_geomean"":1.1383320217749764,""error_better_rows"":12,""ours_pass_rows"":90,""other_pass_rows"":90,""both_pass_rows"":90,""ours_only_pass_rows"":0,""other_only_pass_rows"":0,""median_ours_rms"":3.305949714991601e-06,""median_other_rms"":1.0953071414432433e-06}"
regime_attribution,continuum,rank1,analytic_quad_cubic,8,,,"[32,64]",,diffusion_stiff,2e-05,2e-05,feasibility/pass counts only; error/cost ratios are descriptive across matching primary schedules,3,90,"[""continuum/rank1/n8/seed3600011"",""continuum/rank1/n8/seed3600021"",""continuum/rank1/n8/seed3600031""]","[""continuum/analytic_quad_cubic/n0/seedNone""]","{""primary"":[[0.02,0.04,0.06],[0.06,0.04,0.02],[0.03,0.03,0.03,0.03],[0.04,0.08,0.12],[0.12,0.08,0.04]]}",results/frontier-full-review/learning-review.json,/regime_attribution/276,"{""track"":""continuum"",""train_count"":8,""competitor"":""analytic_quad_cubic"",""regime"":""diffusion_stiff"",""paired_rows"":90,""independent_fields"":3,""error_ratio_cluster_geomean"":0.3587938206869546,""max_ratio_cluster_geomean"":0.3731789506449245,""speed_ratio_cluster_geomean"":3.640436986144383,""error_better_rows"":14,""ours_pass_rows"":90,""other_pass_rows"":90,""both_pass_rows"":90,""ours_only_pass_rows"":0,""other_only_pass_rows"":0,""median_ours_rms"":3.305949714991601e-06,""median_other_rms"":1.0953573031371532e-06}"
regime_attribution,continuum,rank1,df,8,,,"[32,64]",,diffusion_stiff,2e-05,2e-05,feasibility/pass counts only; error/cost ratios are descriptive across matching primary schedules,3,90,"[""continuum/rank1/n8/seed3600011"",""continuum/rank1/n8/seed3600021"",""continuum/rank1/n8/seed3600031""]","[""continuum/df/n0/seedNone""]","{""primary"":[[0.02,0.04,0.06],[0.06,0.04,0.02],[0.03,0.03,0.03,0.03],[0.04,0.08,0.12],[0.12,0.08,0.04]]}",results/frontier-full-review/learning-review.json,/regime_attribution/277,"{""track"":""continuum"",""train_count"":8,""competitor"":""df"",""regime"":""diffusion_stiff"",""paired_rows"":90,""independent_fields"":3,""error_ratio_cluster_geomean"":2.30871401772456,""max_ratio_cluster_geomean"":2.3634671077310836,""speed_ratio_cluster_geomean"":0.6315971258759911,""error_better_rows"":90,""ours_pass_rows"":90,""other_pass_rows"":84,""both_pass_rows"":84,""ours_only_pass_rows"":6,""other_only_pass_rows"":0,""median_ours_rms"":3.305949714991601e-06,""median_other_rms"":7.525060080723522e-06}"
regime_attribution,continuum,rank1,etdrk4,8,,,"[32,64]",,diffusion_stiff,2e-05,2e-05,feasibility/pass counts only; error/cost ratios are descriptive across matching primary schedules,3,90,"[""continuum/rank1/n8/seed3600011"",""continuum/rank1/n8/seed3600021"",""continuum/rank1/n8/seed3600031""]","[""continuum/etdrk4/n0/seedNone""]","{""primary"":[[0.02,0.04,0.06],[0.06,0.04,0.02],[0.03,0.03,0.03,0.03],[0.04,0.08,0.12],[0.12,0.08,0.04]]}",results/frontier-full-review/learning-review.json,/regime_attribution/278,"{""track"":""continuum"",""train_count"":8,""competitor"":""etdrk4"",""regime"":""diffusion_stiff"",""paired_rows"":90,""independent_fields"":3,""error_ratio_cluster_geomean"":8.830037993864517,""max_ratio_cluster_geomean"":8.23126214113585,""speed_ratio_cluster_geomean"":0.1909970300893022,""error_better_rows"":90,""ours_pass_rows"":90,""other_pass_rows"":36,""both_pass_rows"":36,""ours_only_pass_rows"":54,""other_only_pass_rows"":0,""median_ours_rms"":3.305949714991601e-06,""median_other_rms"":2.4086061535215562e-05}"
regime_attribution,continuum,rank1,rank1_frozen,32,,,"[32,64]",,diffusion_stiff,2e-05,2e-05,feasibility/pass counts only; error/cost ratios are descriptive across matching primary schedules,3,90,"[""continuum/rank1/n32/seed3600011"",""continuum/rank1/n32/seed3600021"",""continuum/rank1/n32/seed3600031""]","[""continuum/rank1_frozen/n32/seed3600011"",""continuum/rank1_frozen/n32/seed3600021"",""continuum/rank1_frozen/n32/seed3600031""]","{""primary"":[[0.02,0.04,0.06],[0.06,0.04,0.02],[0.03,0.03,0.03,0.03],[0.04,0.08,0.12],[0.12,0.08,0.04]]}",results/frontier-full-review/learning-review.json,/regime_attribution/279,"{""track"":""continuum"",""train_count"":32,""competitor"":""rank1_frozen"",""regime"":""diffusion_stiff"",""paired_rows"":90,""independent_fields"":3,""error_ratio_cluster_geomean"":1.8341438286472738,""max_ratio_cluster_geomean"":1.8305619175318495,""speed_ratio_cluster_geomean"":1.001515312351012,""error_better_rows"":90,""ours_pass_rows"":90,""other_pass_rows"":90,""both_pass_rows"":90,""ours_only_pass_rows"":0,""other_only_pass_rows"":0,""median_ours_rms"":3.0430162395858546e-06,""median_other_rms"":7.230449113622358e-06}"
regime_attribution,continuum,rank1,rank1_postcompression,32,,,"[32,64]",,diffusion_stiff,2e-05,2e-05,feasibility/pass counts only; error/cost ratios are descriptive across matching primary schedules,3,90,"[""continuum/rank1/n32/seed3600011"",""continuum/rank1/n32/seed3600021"",""continuum/rank1/n32/seed3600031""]","[""continuum/rank1_postcompression/n32/seed3600011"",""continuum/rank1_postcompression/n32/seed3600021"",""continuum/rank1_postcompression/n32/seed3600031""]","{""primary"":[[0.02,0.04,0.06],[0.06,0.04,0.02],[0.03,0.03,0.03,0.03],[0.04,0.08,0.12],[0.12,0.08,0.04]]}",results/frontier-full-review/learning-review.json,/regime_attribution/280,"{""track"":""continuum"",""train_count"":32,""competitor"":""rank1_postcompression"",""regime"":""diffusion_stiff"",""paired_rows"":90,""independent_fields"":3,""error_ratio_cluster_geomean"":1.3828287444862164,""max_ratio_cluster_geomean"":1.3510082480289982,""speed_ratio_cluster_geomean"":1.0108229920393397,""error_better_rows"":89,""ours_pass_rows"":90,""other_pass_rows"":90,""both_pass_rows"":90,""ours_only_pass_rows"":0,""other_only_pass_rows"":0,""median_ours_rms"":3.0430162395858546e-06,""median_other_rms"":6.834002181074875e-06}"
regime_attribution,continuum,rank1,fno_small,32,,,"[32,64]",,diffusion_stiff,2e-05,2e-05,feasibility/pass counts only; error/cost ratios are descriptive across matching primary schedules,3,90,"[""continuum/rank1/n32/seed3600011"",""continuum/rank1/n32/seed3600021"",""continuum/rank1/n32/seed3600031""]","[""continuum/fno_small/n32/seed3600011"",""continuum/fno_small/n32/seed3600021"",""continuum/fno_small/n32/seed3600031""]","{""primary"":[[0.02,0.04,0.06],[0.06,0.04,0.02],[0.03,0.03,0.03,0.03],[0.04,0.08,0.12],[0.12,0.08,0.04]]}",results/frontier-full-review/learning-review.json,/regime_attribution/281,"{""track"":""continuum"",""train_count"":32,""competitor"":""fno_small"",""regime"":""diffusion_stiff"",""paired_rows"":90,""independent_fields"":3,""error_ratio_cluster_geomean"":2.660913358369214,""max_ratio_cluster_geomean"":2.9776746986585714,""speed_ratio_cluster_geomean"":0.732863312217216,""error_better_rows"":72,""ours_pass_rows"":90,""other_pass_rows"":63,""both_pass_rows"":63,""ours_only_pass_rows"":27,""other_only_pass_rows"":0,""median_ours_rms"":3.0430162395858546e-06,""median_other_rms"":7.3128966062640385e-06}"
regime_attribution,continuum,rank1,fno_standard,32,,,"[32,64]",,diffusion_stiff,2e-05,2e-05,feasibility/pass counts only; error/cost ratios are descriptive across matching primary schedules,3,90,"[""continuum/rank1/n32/seed3600011"",""continuum/rank1/n32/seed3600021"",""continuum/rank1/n32/seed3600031""]","[""continuum/fno_standard/n32/seed3600011"",""continuum/fno_standard/n32/seed3600021"",""continuum/fno_standard/n32/seed3600031""]","{""primary"":[[0.02,0.04,0.06],[0.06,0.04,0.02],[0.03,0.03,0.03,0.03],[0.04,0.08,0.12],[0.12,0.08,0.04]]}",results/frontier-full-review/learning-review.json,/regime_attribution/282,"{""track"":""continuum"",""train_count"":32,""competitor"":""fno_standard"",""regime"":""diffusion_stiff"",""paired_rows"":90,""independent_fields"":3,""error_ratio_cluster_geomean"":4.340444874610626,""max_ratio_cluster_geomean"":4.322989753973048,""speed_ratio_cluster_geomean"":0.7898540002012964,""error_better_rows"":84,""ours_pass_rows"":90,""other_pass_rows"":57,""both_pass_rows"":57,""ours_only_pass_rows"":33,""other_only_pass_rows"":0,""median_ours_rms"":3.0430162395858546e-06,""median_other_rms"":1.0296053235870042e-05}"
regime_attribution,continuum,rank1,direct_fno,32,,,"[32,64]",,diffusion_stiff,2e-05,2e-05,feasibility/pass counts only; error/cost ratios are descriptive across matching primary schedules,3,90,"[""continuum/rank1/n32/seed3600011"",""continuum/rank1/n32/seed3600021"",""continuum/rank1/n32/seed3600031""]","[""continuum/direct_fno/n32/seed3600011"",""continuum/direct_fno/n32/seed3600021"",""continuum/direct_fno/n32/seed3600031""]","{""primary"":[[0.02,0.04,0.06],[0.06,0.04,0.02],[0.03,0.03,0.03,0.03],[0.04,0.08,0.12],[0.12,0.08,0.04]]}",results/frontier-full-review/learning-review.json,/regime_attribution/283,"{""track"":""continuum"",""train_count"":32,""competitor"":""direct_fno"",""regime"":""diffusion_stiff"",""paired_rows"":90,""independent_fields"":3,""error_ratio_cluster_geomean"":20519.923517987343,""max_ratio_cluster_geomean"":33137.62934711882,""speed_ratio_cluster_geomean"":0.14478343742974398,""error_better_rows"":90,""ours_pass_rows"":90,""other_pass_rows"":0,""both_pass_rows"":0,""ours_only_pass_rows"":90,""other_only_pass_rows"":0,""median_ours_rms"":3.0430162395858546e-06,""median_other_rms"":0.04827139856073118}"
regime_attribution,continuum,rank1,analytic_quad,32,,,"[32,64]",,diffusion_stiff,2e-05,2e-05,feasibility/pass counts only; error/cost ratios are descriptive across matching primary schedules,3,90,"[""continuum/rank1/n32/seed3600011"",""continuum/rank1/n32/seed3600021"",""continuum/rank1/n32/seed3600031""]","[""continuum/analytic_quad/n0/seedNone""]","{""primary"":[[0.02,0.04,0.06],[0.06,0.04,0.02],[0.03,0.03,0.03,0.03],[0.04,0.08,0.12],[0.12,0.08,0.04]]}",results/frontier-full-review/learning-review.json,/regime_attribution/284,"{""track"":""continuum"",""train_count"":32,""competitor"":""analytic_quad"",""regime"":""diffusion_stiff"",""paired_rows"":90,""independent_fields"":3,""error_ratio_cluster_geomean"":0.36897288683998075,""max_ratio_cluster_geomean"":0.41236426172376095,""speed_ratio_cluster_geomean"":1.1398097751158458,""error_better_rows"":15,""ours_pass_rows"":90,""other_pass_rows"":90,""both_pass_rows"":90,""ours_only_pass_rows"":0,""other_only_pass_rows"":0,""median_ours_rms"":3.0430162395858546e-06,""median_other_rms"":1.0953071414432433e-06}"
regime_attribution,continuum,rank1,analytic_quad_cubic,32,,,"[32,64]",,diffusion_stiff,2e-05,2e-05,feasibility/pass counts only; error/cost ratios are descriptive across matching primary schedules,3,90,"[""continuum/rank1/n32/seed3600011"",""continuum/rank1/n32/seed3600021"",""continuum/rank1/n32/seed3600031""]","[""continuum/analytic_quad_cubic/n0/seedNone""]","{""primary"":[[0.02,0.04,0.06],[0.06,0.04,0.02],[0.03,0.03,0.03,0.03],[0.04,0.08,0.12],[0.12,0.08,0.04]]}",results/frontier-full-review/learning-review.json,/regime_attribution/285,"{""track"":""continuum"",""train_count"":32,""competitor"":""analytic_quad_cubic"",""regime"":""diffusion_stiff"",""paired_rows"":90,""independent_fields"":3,""error_ratio_cluster_geomean"":0.3674329969680096,""max_ratio_cluster_geomean"":0.3828493951453896,""speed_ratio_cluster_geomean"":3.645162907769701,""error_better_rows"":16,""ours_pass_rows"":90,""other_pass_rows"":90,""both_pass_rows"":90,""ours_only_pass_rows"":0,""other_only_pass_rows"":0,""median_ours_rms"":3.0430162395858546e-06,""median_other_rms"":1.0953573031371532e-06}"
regime_attribution,continuum,rank1,df,32,,,"[32,64]",,diffusion_stiff,2e-05,2e-05,feasibility/pass counts only; error/cost ratios are descriptive across matching primary schedules,3,90,"[""continuum/rank1/n32/seed3600011"",""continuum/rank1/n32/seed3600021"",""continuum/rank1/n32/seed3600031""]","[""continuum/df/n0/seedNone""]","{""primary"":[[0.02,0.04,0.06],[0.06,0.04,0.02],[0.03,0.03,0.03,0.03],[0.04,0.08,0.12],[0.12,0.08,0.04]]}",results/frontier-full-review/learning-review.json,/regime_attribution/286,"{""track"":""continuum"",""train_count"":32,""competitor"":""df"",""regime"":""diffusion_stiff"",""paired_rows"":90,""independent_fields"":3,""error_ratio_cluster_geomean"":2.3643041261146025,""max_ratio_cluster_geomean"":2.424713267125897,""speed_ratio_cluster_geomean"":0.632417049013523,""error_better_rows"":90,""ours_pass_rows"":90,""other_pass_rows"":84,""both_pass_rows"":84,""ours_only_pass_rows"":6,""other_only_pass_rows"":0,""median_ours_rms"":3.0430162395858546e-06,""median_other_rms"":7.525060080723522e-06}"
regime_attribution,continuum,rank1,etdrk4,32,,,"[32,64]",,diffusion_stiff,2e-05,2e-05,feasibility/pass counts only; error/cost ratios are descriptive across matching primary schedules,3,90,"[""continuum/rank1/n32/seed3600011"",""continuum/rank1/n32/seed3600021"",""continuum/rank1/n32/seed3600031""]","[""continuum/etdrk4/n0/seedNone""]","{""primary"":[[0.02,0.04,0.06],[0.06,0.04,0.02],[0.03,0.03,0.03,0.03],[0.04,0.08,0.12],[0.12,0.08,0.04]]}",results/frontier-full-review/learning-review.json,/regime_attribution/287,"{""track"":""continuum"",""train_count"":32,""competitor"":""etdrk4"",""regime"":""diffusion_stiff"",""paired_rows"":90,""independent_fields"":3,""error_ratio_cluster_geomean"":9.042651061311869,""max_ratio_cluster_geomean"":8.444564535515466,""speed_ratio_cluster_geomean"":0.19124497751932398,""error_better_rows"":90,""ours_pass_rows"":90,""other_pass_rows"":36,""both_pass_rows"":36,""ours_only_pass_rows"":54,""other_only_pass_rows"":0,""median_ours_rms"":3.0430162395858546e-06,""median_other_rms"":2.4086061535215562e-05}"
grid_attribution,discrete,rank1,rank1_frozen,8,,32,[32],,,2e-05,2e-05,feasibility/pass counts only; error/cost ratios are descriptive across matching primary schedules,24,360,"[""discrete/rank1/n8/seed3600011"",""discrete/rank1/n8/seed3600021"",""discrete/rank1/n8/seed3600031""]","[""discrete/rank1_frozen/n8/seed3600011"",""discrete/rank1_frozen/n8/seed3600021"",""discrete/rank1_frozen/n8/seed3600031""]","{""primary"":[[0.02,0.04,0.06],[0.06,0.04,0.02],[0.03,0.03,0.03,0.03],[0.04,0.08,0.12],[0.12,0.08,0.04]]}",results/frontier-full-review/learning-review.json,/grid_attribution/0,"{""track"":""discrete"",""train_count"":8,""competitor"":""rank1_frozen"",""grid"":32,""paired_rows"":360,""independent_fields"":24,""error_ratio_cluster_geomean"":3.079630470491227,""max_ratio_cluster_geomean"":2.695526981342577,""speed_ratio_cluster_geomean"":1.0039605452281506,""error_better_rows"":311,""ours_pass_rows"":332,""other_pass_rows"":285,""both_pass_rows"":285,""ours_only_pass_rows"":47,""other_only_pass_rows"":0,""median_ours_rms"":5.222710713963719e-07,""median_other_rms"":2.5750469993000477e-06}"
grid_attribution,discrete,rank1,rank1_postcompression,8,,32,[32],,,2e-05,2e-05,feasibility/pass counts only; error/cost ratios are descriptive across matching primary schedules,24,360,"[""discrete/rank1/n8/seed3600011"",""discrete/rank1/n8/seed3600021"",""discrete/rank1/n8/seed3600031""]","[""discrete/rank1_postcompression/n8/seed3600011"",""discrete/rank1_postcompression/n8/seed3600021"",""discrete/rank1_postcompression/n8/seed3600031""]","{""primary"":[[0.02,0.04,0.06],[0.06,0.04,0.02],[0.03,0.03,0.03,0.03],[0.04,0.08,0.12],[0.12,0.08,0.04]]}",results/frontier-full-review/learning-review.json,/grid_attribution/1,"{""track"":""discrete"",""train_count"":8,""competitor"":""rank1_postcompression"",""grid"":32,""paired_rows"":360,""independent_fields"":24,""error_ratio_cluster_geomean"":2.80932718675585,""max_ratio_cluster_geomean"":2.5171917587372676,""speed_ratio_cluster_geomean"":1.0687936538983398,""error_better_rows"":295,""ours_pass_rows"":332,""other_pass_rows"":273,""both_pass_rows"":273,""ours_only_pass_rows"":59,""other_only_pass_rows"":0,""median_ours_rms"":5.222710713963719e-07,""median_other_rms"":1.7346608920000795e-06}"
grid_attribution,discrete,rank1,fno_small,8,,32,[32],,,2e-05,2e-05,feasibility/pass counts only; error/cost ratios are descriptive across matching primary schedules,24,360,"[""discrete/rank1/n8/seed3600011"",""discrete/rank1/n8/seed3600021"",""discrete/rank1/n8/seed3600031""]","[""discrete/fno_small/n8/seed3600011"",""discrete/fno_small/n8/seed3600021"",""discrete/fno_small/n8/seed3600031""]","{""primary"":[[0.02,0.04,0.06],[0.06,0.04,0.02],[0.03,0.03,0.03,0.03],[0.04,0.08,0.12],[0.12,0.08,0.04]]}",results/frontier-full-review/learning-review.json,/grid_attribution/2,"{""track"":""discrete"",""train_count"":8,""competitor"":""fno_small"",""grid"":32,""paired_rows"":360,""independent_fields"":24,""error_ratio_cluster_geomean"":20.43403041816449,""max_ratio_cluster_geomean"":13.381878948990359,""speed_ratio_cluster_geomean"":0.649234512495235,""error_better_rows"":356,""ours_pass_rows"":332,""other_pass_rows"":168,""both_pass_rows"":168,""ours_only_pass_rows"":164,""other_only_pass_rows"":0,""median_ours_rms"":5.222710713963719e-07,""median_other_rms"":1.5623973184542334e-05}"
grid_attribution,discrete,rank1,fno_standard,8,,32,[32],,,2e-05,2e-05,feasibility/pass counts only; error/cost ratios are descriptive across matching primary schedules,24,360,"[""discrete/rank1/n8/seed3600011"",""discrete/rank1/n8/seed3600021"",""discrete/rank1/n8/seed3600031""]","[""discrete/fno_standard/n8/seed3600011"",""discrete/fno_standard/n8/seed3600021"",""discrete/fno_standard/n8/seed3600031""]","{""primary"":[[0.02,0.04,0.06],[0.06,0.04,0.02],[0.03,0.03,0.03,0.03],[0.04,0.08,0.12],[0.12,0.08,0.04]]}",results/frontier-full-review/learning-review.json,/grid_attribution/3,"{""track"":""discrete"",""train_count"":8,""competitor"":""fno_standard"",""grid"":32,""paired_rows"":360,""independent_fields"":24,""error_ratio_cluster_geomean"":14.352925679685939,""max_ratio_cluster_geomean"":9.450408455904078,""speed_ratio_cluster_geomean"":0.9273817831589876,""error_better_rows"":349,""ours_pass_rows"":332,""other_pass_rows"":189,""both_pass_rows"":189,""ours_only_pass_rows"":143,""other_only_pass_rows"":0,""median_ours_rms"":5.222710713963719e-07,""median_other_rms"":1.2295555479448195e-05}"
grid_attribution,discrete,rank1,direct_fno,8,,32,[32],,,2e-05,2e-05,feasibility/pass counts only; error/cost ratios are descriptive across matching primary schedules,24,360,"[""discrete/rank1/n8/seed3600011"",""discrete/rank1/n8/seed3600021"",""discrete/rank1/n8/seed3600031""]","[""discrete/direct_fno/n8/seed3600011"",""discrete/direct_fno/n8/seed3600021"",""discrete/direct_fno/n8/seed3600031""]","{""primary"":[[0.02,0.04,0.06],[0.06,0.04,0.02],[0.03,0.03,0.03,0.03],[0.04,0.08,0.12],[0.12,0.08,0.04]]}",results/frontier-full-review/learning-review.json,/grid_attribution/4,"{""track"":""discrete"",""train_count"":8,""competitor"":""direct_fno"",""grid"":32,""paired_rows"":360,""independent_fields"":24,""error_ratio_cluster_geomean"":51353.05508301476,""max_ratio_cluster_geomean"":38698.6030832369,""speed_ratio_cluster_geomean"":0.7088938021794019,""error_better_rows"":360,""ours_pass_rows"":332,""other_pass_rows"":0,""both_pass_rows"":0,""ours_only_pass_rows"":332,""other_only_pass_rows"":0,""median_ours_rms"":5.222710713963719e-07,""median_other_rms"":0.04203370348818537}"
grid_attribution,discrete,rank1,analytic_quad,8,,32,[32],,,2e-05,2e-05,feasibility/pass counts only; error/cost ratios are descriptive across matching primary schedules,24,360,"[""discrete/rank1/n8/seed3600011"",""discrete/rank1/n8/seed3600021"",""discrete/rank1/n8/seed3600031""]","[""discrete/analytic_quad/n0/seedNone""]","{""primary"":[[0.02,0.04,0.06],[0.06,0.04,0.02],[0.03,0.03,0.03,0.03],[0.04,0.08,0.12],[0.12,0.08,0.04]]}",results/frontier-full-review/learning-review.json,/grid_attribution/5,"{""track"":""discrete"",""train_count"":8,""competitor"":""analytic_quad"",""grid"":32,""paired_rows"":360,""independent_fields"":24,""error_ratio_cluster_geomean"":0.3752343114850293,""max_ratio_cluster_geomean"":0.4384754944475948,""speed_ratio_cluster_geomean"":1.0704914489130677,""error_better_rows"":70,""ours_pass_rows"":332,""other_pass_rows"":354,""both_pass_rows"":332,""ours_only_pass_rows"":0,""other_only_pass_rows"":22,""median_ours_rms"":5.222710713963719e-07,""median_other_rms"":1.9084274976625989e-07}"
grid_attribution,discrete,rank1,analytic_quad_cubic,8,,32,[32],,,2e-05,2e-05,feasibility/pass counts only; error/cost ratios are descriptive across matching primary schedules,24,360,"[""discrete/rank1/n8/seed3600011"",""discrete/rank1/n8/seed3600021"",""discrete/rank1/n8/seed3600031""]","[""discrete/analytic_quad_cubic/n0/seedNone""]","{""primary"":[[0.02,0.04,0.06],[0.06,0.04,0.02],[0.03,0.03,0.03,0.03],[0.04,0.08,0.12],[0.12,0.08,0.04]]}",results/frontier-full-review/learning-review.json,/grid_attribution/6,"{""track"":""discrete"",""train_count"":8,""competitor"":""analytic_quad_cubic"",""grid"":32,""paired_rows"":360,""independent_fields"":24,""error_ratio_cluster_geomean"":0.2321764179955148,""max_ratio_cluster_geomean"":0.2612408083321502,""speed_ratio_cluster_geomean"":3.707138809307825,""error_better_rows"":70,""ours_pass_rows"":332,""other_pass_rows"":360,""both_pass_rows"":332,""ours_only_pass_rows"":0,""other_only_pass_rows"":28,""median_ours_rms"":5.222710713963719e-07,""median_other_rms"":1.2894159712322234e-07}"
grid_attribution,discrete,rank1,df,8,,32,[32],,,2e-05,2e-05,feasibility/pass counts only; error/cost ratios are descriptive across matching primary schedules,24,360,"[""discrete/rank1/n8/seed3600011"",""discrete/rank1/n8/seed3600021"",""discrete/rank1/n8/seed3600031""]","[""discrete/df/n0/seedNone""]","{""primary"":[[0.02,0.04,0.06],[0.06,0.04,0.02],[0.03,0.03,0.03,0.03],[0.04,0.08,0.12],[0.12,0.08,0.04]]}",results/frontier-full-review/learning-review.json,/grid_attribution/7,"{""track"":""discrete"",""train_count"":8,""competitor"":""df"",""grid"":32,""paired_rows"":360,""independent_fields"":24,""error_ratio_cluster_geomean"":4.617984757864225,""max_ratio_cluster_geomean"":3.864578818692618,""speed_ratio_cluster_geomean"":0.1545960399476812,""error_better_rows"":303,""ours_pass_rows"":332,""other_pass_rows"":234,""both_pass_rows"":234,""ours_only_pass_rows"":98,""other_only_pass_rows"":0,""median_ours_rms"":5.222710713963719e-07,""median_other_rms"":4.438871255059995e-06}"
grid_attribution,discrete,rank1,etdrk4,8,,32,[32],,,2e-05,2e-05,feasibility/pass counts only; error/cost ratios are descriptive across matching primary schedules,24,360,"[""discrete/rank1/n8/seed3600011"",""discrete/rank1/n8/seed3600021"",""discrete/rank1/n8/seed3600031""]","[""discrete/etdrk4/n0/seedNone""]","{""primary"":[[0.02,0.04,0.06],[0.06,0.04,0.02],[0.03,0.03,0.03,0.03],[0.04,0.08,0.12],[0.12,0.08,0.04]]}",results/frontier-full-review/learning-review.json,/grid_attribution/8,"{""track"":""discrete"",""train_count"":8,""competitor"":""etdrk4"",""grid"":32,""paired_rows"":360,""independent_fields"":24,""error_ratio_cluster_geomean"":4.620528539019454,""max_ratio_cluster_geomean"":3.4742777793946287,""speed_ratio_cluster_geomean"":0.22842096383160365,""error_better_rows"":226,""ours_pass_rows"":332,""other_pass_rows"":225,""both_pass_rows"":219,""ours_only_pass_rows"":113,""other_only_pass_rows"":6,""median_ours_rms"":5.222710713963719e-07,""median_other_rms"":2.9645422998823317e-06}"
grid_attribution,discrete,rank1,rank1_frozen,32,,32,[32],,,2e-05,2e-05,feasibility/pass counts only; error/cost ratios are descriptive across matching primary schedules,24,360,"[""discrete/rank1/n32/seed3600011"",""discrete/rank1/n32/seed3600021"",""discrete/rank1/n32/seed3600031""]","[""discrete/rank1_frozen/n32/seed3600011"",""discrete/rank1_frozen/n32/seed3600021"",""discrete/rank1_frozen/n32/seed3600031""]","{""primary"":[[0.02,0.04,0.06],[0.06,0.04,0.02],[0.03,0.03,0.03,0.03],[0.04,0.08,0.12],[0.12,0.08,0.04]]}",results/frontier-full-review/learning-review.json,/grid_attribution/9,"{""track"":""discrete"",""train_count"":32,""competitor"":""rank1_frozen"",""grid"":32,""paired_rows"":360,""independent_fields"":24,""error_ratio_cluster_geomean"":2.9105912261685547,""max_ratio_cluster_geomean"":2.587620217781103,""speed_ratio_cluster_geomean"":1.002333621199504,""error_better_rows"":314,""ours_pass_rows"":331,""other_pass_rows"":285,""both_pass_rows"":285,""ours_only_pass_rows"":46,""other_only_pass_rows"":0,""median_ours_rms"":6.147631950186661e-07,""median_other_rms"":2.5750469993000477e-06}"
grid_attribution,discrete,rank1,rank1_postcompression,32,,32,[32],,,2e-05,2e-05,feasibility/pass counts only; error/cost ratios are descriptive across matching primary schedules,24,360,"[""discrete/rank1/n32/seed3600011"",""discrete/rank1/n32/seed3600021"",""discrete/rank1/n32/seed3600031""]","[""discrete/rank1_postcompression/n32/seed3600011"",""discrete/rank1_postcompression/n32/seed3600021"",""discrete/rank1_postcompression/n32/seed3600031""]","{""primary"":[[0.02,0.04,0.06],[0.06,0.04,0.02],[0.03,0.03,0.03,0.03],[0.04,0.08,0.12],[0.12,0.08,0.04]]}",results/frontier-full-review/learning-review.json,/grid_attribution/10,"{""track"":""discrete"",""train_count"":32,""competitor"":""rank1_postcompression"",""grid"":32,""paired_rows"":360,""independent_fields"":24,""error_ratio_cluster_geomean"":2.2748561985795077,""max_ratio_cluster_geomean"":2.1392947797652053,""speed_ratio_cluster_geomean"":1.0623920074269546,""error_better_rows"":237,""ours_pass_rows"":331,""other_pass_rows"":273,""both_pass_rows"":273,""ours_only_pass_rows"":58,""other_only_pass_rows"":0,""median_ours_rms"":6.147631950186661e-07,""median_other_rms"":1.2728950516235542e-06}"
grid_attribution,discrete,rank1,fno_small,32,,32,[32],,,2e-05,2e-05,feasibility/pass counts only; error/cost ratios are descriptive across matching primary schedules,24,360,"[""discrete/rank1/n32/seed3600011"",""discrete/rank1/n32/seed3600021"",""discrete/rank1/n32/seed3600031""]","[""discrete/fno_small/n32/seed3600011"",""discrete/fno_small/n32/seed3600021"",""discrete/fno_small/n32/seed3600031""]","{""primary"":[[0.02,0.04,0.06],[0.06,0.04,0.02],[0.03,0.03,0.03,0.03],[0.04,0.08,0.12],[0.12,0.08,0.04]]}",results/frontier-full-review/learning-review.json,/grid_attribution/11,"{""track"":""discrete"",""train_count"":32,""competitor"":""fno_small"",""grid"":32,""paired_rows"":360,""independent_fields"":24,""error_ratio_cluster_geomean"":24.596704070307087,""max_ratio_cluster_geomean"":15.164296893911843,""speed_ratio_cluster_geomean"":0.643991699450198,""error_better_rows"":356,""ours_pass_rows"":331,""other_pass_rows"":153,""both_pass_rows"":153,""ours_only_pass_rows"":178,""other_only_pass_rows"":0,""median_ours_rms"":6.147631950186661e-07,""median_other_rms"":2.0293937415538074e-05}"
grid_attribution,discrete,rank1,fno_standard,32,,32,[32],,,2e-05,2e-05,feasibility/pass counts only; error/cost ratios are descriptive across matching primary schedules,24,360,"[""discrete/rank1/n32/seed3600011"",""discrete/rank1/n32/seed3600021"",""discrete/rank1/n32/seed3600031""]","[""discrete/fno_standard/n32/seed3600011"",""discrete/fno_standard/n32/seed3600021"",""discrete/fno_standard/n32/seed3600031""]","{""primary"":[[0.02,0.04,0.06],[0.06,0.04,0.02],[0.03,0.03,0.03,0.03],[0.04,0.08,0.12],[0.12,0.08,0.04]]}",results/frontier-full-review/learning-review.json,/grid_attribution/12,"{""track"":""discrete"",""train_count"":32,""competitor"":""fno_standard"",""grid"":32,""paired_rows"":360,""independent_fields"":24,""error_ratio_cluster_geomean"":18.55164482046671,""max_ratio_cluster_geomean"":12.360652954547046,""speed_ratio_cluster_geomean"":0.9268726300055162,""error_better_rows"":356,""ours_pass_rows"":331,""other_pass_rows"":165,""both_pass_rows"":165,""ours_only_pass_rows"":166,""other_only_pass_rows"":0,""median_ours_rms"":6.147631950186661e-07,""median_other_rms"":1.566752142588158e-05}"
grid_attribution,discrete,rank1,direct_fno,32,,32,[32],,,2e-05,2e-05,feasibility/pass counts only; error/cost ratios are descriptive across matching primary schedules,24,360,"[""discrete/rank1/n32/seed3600011"",""discrete/rank1/n32/seed3600021"",""discrete/rank1/n32/seed3600031""]","[""discrete/direct_fno/n32/seed3600011"",""discrete/direct_fno/n32/seed3600021"",""discrete/direct_fno/n32/seed3600031""]","{""primary"":[[0.02,0.04,0.06],[0.06,0.04,0.02],[0.03,0.03,0.03,0.03],[0.04,0.08,0.12],[0.12,0.08,0.04]]}",results/frontier-full-review/learning-review.json,/grid_attribution/13,"{""track"":""discrete"",""train_count"":32,""competitor"":""direct_fno"",""grid"":32,""paired_rows"":360,""independent_fields"":24,""error_ratio_cluster_geomean"":47605.5222491691,""max_ratio_cluster_geomean"":37678.55986060205,""speed_ratio_cluster_geomean"":0.712263742178861,""error_better_rows"":360,""ours_pass_rows"":331,""other_pass_rows"":0,""both_pass_rows"":0,""ours_only_pass_rows"":331,""other_only_pass_rows"":0,""median_ours_rms"":6.147631950186661e-07,""median_other_rms"":0.04108413919472158}"
grid_attribution,discrete,rank1,analytic_quad,32,,32,[32],,,2e-05,2e-05,feasibility/pass counts only; error/cost ratios are descriptive across matching primary schedules,24,360,"[""discrete/rank1/n32/seed3600011"",""discrete/rank1/n32/seed3600021"",""discrete/rank1/n32/seed3600031""]","[""discrete/analytic_quad/n0/seedNone""]","{""primary"":[[0.02,0.04,0.06],[0.06,0.04,0.02],[0.03,0.03,0.03,0.03],[0.04,0.08,0.12],[0.12,0.08,0.04]]}",results/frontier-full-review/learning-review.json,/grid_attribution/14,"{""track"":""discrete"",""train_count"":32,""competitor"":""analytic_quad"",""grid"":32,""paired_rows"":360,""independent_fields"":24,""error_ratio_cluster_geomean"":0.3546379038753688,""max_ratio_cluster_geomean"":0.4209225365902445,""speed_ratio_cluster_geomean"":1.0697612372313752,""error_better_rows"":65,""ours_pass_rows"":331,""other_pass_rows"":354,""both_pass_rows"":331,""ours_only_pass_rows"":0,""other_only_pass_rows"":23,""median_ours_rms"":6.147631950186661e-07,""median_other_rms"":1.9084274976625989e-07}"
grid_attribution,discrete,rank1,analytic_quad_cubic,32,,32,[32],,,2e-05,2e-05,feasibility/pass counts only; error/cost ratios are descriptive across matching primary schedules,24,360,"[""discrete/rank1/n32/seed3600011"",""discrete/rank1/n32/seed3600021"",""discrete/rank1/n32/seed3600031""]","[""discrete/analytic_quad_cubic/n0/seedNone""]","{""primary"":[[0.02,0.04,0.06],[0.06,0.04,0.02],[0.03,0.03,0.03,0.03],[0.04,0.08,0.12],[0.12,0.08,0.04]]}",results/frontier-full-review/learning-review.json,/grid_attribution/15,"{""track"":""discrete"",""train_count"":32,""competitor"":""analytic_quad_cubic"",""grid"":32,""paired_rows"":360,""independent_fields"":24,""error_ratio_cluster_geomean"":0.21943238048076494,""max_ratio_cluster_geomean"":0.25078287178303615,""speed_ratio_cluster_geomean"":3.704610067890077,""error_better_rows"":63,""ours_pass_rows"":331,""other_pass_rows"":360,""both_pass_rows"":331,""ours_only_pass_rows"":0,""other_only_pass_rows"":29,""median_ours_rms"":6.147631950186661e-07,""median_other_rms"":1.2894159712322234e-07}"
grid_attribution,discrete,rank1,df,32,,32,[32],,,2e-05,2e-05,feasibility/pass counts only; error/cost ratios are descriptive across matching primary schedules,24,360,"[""discrete/rank1/n32/seed3600011"",""discrete/rank1/n32/seed3600021"",""discrete/rank1/n32/seed3600031""]","[""discrete/df/n0/seedNone""]","{""primary"":[[0.02,0.04,0.06],[0.06,0.04,0.02],[0.03,0.03,0.03,0.03],[0.04,0.08,0.12],[0.12,0.08,0.04]]}",results/frontier-full-review/learning-review.json,/grid_attribution/16,"{""track"":""discrete"",""train_count"":32,""competitor"":""df"",""grid"":32,""paired_rows"":360,""independent_fields"":24,""error_ratio_cluster_geomean"":4.364506082015667,""max_ratio_cluster_geomean"":3.7098728202961038,""speed_ratio_cluster_geomean"":0.1544905857337052,""error_better_rows"":301,""ours_pass_rows"":331,""other_pass_rows"":234,""both_pass_rows"":234,""ours_only_pass_rows"":97,""other_only_pass_rows"":0,""median_ours_rms"":6.147631950186661e-07,""median_other_rms"":4.438871255059995e-06}"
grid_attribution,discrete,rank1,etdrk4,32,,32,[32],,,2e-05,2e-05,feasibility/pass counts only; error/cost ratios are descriptive across matching primary schedules,24,360,"[""discrete/rank1/n32/seed3600011"",""discrete/rank1/n32/seed3600021"",""discrete/rank1/n32/seed3600031""]","[""discrete/etdrk4/n0/seedNone""]","{""primary"":[[0.02,0.04,0.06],[0.06,0.04,0.02],[0.03,0.03,0.03,0.03],[0.04,0.08,0.12],[0.12,0.08,0.04]]}",results/frontier-full-review/learning-review.json,/grid_attribution/17,"{""track"":""discrete"",""train_count"":32,""competitor"":""etdrk4"",""grid"":32,""paired_rows"":360,""independent_fields"":24,""error_ratio_cluster_geomean"":4.366910236404528,""max_ratio_cluster_geomean"":3.3351962292996293,""speed_ratio_cluster_geomean"":0.22826515160507665,""error_better_rows"":222,""ours_pass_rows"":331,""other_pass_rows"":225,""both_pass_rows"":219,""ours_only_pass_rows"":112,""other_only_pass_rows"":6,""median_ours_rms"":6.147631950186661e-07,""median_other_rms"":2.9645422998823317e-06}"
grid_attribution,continuum,rank1,rank1_frozen,8,,32,[32],,,2e-05,2e-05,feasibility/pass counts only; error/cost ratios are descriptive across matching primary schedules,24,360,"[""continuum/rank1/n8/seed3600011"",""continuum/rank1/n8/seed3600021"",""continuum/rank1/n8/seed3600031""]","[""continuum/rank1_frozen/n8/seed3600011"",""continuum/rank1_frozen/n8/seed3600021"",""continuum/rank1_frozen/n8/seed3600031""]","{""primary"":[[0.02,0.04,0.06],[0.06,0.04,0.02],[0.03,0.03,0.03,0.03],[0.04,0.08,0.12],[0.12,0.08,0.04]]}",results/frontier-full-review/learning-review.json,/grid_attribution/18,"{""track"":""continuum"",""train_count"":8,""competitor"":""rank1_frozen"",""grid"":32,""paired_rows"":360,""independent_fields"":24,""error_ratio_cluster_geomean"":3.003423468287195,""max_ratio_cluster_geomean"":2.614584704800553,""speed_ratio_cluster_geomean"":0.9984554018264695,""error_better_rows"":308,""ours_pass_rows"":330,""other_pass_rows"":288,""both_pass_rows"":288,""ours_only_pass_rows"":42,""other_only_pass_rows"":0,""median_ours_rms"":5.621447761336958e-07,""median_other_rms"":2.9363370793523137e-06}"
grid_attribution,continuum,rank1,rank1_postcompression,8,,32,[32],,,2e-05,2e-05,feasibility/pass counts only; error/cost ratios are descriptive across matching primary schedules,24,360,"[""continuum/rank1/n8/seed3600011"",""continuum/rank1/n8/seed3600021"",""continuum/rank1/n8/seed3600031""]","[""continuum/rank1_postcompression/n8/seed3600011"",""continuum/rank1_postcompression/n8/seed3600021"",""continuum/rank1_postcompression/n8/seed3600031""]","{""primary"":[[0.02,0.04,0.06],[0.06,0.04,0.02],[0.03,0.03,0.03,0.03],[0.04,0.08,0.12],[0.12,0.08,0.04]]}",results/frontier-full-review/learning-review.json,/grid_attribution/19,"{""track"":""continuum"",""train_count"":8,""competitor"":""rank1_postcompression"",""grid"":32,""paired_rows"":360,""independent_fields"":24,""error_ratio_cluster_geomean"":2.5549663308671295,""max_ratio_cluster_geomean"":2.273014804961589,""speed_ratio_cluster_geomean"":1.0103540452543247,""error_better_rows"":260,""ours_pass_rows"":330,""other_pass_rows"":279,""both_pass_rows"":279,""ours_only_pass_rows"":51,""other_only_pass_rows"":0,""median_ours_rms"":5.621447761336958e-07,""median_other_rms"":2.081616335063746e-06}"
grid_attribution,continuum,rank1,fno_small,8,,32,[32],,,2e-05,2e-05,feasibility/pass counts only; error/cost ratios are descriptive across matching primary schedules,24,360,"[""continuum/rank1/n8/seed3600011"",""continuum/rank1/n8/seed3600021"",""continuum/rank1/n8/seed3600031""]","[""continuum/fno_small/n8/seed3600011"",""continuum/fno_small/n8/seed3600021"",""continuum/fno_small/n8/seed3600031""]","{""primary"":[[0.02,0.04,0.06],[0.06,0.04,0.02],[0.03,0.03,0.03,0.03],[0.04,0.08,0.12],[0.12,0.08,0.04]]}",results/frontier-full-review/learning-review.json,/grid_attribution/20,"{""track"":""continuum"",""train_count"":8,""competitor"":""fno_small"",""grid"":32,""paired_rows"":360,""independent_fields"":24,""error_ratio_cluster_geomean"":17.395364790970408,""max_ratio_cluster_geomean"":11.44327069343905,""speed_ratio_cluster_geomean"":0.7344703724462219,""error_better_rows"":345,""ours_pass_rows"":330,""other_pass_rows"":180,""both_pass_rows"":178,""ours_only_pass_rows"":152,""other_only_pass_rows"":2,""median_ours_rms"":5.621447761336958e-07,""median_other_rms"":1.4648650376962171e-05}"
grid_attribution,continuum,rank1,fno_standard,8,,32,[32],,,2e-05,2e-05,feasibility/pass counts only; error/cost ratios are descriptive across matching primary schedules,24,360,"[""continuum/rank1/n8/seed3600011"",""continuum/rank1/n8/seed3600021"",""continuum/rank1/n8/seed3600031""]","[""continuum/fno_standard/n8/seed3600011"",""continuum/fno_standard/n8/seed3600021"",""continuum/fno_standard/n8/seed3600031""]","{""primary"":[[0.02,0.04,0.06],[0.06,0.04,0.02],[0.03,0.03,0.03,0.03],[0.04,0.08,0.12],[0.12,0.08,0.04]]}",results/frontier-full-review/learning-review.json,/grid_attribution/21,"{""track"":""continuum"",""train_count"":8,""competitor"":""fno_standard"",""grid"":32,""paired_rows"":360,""independent_fields"":24,""error_ratio_cluster_geomean"":17.419142340948824,""max_ratio_cluster_geomean"":11.567309167442051,""speed_ratio_cluster_geomean"":0.7902275368184349,""error_better_rows"":351,""ours_pass_rows"":330,""other_pass_rows"":189,""both_pass_rows"":188,""ours_only_pass_rows"":142,""other_only_pass_rows"":1,""median_ours_rms"":5.621447761336958e-07,""median_other_rms"":1.272662982137244e-05}"
grid_attribution,continuum,rank1,direct_fno,8,,32,[32],,,2e-05,2e-05,feasibility/pass counts only; error/cost ratios are descriptive across matching primary schedules,24,360,"[""continuum/rank1/n8/seed3600011"",""continuum/rank1/n8/seed3600021"",""continuum/rank1/n8/seed3600031""]","[""continuum/direct_fno/n8/seed3600011"",""continuum/direct_fno/n8/seed3600021"",""continuum/direct_fno/n8/seed3600031""]","{""primary"":[[0.02,0.04,0.06],[0.06,0.04,0.02],[0.03,0.03,0.03,0.03],[0.04,0.08,0.12],[0.12,0.08,0.04]]}",results/frontier-full-review/learning-review.json,/grid_attribution/22,"{""track"":""continuum"",""train_count"":8,""competitor"":""direct_fno"",""grid"":32,""paired_rows"":360,""independent_fields"":24,""error_ratio_cluster_geomean"":48175.66147145154,""max_ratio_cluster_geomean"":42133.52308166159,""speed_ratio_cluster_geomean"":0.14176841582685784,""error_better_rows"":360,""ours_pass_rows"":330,""other_pass_rows"":0,""both_pass_rows"":0,""ours_only_pass_rows"":330,""other_only_pass_rows"":0,""median_ours_rms"":5.621447761336958e-07,""median_other_rms"":0.04009340141136816}"
grid_attribution,continuum,rank1,analytic_quad,8,,32,[32],,,2e-05,2e-05,feasibility/pass counts only; error/cost ratios are descriptive across matching primary schedules,24,360,"[""continuum/rank1/n8/seed3600011"",""continuum/rank1/n8/seed3600021"",""continuum/rank1/n8/seed3600031""]","[""continuum/analytic_quad/n0/seedNone""]","{""primary"":[[0.02,0.04,0.06],[0.06,0.04,0.02],[0.03,0.03,0.03,0.03],[0.04,0.08,0.12],[0.12,0.08,0.04]]}",results/frontier-full-review/learning-review.json,/grid_attribution/23,"{""track"":""continuum"",""train_count"":8,""competitor"":""analytic_quad"",""grid"":32,""paired_rows"":360,""independent_fields"":24,""error_ratio_cluster_geomean"":0.4718268069435455,""max_ratio_cluster_geomean"":0.5246644853745995,""speed_ratio_cluster_geomean"":1.1311726119747505,""error_better_rows"":61,""ours_pass_rows"":330,""other_pass_rows"":351,""both_pass_rows"":330,""ours_only_pass_rows"":0,""other_only_pass_rows"":21,""median_ours_rms"":5.621447761336958e-07,""median_other_rms"":3.150778486955689e-07}"
grid_attribution,continuum,rank1,analytic_quad_cubic,8,,32,[32],,,2e-05,2e-05,feasibility/pass counts only; error/cost ratios are descriptive across matching primary schedules,24,360,"[""continuum/rank1/n8/seed3600011"",""continuum/rank1/n8/seed3600021"",""continuum/rank1/n8/seed3600031""]","[""continuum/analytic_quad_cubic/n0/seedNone""]","{""primary"":[[0.02,0.04,0.06],[0.06,0.04,0.02],[0.03,0.03,0.03,0.03],[0.04,0.08,0.12],[0.12,0.08,0.04]]}",results/frontier-full-review/learning-review.json,/grid_attribution/24,"{""track"":""continuum"",""train_count"":8,""competitor"":""analytic_quad_cubic"",""grid"":32,""paired_rows"":360,""independent_fields"":24,""error_ratio_cluster_geomean"":0.3458571898903157,""max_ratio_cluster_geomean"":0.36692199253432317,""speed_ratio_cluster_geomean"":3.6183429218327925,""error_better_rows"":56,""ours_pass_rows"":330,""other_pass_rows"":357,""both_pass_rows"":330,""ours_only_pass_rows"":0,""other_only_pass_rows"":27,""median_ours_rms"":5.621447761336958e-07,""median_other_rms"":1.6869419156797172e-07}"
grid_attribution,continuum,rank1,df,8,,32,[32],,,2e-05,2e-05,feasibility/pass counts only; error/cost ratios are descriptive across matching primary schedules,24,360,"[""continuum/rank1/n8/seed3600011"",""continuum/rank1/n8/seed3600021"",""continuum/rank1/n8/seed3600031""]","[""continuum/df/n0/seedNone""]","{""primary"":[[0.02,0.04,0.06],[0.06,0.04,0.02],[0.03,0.03,0.03,0.03],[0.04,0.08,0.12],[0.12,0.08,0.04]]}",results/frontier-full-review/learning-review.json,/grid_attribution/25,"{""track"":""continuum"",""train_count"":8,""competitor"":""df"",""grid"":32,""paired_rows"":360,""independent_fields"":24,""error_ratio_cluster_geomean"":4.503188484058502,""max_ratio_cluster_geomean"":3.736314991579513,""speed_ratio_cluster_geomean"":0.6321273994791826,""error_better_rows"":309,""ours_pass_rows"":330,""other_pass_rows"":243,""both_pass_rows"":243,""ours_only_pass_rows"":87,""other_only_pass_rows"":0,""median_ours_rms"":5.621447761336958e-07,""median_other_rms"":4.546164427122449e-06}"
grid_attribution,continuum,rank1,etdrk4,8,,32,[32],,,2e-05,2e-05,feasibility/pass counts only; error/cost ratios are descriptive across matching primary schedules,24,360,"[""continuum/rank1/n8/seed3600011"",""continuum/rank1/n8/seed3600021"",""continuum/rank1/n8/seed3600031""]","[""continuum/etdrk4/n0/seedNone""]","{""primary"":[[0.02,0.04,0.06],[0.06,0.04,0.02],[0.03,0.03,0.03,0.03],[0.04,0.08,0.12],[0.12,0.08,0.04]]}",results/frontier-full-review/learning-review.json,/grid_attribution/26,"{""track"":""continuum"",""train_count"":8,""competitor"":""etdrk4"",""grid"":32,""paired_rows"":360,""independent_fields"":24,""error_ratio_cluster_geomean"":6.28283590017253,""max_ratio_cluster_geomean"":4.8085904507984205,""speed_ratio_cluster_geomean"":0.18975258251544908,""error_better_rows"":272,""ours_pass_rows"":330,""other_pass_rows"":216,""both_pass_rows"":216,""ours_only_pass_rows"":114,""other_only_pass_rows"":0,""median_ours_rms"":5.621447761336958e-07,""median_other_rms"":4.692008931274596e-06}"
grid_attribution,continuum,rank1,rank1_frozen,32,,32,[32],,,2e-05,2e-05,feasibility/pass counts only; error/cost ratios are descriptive across matching primary schedules,24,360,"[""continuum/rank1/n32/seed3600011"",""continuum/rank1/n32/seed3600021"",""continuum/rank1/n32/seed3600031""]","[""continuum/rank1_frozen/n32/seed3600011"",""continuum/rank1_frozen/n32/seed3600021"",""continuum/rank1_frozen/n32/seed3600031""]","{""primary"":[[0.02,0.04,0.06],[0.06,0.04,0.02],[0.03,0.03,0.03,0.03],[0.04,0.08,0.12],[0.12,0.08,0.04]]}",results/frontier-full-review/learning-review.json,/grid_attribution/27,"{""track"":""continuum"",""train_count"":32,""competitor"":""rank1_frozen"",""grid"":32,""paired_rows"":360,""independent_fields"":24,""error_ratio_cluster_geomean"":2.650158924236527,""max_ratio_cluster_geomean"":2.396016129533834,""speed_ratio_cluster_geomean"":1.0006422284467582,""error_better_rows"":305,""ours_pass_rows"":334,""other_pass_rows"":288,""both_pass_rows"":288,""ours_only_pass_rows"":46,""other_only_pass_rows"":0,""median_ours_rms"":7.359139237534722e-07,""median_other_rms"":2.9363370793523137e-06}"
grid_attribution,continuum,rank1,rank1_postcompression,32,,32,[32],,,2e-05,2e-05,feasibility/pass counts only; error/cost ratios are descriptive across matching primary schedules,24,360,"[""continuum/rank1/n32/seed3600011"",""continuum/rank1/n32/seed3600021"",""continuum/rank1/n32/seed3600031""]","[""continuum/rank1_postcompression/n32/seed3600011"",""continuum/rank1_postcompression/n32/seed3600021"",""continuum/rank1_postcompression/n32/seed3600031""]","{""primary"":[[0.02,0.04,0.06],[0.06,0.04,0.02],[0.03,0.03,0.03,0.03],[0.04,0.08,0.12],[0.12,0.08,0.04]]}",results/frontier-full-review/learning-review.json,/grid_attribution/28,"{""track"":""continuum"",""train_count"":32,""competitor"":""rank1_postcompression"",""grid"":32,""paired_rows"":360,""independent_fields"":24,""error_ratio_cluster_geomean"":2.116394016293427,""max_ratio_cluster_geomean"":1.9473284083576299,""speed_ratio_cluster_geomean"":1.013373558747409,""error_better_rows"":234,""ours_pass_rows"":334,""other_pass_rows"":279,""both_pass_rows"":279,""ours_only_pass_rows"":55,""other_only_pass_rows"":0,""median_ours_rms"":7.359139237534722e-07,""median_other_rms"":1.970073004426463e-06}"
grid_attribution,continuum,rank1,fno_small,32,,32,[32],,,2e-05,2e-05,feasibility/pass counts only; error/cost ratios are descriptive across matching primary schedules,24,360,"[""continuum/rank1/n32/seed3600011"",""continuum/rank1/n32/seed3600021"",""continuum/rank1/n32/seed3600031""]","[""continuum/fno_small/n32/seed3600011"",""continuum/fno_small/n32/seed3600021"",""continuum/fno_small/n32/seed3600031""]","{""primary"":[[0.02,0.04,0.06],[0.06,0.04,0.02],[0.03,0.03,0.03,0.03],[0.04,0.08,0.12],[0.12,0.08,0.04]]}",results/frontier-full-review/learning-review.json,/grid_attribution/29,"{""track"":""continuum"",""train_count"":32,""competitor"":""fno_small"",""grid"":32,""paired_rows"":360,""independent_fields"":24,""error_ratio_cluster_geomean"":14.251090663503225,""max_ratio_cluster_geomean"":10.057220398610859,""speed_ratio_cluster_geomean"":0.7353420860889079,""error_better_rows"":349,""ours_pass_rows"":334,""other_pass_rows"":186,""both_pass_rows"":185,""ours_only_pass_rows"":149,""other_only_pass_rows"":1,""median_ours_rms"":7.359139237534722e-07,""median_other_rms"":1.2514555506537877e-05}"
grid_attribution,continuum,rank1,fno_standard,32,,32,[32],,,2e-05,2e-05,feasibility/pass counts only; error/cost ratios are descriptive across matching primary schedules,24,360,"[""continuum/rank1/n32/seed3600011"",""continuum/rank1/n32/seed3600021"",""continuum/rank1/n32/seed3600031""]","[""continuum/fno_standard/n32/seed3600011"",""continuum/fno_standard/n32/seed3600021"",""continuum/fno_standard/n32/seed3600031""]","{""primary"":[[0.02,0.04,0.06],[0.06,0.04,0.02],[0.03,0.03,0.03,0.03],[0.04,0.08,0.12],[0.12,0.08,0.04]]}",results/frontier-full-review/learning-review.json,/grid_attribution/30,"{""track"":""continuum"",""train_count"":32,""competitor"":""fno_standard"",""grid"":32,""paired_rows"":360,""independent_fields"":24,""error_ratio_cluster_geomean"":16.17807065910144,""max_ratio_cluster_geomean"":10.926978634014764,""speed_ratio_cluster_geomean"":0.7929693642004287,""error_better_rows"":355,""ours_pass_rows"":334,""other_pass_rows"":186,""both_pass_rows"":184,""ours_only_pass_rows"":150,""other_only_pass_rows"":2,""median_ours_rms"":7.359139237534722e-07,""median_other_rms"":1.2972266709077746e-05}"
grid_attribution,continuum,rank1,direct_fno,32,,32,[32],,,2e-05,2e-05,feasibility/pass counts only; error/cost ratios are descriptive across matching primary schedules,24,360,"[""continuum/rank1/n32/seed3600011"",""continuum/rank1/n32/seed3600021"",""continuum/rank1/n32/seed3600031""]","[""continuum/direct_fno/n32/seed3600011"",""continuum/direct_fno/n32/seed3600021"",""continuum/direct_fno/n32/seed3600031""]","{""primary"":[[0.02,0.04,0.06],[0.06,0.04,0.02],[0.03,0.03,0.03,0.03],[0.04,0.08,0.12],[0.12,0.08,0.04]]}",results/frontier-full-review/learning-review.json,/grid_attribution/31,"{""track"":""continuum"",""train_count"":32,""competitor"":""direct_fno"",""grid"":32,""paired_rows"":360,""independent_fields"":24,""error_ratio_cluster_geomean"":42163.58739876617,""max_ratio_cluster_geomean"":38077.86230590744,""speed_ratio_cluster_geomean"":0.14227879036578625,""error_better_rows"":360,""ours_pass_rows"":334,""other_pass_rows"":0,""both_pass_rows"":0,""ours_only_pass_rows"":334,""other_only_pass_rows"":0,""median_ours_rms"":7.359139237534722e-07,""median_other_rms"":0.04148945213549211}"
grid_attribution,continuum,rank1,analytic_quad,32,,32,[32],,,2e-05,2e-05,feasibility/pass counts only; error/cost ratios are descriptive across matching primary schedules,24,360,"[""continuum/rank1/n32/seed3600011"",""continuum/rank1/n32/seed3600021"",""continuum/rank1/n32/seed3600031""]","[""continuum/analytic_quad/n0/seedNone""]","{""primary"":[[0.02,0.04,0.06],[0.06,0.04,0.02],[0.03,0.03,0.03,0.03],[0.04,0.08,0.12],[0.12,0.08,0.04]]}",results/frontier-full-review/learning-review.json,/grid_attribution/32,"{""track"":""continuum"",""train_count"":32,""competitor"":""analytic_quad"",""grid"":32,""paired_rows"":360,""independent_fields"":24,""error_ratio_cluster_geomean"":0.4163302432435725,""max_ratio_cluster_geomean"":0.4808046827639511,""speed_ratio_cluster_geomean"":1.1324636811042896,""error_better_rows"":65,""ours_pass_rows"":334,""other_pass_rows"":351,""both_pass_rows"":334,""ours_only_pass_rows"":0,""other_only_pass_rows"":17,""median_ours_rms"":7.359139237534722e-07,""median_other_rms"":3.150778486955689e-07}"
grid_attribution,continuum,rank1,analytic_quad_cubic,32,,32,[32],,,2e-05,2e-05,feasibility/pass counts only; error/cost ratios are descriptive across matching primary schedules,24,360,"[""continuum/rank1/n32/seed3600011"",""continuum/rank1/n32/seed3600021"",""continuum/rank1/n32/seed3600031""]","[""continuum/analytic_quad_cubic/n0/seedNone""]","{""primary"":[[0.02,0.04,0.06],[0.06,0.04,0.02],[0.03,0.03,0.03,0.03],[0.04,0.08,0.12],[0.12,0.08,0.04]]}",results/frontier-full-review/learning-review.json,/grid_attribution/33,"{""track"":""continuum"",""train_count"":32,""competitor"":""analytic_quad_cubic"",""grid"":32,""paired_rows"":360,""independent_fields"":24,""error_ratio_cluster_geomean"":0.3051772512192216,""max_ratio_cluster_geomean"":0.33624881641002147,""speed_ratio_cluster_geomean"":3.6224727343804193,""error_better_rows"":58,""ours_pass_rows"":334,""other_pass_rows"":357,""both_pass_rows"":334,""ours_only_pass_rows"":0,""other_only_pass_rows"":23,""median_ours_rms"":7.359139237534722e-07,""median_other_rms"":1.6869419156797172e-07}"
grid_attribution,continuum,rank1,df,32,,32,[32],,,2e-05,2e-05,feasibility/pass counts only; error/cost ratios are descriptive across matching primary schedules,24,360,"[""continuum/rank1/n32/seed3600011"",""continuum/rank1/n32/seed3600021"",""continuum/rank1/n32/seed3600031""]","[""continuum/df/n0/seedNone""]","{""primary"":[[0.02,0.04,0.06],[0.06,0.04,0.02],[0.03,0.03,0.03,0.03],[0.04,0.08,0.12],[0.12,0.08,0.04]]}",results/frontier-full-review/learning-review.json,/grid_attribution/34,"{""track"":""continuum"",""train_count"":32,""competitor"":""df"",""grid"":32,""paired_rows"":360,""independent_fields"":24,""error_ratio_cluster_geomean"":3.9735206422132223,""max_ratio_cluster_geomean"":3.4239743575362516,""speed_ratio_cluster_geomean"":0.6328488810309494,""error_better_rows"":311,""ours_pass_rows"":334,""other_pass_rows"":243,""both_pass_rows"":243,""ours_only_pass_rows"":91,""other_only_pass_rows"":0,""median_ours_rms"":7.359139237534722e-07,""median_other_rms"":4.546164427122449e-06}"
grid_attribution,continuum,rank1,etdrk4,32,,32,[32],,,2e-05,2e-05,feasibility/pass counts only; error/cost ratios are descriptive across matching primary schedules,24,360,"[""continuum/rank1/n32/seed3600011"",""continuum/rank1/n32/seed3600021"",""continuum/rank1/n32/seed3600031""]","[""continuum/etdrk4/n0/seedNone""]","{""primary"":[[0.02,0.04,0.06],[0.06,0.04,0.02],[0.03,0.03,0.03,0.03],[0.04,0.08,0.12],[0.12,0.08,0.04]]}",results/frontier-full-review/learning-review.json,/grid_attribution/35,"{""track"":""continuum"",""train_count"":32,""competitor"":""etdrk4"",""grid"":32,""paired_rows"":360,""independent_fields"":24,""error_ratio_cluster_geomean"":5.543844817810985,""max_ratio_cluster_geomean"":4.406611979057787,""speed_ratio_cluster_geomean"":0.1899691575093471,""error_better_rows"":258,""ours_pass_rows"":334,""other_pass_rows"":216,""both_pass_rows"":216,""ours_only_pass_rows"":118,""other_only_pass_rows"":0,""median_ours_rms"":7.359139237534722e-07,""median_other_rms"":4.692008931274596e-06}"
grid_attribution,discrete,rank1,rank1_frozen,8,,64,[64],,,2e-05,2e-05,feasibility/pass counts only; error/cost ratios are descriptive across matching primary schedules,24,360,"[""discrete/rank1/n8/seed3600011"",""discrete/rank1/n8/seed3600021"",""discrete/rank1/n8/seed3600031""]","[""discrete/rank1_frozen/n8/seed3600011"",""discrete/rank1_frozen/n8/seed3600021"",""discrete/rank1_frozen/n8/seed3600031""]","{""primary"":[[0.02,0.04,0.06],[0.06,0.04,0.02],[0.03,0.03,0.03,0.03],[0.04,0.08,0.12],[0.12,0.08,0.04]]}",results/frontier-full-review/learning-review.json,/grid_attribution/36,"{""track"":""discrete"",""train_count"":8,""competitor"":""rank1_frozen"",""grid"":64,""paired_rows"":360,""independent_fields"":24,""error_ratio_cluster_geomean"":3.34375043244645,""max_ratio_cluster_geomean"":2.777131941304449,""speed_ratio_cluster_geomean"":1.002947798958534,""error_better_rows"":309,""ours_pass_rows"":335,""other_pass_rows"":285,""both_pass_rows"":285,""ours_only_pass_rows"":50,""other_only_pass_rows"":0,""median_ours_rms"":5.890192143614495e-07,""median_other_rms"":2.5974537541427723e-06}"
grid_attribution,discrete,rank1,rank1_postcompression,8,,64,[64],,,2e-05,2e-05,feasibility/pass counts only; error/cost ratios are descriptive across matching primary schedules,24,360,"[""discrete/rank1/n8/seed3600011"",""discrete/rank1/n8/seed3600021"",""discrete/rank1/n8/seed3600031""]","[""discrete/rank1_postcompression/n8/seed3600011"",""discrete/rank1_postcompression/n8/seed3600021"",""discrete/rank1_postcompression/n8/seed3600031""]","{""primary"":[[0.02,0.04,0.06],[0.06,0.04,0.02],[0.03,0.03,0.03,0.03],[0.04,0.08,0.12],[0.12,0.08,0.04]]}",results/frontier-full-review/learning-review.json,/grid_attribution/37,"{""track"":""discrete"",""train_count"":8,""competitor"":""rank1_postcompression"",""grid"":64,""paired_rows"":360,""independent_fields"":24,""error_ratio_cluster_geomean"":2.960138453118442,""max_ratio_cluster_geomean"":2.5292036399500875,""speed_ratio_cluster_geomean"":1.0654861640420592,""error_better_rows"":295,""ours_pass_rows"":335,""other_pass_rows"":276,""both_pass_rows"":276,""ours_only_pass_rows"":59,""other_only_pass_rows"":0,""median_ours_rms"":5.890192143614495e-07,""median_other_rms"":2.2397951211155426e-06}"
grid_attribution,discrete,rank1,fno_small,8,,64,[64],,,2e-05,2e-05,feasibility/pass counts only; error/cost ratios are descriptive across matching primary schedules,24,360,"[""discrete/rank1/n8/seed3600011"",""discrete/rank1/n8/seed3600021"",""discrete/rank1/n8/seed3600031""]","[""discrete/fno_small/n8/seed3600011"",""discrete/fno_small/n8/seed3600021"",""discrete/fno_small/n8/seed3600031""]","{""primary"":[[0.02,0.04,0.06],[0.06,0.04,0.02],[0.03,0.03,0.03,0.03],[0.04,0.08,0.12],[0.12,0.08,0.04]]}",results/frontier-full-review/learning-review.json,/grid_attribution/38,"{""track"":""discrete"",""train_count"":8,""competitor"":""fno_small"",""grid"":64,""paired_rows"":360,""independent_fields"":24,""error_ratio_cluster_geomean"":20.565885652094902,""max_ratio_cluster_geomean"":13.560967492593601,""speed_ratio_cluster_geomean"":0.647734815851327,""error_better_rows"":353,""ours_pass_rows"":335,""other_pass_rows"":184,""both_pass_rows"":183,""ours_only_pass_rows"":152,""other_only_pass_rows"":1,""median_ours_rms"":5.890192143614495e-07,""median_other_rms"":1.4716888470898343e-05}"
grid_attribution,discrete,rank1,fno_standard,8,,64,[64],,,2e-05,2e-05,feasibility/pass counts only; error/cost ratios are descriptive across matching primary schedules,24,360,"[""discrete/rank1/n8/seed3600011"",""discrete/rank1/n8/seed3600021"",""discrete/rank1/n8/seed3600031""]","[""discrete/fno_standard/n8/seed3600011"",""discrete/fno_standard/n8/seed3600021"",""discrete/fno_standard/n8/seed3600031""]","{""primary"":[[0.02,0.04,0.06],[0.06,0.04,0.02],[0.03,0.03,0.03,0.03],[0.04,0.08,0.12],[0.12,0.08,0.04]]}",results/frontier-full-review/learning-review.json,/grid_attribution/39,"{""track"":""discrete"",""train_count"":8,""competitor"":""fno_standard"",""grid"":64,""paired_rows"":360,""independent_fields"":24,""error_ratio_cluster_geomean"":16.080005429951868,""max_ratio_cluster_geomean"":10.186908021354128,""speed_ratio_cluster_geomean"":0.9256257520835035,""error_better_rows"":342,""ours_pass_rows"":335,""other_pass_rows"":196,""both_pass_rows"":194,""ours_only_pass_rows"":141,""other_only_pass_rows"":2,""median_ours_rms"":5.890192143614495e-07,""median_other_rms"":1.1901272906276235e-05}"
grid_attribution,discrete,rank1,direct_fno,8,,64,[64],,,2e-05,2e-05,feasibility/pass counts only; error/cost ratios are descriptive across matching primary schedules,24,360,"[""discrete/rank1/n8/seed3600011"",""discrete/rank1/n8/seed3600021"",""discrete/rank1/n8/seed3600031""]","[""discrete/direct_fno/n8/seed3600011"",""discrete/direct_fno/n8/seed3600021"",""discrete/direct_fno/n8/seed3600031""]","{""primary"":[[0.02,0.04,0.06],[0.06,0.04,0.02],[0.03,0.03,0.03,0.03],[0.04,0.08,0.12],[0.12,0.08,0.04]]}",results/frontier-full-review/learning-review.json,/grid_attribution/40,"{""track"":""discrete"",""train_count"":8,""competitor"":""direct_fno"",""grid"":64,""paired_rows"":360,""independent_fields"":24,""error_ratio_cluster_geomean"":59255.75030028577,""max_ratio_cluster_geomean"":46994.103198105535,""speed_ratio_cluster_geomean"":0.7085470263354889,""error_better_rows"":360,""ours_pass_rows"":335,""other_pass_rows"":0,""both_pass_rows"":0,""ours_only_pass_rows"":335,""other_only_pass_rows"":0,""median_ours_rms"":5.890192143614495e-07,""median_other_rms"":0.043111521109780275}"
grid_attribution,discrete,rank1,analytic_quad,8,,64,[64],,,2e-05,2e-05,feasibility/pass counts only; error/cost ratios are descriptive across matching primary schedules,24,360,"[""discrete/rank1/n8/seed3600011"",""discrete/rank1/n8/seed3600021"",""discrete/rank1/n8/seed3600031""]","[""discrete/analytic_quad/n0/seedNone""]","{""primary"":[[0.02,0.04,0.06],[0.06,0.04,0.02],[0.03,0.03,0.03,0.03],[0.04,0.08,0.12],[0.12,0.08,0.04]]}",results/frontier-full-review/learning-review.json,/grid_attribution/41,"{""track"":""discrete"",""train_count"":8,""competitor"":""analytic_quad"",""grid"":64,""paired_rows"":360,""independent_fields"":24,""error_ratio_cluster_geomean"":0.3883888698541778,""max_ratio_cluster_geomean"":0.4614877724147598,""speed_ratio_cluster_geomean"":1.0804382889645252,""error_better_rows"":37,""ours_pass_rows"":335,""other_pass_rows"":351,""both_pass_rows"":335,""ours_only_pass_rows"":0,""other_only_pass_rows"":16,""median_ours_rms"":5.890192143614495e-07,""median_other_rms"":1.6529319789716292e-07}"
grid_attribution,discrete,rank1,analytic_quad_cubic,8,,64,[64],,,2e-05,2e-05,feasibility/pass counts only; error/cost ratios are descriptive across matching primary schedules,24,360,"[""discrete/rank1/n8/seed3600011"",""discrete/rank1/n8/seed3600021"",""discrete/rank1/n8/seed3600031""]","[""discrete/analytic_quad_cubic/n0/seedNone""]","{""primary"":[[0.02,0.04,0.06],[0.06,0.04,0.02],[0.03,0.03,0.03,0.03],[0.04,0.08,0.12],[0.12,0.08,0.04]]}",results/frontier-full-review/learning-review.json,/grid_attribution/42,"{""track"":""discrete"",""train_count"":8,""competitor"":""analytic_quad_cubic"",""grid"":64,""paired_rows"":360,""independent_fields"":24,""error_ratio_cluster_geomean"":0.24651798844249695,""max_ratio_cluster_geomean"":0.2895301331516268,""speed_ratio_cluster_geomean"":3.7004061210768,""error_better_rows"":38,""ours_pass_rows"":335,""other_pass_rows"":357,""both_pass_rows"":335,""ours_only_pass_rows"":0,""other_only_pass_rows"":22,""median_ours_rms"":5.890192143614495e-07,""median_other_rms"":1.0481783068380726e-07}"
grid_attribution,discrete,rank1,df,8,,64,[64],,,2e-05,2e-05,feasibility/pass counts only; error/cost ratios are descriptive across matching primary schedules,24,360,"[""discrete/rank1/n8/seed3600011"",""discrete/rank1/n8/seed3600021"",""discrete/rank1/n8/seed3600031""]","[""discrete/df/n0/seedNone""]","{""primary"":[[0.02,0.04,0.06],[0.06,0.04,0.02],[0.03,0.03,0.03,0.03],[0.04,0.08,0.12],[0.12,0.08,0.04]]}",results/frontier-full-review/learning-review.json,/grid_attribution/43,"{""track"":""discrete"",""train_count"":8,""competitor"":""df"",""grid"":64,""paired_rows"":360,""independent_fields"":24,""error_ratio_cluster_geomean"":5.047182183667498,""max_ratio_cluster_geomean"":4.039676276592077,""speed_ratio_cluster_geomean"":0.1547633244123643,""error_better_rows"":306,""ours_pass_rows"":335,""other_pass_rows"":246,""both_pass_rows"":246,""ours_only_pass_rows"":89,""other_only_pass_rows"":0,""median_ours_rms"":5.890192143614495e-07,""median_other_rms"":4.660611895091522e-06}"
grid_attribution,discrete,rank1,etdrk4,8,,64,[64],,,2e-05,2e-05,feasibility/pass counts only; error/cost ratios are descriptive across matching primary schedules,24,360,"[""discrete/rank1/n8/seed3600011"",""discrete/rank1/n8/seed3600021"",""discrete/rank1/n8/seed3600031""]","[""discrete/etdrk4/n0/seedNone""]","{""primary"":[[0.02,0.04,0.06],[0.06,0.04,0.02],[0.03,0.03,0.03,0.03],[0.04,0.08,0.12],[0.12,0.08,0.04]]}",results/frontier-full-review/learning-review.json,/grid_attribution/44,"{""track"":""discrete"",""train_count"":8,""competitor"":""etdrk4"",""grid"":64,""paired_rows"":360,""independent_fields"":24,""error_ratio_cluster_geomean"":6.097533151939839,""max_ratio_cluster_geomean"":4.623775379091704,""speed_ratio_cluster_geomean"":0.22862323469655338,""error_better_rows"":260,""ours_pass_rows"":335,""other_pass_rows"":216,""both_pass_rows"":216,""ours_only_pass_rows"":119,""other_only_pass_rows"":0,""median_ours_rms"":5.890192143614495e-07,""median_other_rms"":4.26054073576711e-06}"
grid_attribution,discrete,rank1,rank1_frozen,32,,64,[64],,,2e-05,2e-05,feasibility/pass counts only; error/cost ratios are descriptive across matching primary schedules,24,360,"[""discrete/rank1/n32/seed3600011"",""discrete/rank1/n32/seed3600021"",""discrete/rank1/n32/seed3600031""]","[""discrete/rank1_frozen/n32/seed3600011"",""discrete/rank1_frozen/n32/seed3600021"",""discrete/rank1_frozen/n32/seed3600031""]","{""primary"":[[0.02,0.04,0.06],[0.06,0.04,0.02],[0.03,0.03,0.03,0.03],[0.04,0.08,0.12],[0.12,0.08,0.04]]}",results/frontier-full-review/learning-review.json,/grid_attribution/45,"{""track"":""discrete"",""train_count"":32,""competitor"":""rank1_frozen"",""grid"":64,""paired_rows"":360,""independent_fields"":24,""error_ratio_cluster_geomean"":3.0729736170312862,""max_ratio_cluster_geomean"":2.5996514722286497,""speed_ratio_cluster_geomean"":0.9962324574504584,""error_better_rows"":311,""ours_pass_rows"":337,""other_pass_rows"":285,""both_pass_rows"":285,""ours_only_pass_rows"":52,""other_only_pass_rows"":0,""median_ours_rms"":6.740209194050088e-07,""median_other_rms"":2.5974537541427723e-06}"
grid_attribution,discrete,rank1,rank1_postcompression,32,,64,[64],,,2e-05,2e-05,feasibility/pass counts only; error/cost ratios are descriptive across matching primary schedules,24,360,"[""discrete/rank1/n32/seed3600011"",""discrete/rank1/n32/seed3600021"",""discrete/rank1/n32/seed3600031""]","[""discrete/rank1_postcompression/n32/seed3600011"",""discrete/rank1_postcompression/n32/seed3600021"",""discrete/rank1_postcompression/n32/seed3600031""]","{""primary"":[[0.02,0.04,0.06],[0.06,0.04,0.02],[0.03,0.03,0.03,0.03],[0.04,0.08,0.12],[0.12,0.08,0.04]]}",results/frontier-full-review/learning-review.json,/grid_attribution/46,"{""track"":""discrete"",""train_count"":32,""competitor"":""rank1_postcompression"",""grid"":64,""paired_rows"":360,""independent_fields"":24,""error_ratio_cluster_geomean"":2.3227662028473626,""max_ratio_cluster_geomean"":2.088778928051655,""speed_ratio_cluster_geomean"":1.0645871924736896,""error_better_rows"":236,""ours_pass_rows"":337,""other_pass_rows"":276,""both_pass_rows"":276,""ours_only_pass_rows"":61,""other_only_pass_rows"":0,""median_ours_rms"":6.740209194050088e-07,""median_other_rms"":1.543167848139795e-06}"
grid_attribution,discrete,rank1,fno_small,32,,64,[64],,,2e-05,2e-05,feasibility/pass counts only; error/cost ratios are descriptive across matching primary schedules,24,360,"[""discrete/rank1/n32/seed3600011"",""discrete/rank1/n32/seed3600021"",""discrete/rank1/n32/seed3600031""]","[""discrete/fno_small/n32/seed3600011"",""discrete/fno_small/n32/seed3600021"",""discrete/fno_small/n32/seed3600031""]","{""primary"":[[0.02,0.04,0.06],[0.06,0.04,0.02],[0.03,0.03,0.03,0.03],[0.04,0.08,0.12],[0.12,0.08,0.04]]}",results/frontier-full-review/learning-review.json,/grid_attribution/47,"{""track"":""discrete"",""train_count"":32,""competitor"":""fno_small"",""grid"":64,""paired_rows"":360,""independent_fields"":24,""error_ratio_cluster_geomean"":25.013214467108142,""max_ratio_cluster_geomean"":15.571124934517865,""speed_ratio_cluster_geomean"":0.6431627762418424,""error_better_rows"":349,""ours_pass_rows"":337,""other_pass_rows"":160,""both_pass_rows"":160,""ours_only_pass_rows"":177,""other_only_pass_rows"":0,""median_ours_rms"":6.740209194050088e-07,""median_other_rms"":2.0038524012455003e-05}"
grid_attribution,discrete,rank1,fno_standard,32,,64,[64],,,2e-05,2e-05,feasibility/pass counts only; error/cost ratios are descriptive across matching primary schedules,24,360,"[""discrete/rank1/n32/seed3600011"",""discrete/rank1/n32/seed3600021"",""discrete/rank1/n32/seed3600031""]","[""discrete/fno_standard/n32/seed3600011"",""discrete/fno_standard/n32/seed3600021"",""discrete/fno_standard/n32/seed3600031""]","{""primary"":[[0.02,0.04,0.06],[0.06,0.04,0.02],[0.03,0.03,0.03,0.03],[0.04,0.08,0.12],[0.12,0.08,0.04]]}",results/frontier-full-review/learning-review.json,/grid_attribution/48,"{""track"":""discrete"",""train_count"":32,""competitor"":""fno_standard"",""grid"":64,""paired_rows"":360,""independent_fields"":24,""error_ratio_cluster_geomean"":19.70307748970858,""max_ratio_cluster_geomean"":12.78209987539698,""speed_ratio_cluster_geomean"":0.9233938701313907,""error_better_rows"":351,""ours_pass_rows"":337,""other_pass_rows"":172,""both_pass_rows"":171,""ours_only_pass_rows"":166,""other_only_pass_rows"":1,""median_ours_rms"":6.740209194050088e-07,""median_other_rms"":1.4696005181542254e-05}"
grid_attribution,discrete,rank1,direct_fno,32,,64,[64],,,2e-05,2e-05,feasibility/pass counts only; error/cost ratios are descriptive across matching primary schedules,24,360,"[""discrete/rank1/n32/seed3600011"",""discrete/rank1/n32/seed3600021"",""discrete/rank1/n32/seed3600031""]","[""discrete/direct_fno/n32/seed3600011"",""discrete/direct_fno/n32/seed3600021"",""discrete/direct_fno/n32/seed3600031""]","{""primary"":[[0.02,0.04,0.06],[0.06,0.04,0.02],[0.03,0.03,0.03,0.03],[0.04,0.08,0.12],[0.12,0.08,0.04]]}",results/frontier-full-review/learning-review.json,/grid_attribution/49,"{""track"":""discrete"",""train_count"":32,""competitor"":""direct_fno"",""grid"":64,""paired_rows"":360,""independent_fields"":24,""error_ratio_cluster_geomean"":53761.537013253386,""max_ratio_cluster_geomean"":44950.83374348666,""speed_ratio_cluster_geomean"":0.7063949250481789,""error_better_rows"":360,""ours_pass_rows"":337,""other_pass_rows"":0,""both_pass_rows"":0,""ours_only_pass_rows"":337,""other_only_pass_rows"":0,""median_ours_rms"":6.740209194050088e-07,""median_other_rms"":0.04466559253705445}"
grid_attribution,discrete,rank1,analytic_quad,32,,64,[64],,,2e-05,2e-05,feasibility/pass counts only; error/cost ratios are descriptive across matching primary schedules,24,360,"[""discrete/rank1/n32/seed3600011"",""discrete/rank1/n32/seed3600021"",""discrete/rank1/n32/seed3600031""]","[""discrete/analytic_quad/n0/seedNone""]","{""primary"":[[0.02,0.04,0.06],[0.06,0.04,0.02],[0.03,0.03,0.03,0.03],[0.04,0.08,0.12],[0.12,0.08,0.04]]}",results/frontier-full-review/learning-review.json,/grid_attribution/50,"{""track"":""discrete"",""train_count"":32,""competitor"":""analytic_quad"",""grid"":64,""paired_rows"":360,""independent_fields"":24,""error_ratio_cluster_geomean"":0.3569371501620286,""max_ratio_cluster_geomean"":0.43199509145756854,""speed_ratio_cluster_geomean"":1.0765191534861327,""error_better_rows"":45,""ours_pass_rows"":337,""other_pass_rows"":351,""both_pass_rows"":337,""ours_only_pass_rows"":0,""other_only_pass_rows"":14,""median_ours_rms"":6.740209194050088e-07,""median_other_rms"":1.6529319789716292e-07}"
grid_attribution,discrete,rank1,analytic_quad_cubic,32,,64,[64],,,2e-05,2e-05,feasibility/pass counts only; error/cost ratios are descriptive across matching primary schedules,24,360,"[""discrete/rank1/n32/seed3600011"",""discrete/rank1/n32/seed3600021"",""discrete/rank1/n32/seed3600031""]","[""discrete/analytic_quad_cubic/n0/seedNone""]","{""primary"":[[0.02,0.04,0.06],[0.06,0.04,0.02],[0.03,0.03,0.03,0.03],[0.04,0.08,0.12],[0.12,0.08,0.04]]}",results/frontier-full-review/learning-review.json,/grid_attribution/51,"{""track"":""discrete"",""train_count"":32,""competitor"":""analytic_quad_cubic"",""grid"":64,""paired_rows"":360,""independent_fields"":24,""error_ratio_cluster_geomean"":0.2265549687131289,""max_ratio_cluster_geomean"":0.27102689134339175,""speed_ratio_cluster_geomean"":3.686983426729794,""error_better_rows"":36,""ours_pass_rows"":337,""other_pass_rows"":357,""both_pass_rows"":337,""ours_only_pass_rows"":0,""other_only_pass_rows"":20,""median_ours_rms"":6.740209194050088e-07,""median_other_rms"":1.0481783068380726e-07}"
grid_attribution,discrete,rank1,df,32,,64,[64],,,2e-05,2e-05,feasibility/pass counts only; error/cost ratios are descriptive across matching primary schedules,24,360,"[""discrete/rank1/n32/seed3600011"",""discrete/rank1/n32/seed3600021"",""discrete/rank1/n32/seed3600031""]","[""discrete/df/n0/seedNone""]","{""primary"":[[0.02,0.04,0.06],[0.06,0.04,0.02],[0.03,0.03,0.03,0.03],[0.04,0.08,0.12],[0.12,0.08,0.04]]}",results/frontier-full-review/learning-review.json,/grid_attribution/52,"{""track"":""discrete"",""train_count"":32,""competitor"":""df"",""grid"":64,""paired_rows"":360,""independent_fields"":24,""error_ratio_cluster_geomean"":4.638461513233454,""max_ratio_cluster_geomean"":3.781509341913715,""speed_ratio_cluster_geomean"":0.15420194257163022,""error_better_rows"":306,""ours_pass_rows"":337,""other_pass_rows"":246,""both_pass_rows"":246,""ours_only_pass_rows"":91,""other_only_pass_rows"":0,""median_ours_rms"":6.740209194050088e-07,""median_other_rms"":4.660611895091522e-06}"
grid_attribution,discrete,rank1,etdrk4,32,,64,[64],,,2e-05,2e-05,feasibility/pass counts only; error/cost ratios are descriptive across matching primary schedules,24,360,"[""discrete/rank1/n32/seed3600011"",""discrete/rank1/n32/seed3600021"",""discrete/rank1/n32/seed3600031""]","[""discrete/etdrk4/n0/seedNone""]","{""primary"":[[0.02,0.04,0.06],[0.06,0.04,0.02],[0.03,0.03,0.03,0.03],[0.04,0.08,0.12],[0.12,0.08,0.04]]}",results/frontier-full-review/learning-review.json,/grid_attribution/53,"{""track"":""discrete"",""train_count"":32,""competitor"":""etdrk4"",""grid"":64,""paired_rows"":360,""independent_fields"":24,""error_ratio_cluster_geomean"":5.603755089812562,""max_ratio_cluster_geomean"":4.328279939722385,""speed_ratio_cluster_geomean"":0.22779393658722513,""error_better_rows"":255,""ours_pass_rows"":337,""other_pass_rows"":216,""both_pass_rows"":216,""ours_only_pass_rows"":121,""other_only_pass_rows"":0,""median_ours_rms"":6.740209194050088e-07,""median_other_rms"":4.26054073576711e-06}"
grid_attribution,continuum,rank1,rank1_frozen,8,,64,[64],,,2e-05,2e-05,feasibility/pass counts only; error/cost ratios are descriptive across matching primary schedules,24,360,"[""continuum/rank1/n8/seed3600011"",""continuum/rank1/n8/seed3600021"",""continuum/rank1/n8/seed3600031""]","[""continuum/rank1_frozen/n8/seed3600011"",""continuum/rank1_frozen/n8/seed3600021"",""continuum/rank1_frozen/n8/seed3600031""]","{""primary"":[[0.02,0.04,0.06],[0.06,0.04,0.02],[0.03,0.03,0.03,0.03],[0.04,0.08,0.12],[0.12,0.08,0.04]]}",results/frontier-full-review/learning-review.json,/grid_attribution/54,"{""track"":""continuum"",""train_count"":8,""competitor"":""rank1_frozen"",""grid"":64,""paired_rows"":360,""independent_fields"":24,""error_ratio_cluster_geomean"":3.080648330600465,""max_ratio_cluster_geomean"":2.618753530053618,""speed_ratio_cluster_geomean"":1.0006233096216832,""error_better_rows"":312,""ours_pass_rows"":330,""other_pass_rows"":288,""both_pass_rows"":288,""ours_only_pass_rows"":42,""other_only_pass_rows"":0,""median_ours_rms"":6.932029936702548e-07,""median_other_rms"":2.915887822294112e-06}"
grid_attribution,continuum,rank1,rank1_postcompression,8,,64,[64],,,2e-05,2e-05,feasibility/pass counts only; error/cost ratios are descriptive across matching primary schedules,24,360,"[""continuum/rank1/n8/seed3600011"",""continuum/rank1/n8/seed3600021"",""continuum/rank1/n8/seed3600031""]","[""continuum/rank1_postcompression/n8/seed3600011"",""continuum/rank1_postcompression/n8/seed3600021"",""continuum/rank1_postcompression/n8/seed3600031""]","{""primary"":[[0.02,0.04,0.06],[0.06,0.04,0.02],[0.03,0.03,0.03,0.03],[0.04,0.08,0.12],[0.12,0.08,0.04]]}",results/frontier-full-review/learning-review.json,/grid_attribution/55,"{""track"":""continuum"",""train_count"":8,""competitor"":""rank1_postcompression"",""grid"":64,""paired_rows"":360,""independent_fields"":24,""error_ratio_cluster_geomean"":2.6250385506313165,""max_ratio_cluster_geomean"":2.289609975753227,""speed_ratio_cluster_geomean"":1.0109187068857268,""error_better_rows"":270,""ours_pass_rows"":330,""other_pass_rows"":279,""both_pass_rows"":279,""ours_only_pass_rows"":51,""other_only_pass_rows"":0,""median_ours_rms"":6.932029936702548e-07,""median_other_rms"":2.074182916596086e-06}"
grid_attribution,continuum,rank1,fno_small,8,,64,[64],,,2e-05,2e-05,feasibility/pass counts only; error/cost ratios are descriptive across matching primary schedules,24,360,"[""continuum/rank1/n8/seed3600011"",""continuum/rank1/n8/seed3600021"",""continuum/rank1/n8/seed3600031""]","[""continuum/fno_small/n8/seed3600011"",""continuum/fno_small/n8/seed3600021"",""continuum/fno_small/n8/seed3600031""]","{""primary"":[[0.02,0.04,0.06],[0.06,0.04,0.02],[0.03,0.03,0.03,0.03],[0.04,0.08,0.12],[0.12,0.08,0.04]]}",results/frontier-full-review/learning-review.json,/grid_attribution/56,"{""track"":""continuum"",""train_count"":8,""competitor"":""fno_small"",""grid"":64,""paired_rows"":360,""independent_fields"":24,""error_ratio_cluster_geomean"":19.36401161685497,""max_ratio_cluster_geomean"":12.393950705177392,""speed_ratio_cluster_geomean"":0.7343014325300105,""error_better_rows"":342,""ours_pass_rows"":330,""other_pass_rows"":170,""both_pass_rows"":168,""ours_only_pass_rows"":162,""other_only_pass_rows"":2,""median_ours_rms"":6.932029936702548e-07,""median_other_rms"":1.6514871718213406e-05}"
grid_attribution,continuum,rank1,fno_standard,8,,64,[64],,,2e-05,2e-05,feasibility/pass counts only; error/cost ratios are descriptive across matching primary schedules,24,360,"[""continuum/rank1/n8/seed3600011"",""continuum/rank1/n8/seed3600021"",""continuum/rank1/n8/seed3600031""]","[""continuum/fno_standard/n8/seed3600011"",""continuum/fno_standard/n8/seed3600021"",""continuum/fno_standard/n8/seed3600031""]","{""primary"":[[0.02,0.04,0.06],[0.06,0.04,0.02],[0.03,0.03,0.03,0.03],[0.04,0.08,0.12],[0.12,0.08,0.04]]}",results/frontier-full-review/learning-review.json,/grid_attribution/57,"{""track"":""continuum"",""train_count"":8,""competitor"":""fno_standard"",""grid"":64,""paired_rows"":360,""independent_fields"":24,""error_ratio_cluster_geomean"":18.1241321916335,""max_ratio_cluster_geomean"":11.800251511132183,""speed_ratio_cluster_geomean"":0.7919334398424673,""error_better_rows"":353,""ours_pass_rows"":330,""other_pass_rows"":192,""both_pass_rows"":192,""ours_only_pass_rows"":138,""other_only_pass_rows"":0,""median_ours_rms"":6.932029936702548e-07,""median_other_rms"":1.2931046349835908e-05}"
grid_attribution,continuum,rank1,direct_fno,8,,64,[64],,,2e-05,2e-05,feasibility/pass counts only; error/cost ratios are descriptive across matching primary schedules,24,360,"[""continuum/rank1/n8/seed3600011"",""continuum/rank1/n8/seed3600021"",""continuum/rank1/n8/seed3600031""]","[""continuum/direct_fno/n8/seed3600011"",""continuum/direct_fno/n8/seed3600021"",""continuum/direct_fno/n8/seed3600031""]","{""primary"":[[0.02,0.04,0.06],[0.06,0.04,0.02],[0.03,0.03,0.03,0.03],[0.04,0.08,0.12],[0.12,0.08,0.04]]}",results/frontier-full-review/learning-review.json,/grid_attribution/58,"{""track"":""continuum"",""train_count"":8,""competitor"":""direct_fno"",""grid"":64,""paired_rows"":360,""independent_fields"":24,""error_ratio_cluster_geomean"":52965.94094772133,""max_ratio_cluster_geomean"":45188.420569646165,""speed_ratio_cluster_geomean"":0.14224669440218568,""error_better_rows"":360,""ours_pass_rows"":330,""other_pass_rows"":0,""both_pass_rows"":0,""ours_only_pass_rows"":330,""other_only_pass_rows"":0,""median_ours_rms"":6.932029936702548e-07,""median_other_rms"":0.04015035911246094}"
grid_attribution,continuum,rank1,analytic_quad,8,,64,[64],,,2e-05,2e-05,feasibility/pass counts only; error/cost ratios are descriptive across matching primary schedules,24,360,"[""continuum/rank1/n8/seed3600011"",""continuum/rank1/n8/seed3600021"",""continuum/rank1/n8/seed3600031""]","[""continuum/analytic_quad/n0/seedNone""]","{""primary"":[[0.02,0.04,0.06],[0.06,0.04,0.02],[0.03,0.03,0.03,0.03],[0.04,0.08,0.12],[0.12,0.08,0.04]]}",results/frontier-full-review/learning-review.json,/grid_attribution/59,"{""track"":""continuum"",""train_count"":8,""competitor"":""analytic_quad"",""grid"":64,""paired_rows"":360,""independent_fields"":24,""error_ratio_cluster_geomean"":0.4137646456392361,""max_ratio_cluster_geomean"":0.4597660386355701,""speed_ratio_cluster_geomean"":1.1323667843838512,""error_better_rows"":66,""ours_pass_rows"":330,""other_pass_rows"":351,""both_pass_rows"":330,""ours_only_pass_rows"":0,""other_only_pass_rows"":21,""median_ours_rms"":6.932029936702548e-07,""median_other_rms"":2.0802331362031402e-07}"
grid_attribution,continuum,rank1,analytic_quad_cubic,8,,64,[64],,,2e-05,2e-05,feasibility/pass counts only; error/cost ratios are descriptive across matching primary schedules,24,360,"[""continuum/rank1/n8/seed3600011"",""continuum/rank1/n8/seed3600021"",""continuum/rank1/n8/seed3600031""]","[""continuum/analytic_quad_cubic/n0/seedNone""]","{""primary"":[[0.02,0.04,0.06],[0.06,0.04,0.02],[0.03,0.03,0.03,0.03],[0.04,0.08,0.12],[0.12,0.08,0.04]]}",results/frontier-full-review/learning-review.json,/grid_attribution/60,"{""track"":""continuum"",""train_count"":8,""competitor"":""analytic_quad_cubic"",""grid"":64,""paired_rows"":360,""independent_fields"":24,""error_ratio_cluster_geomean"":0.29994084273673044,""max_ratio_cluster_geomean"":0.3197952950372363,""speed_ratio_cluster_geomean"":3.6196742019288215,""error_better_rows"":52,""ours_pass_rows"":330,""other_pass_rows"":357,""both_pass_rows"":330,""ours_only_pass_rows"":0,""other_only_pass_rows"":27,""median_ours_rms"":6.932029936702548e-07,""median_other_rms"":1.1930157364266693e-07}"
grid_attribution,continuum,rank1,df,8,,64,[64],,,2e-05,2e-05,feasibility/pass counts only; error/cost ratios are descriptive across matching primary schedules,24,360,"[""continuum/rank1/n8/seed3600011"",""continuum/rank1/n8/seed3600021"",""continuum/rank1/n8/seed3600031""]","[""continuum/df/n0/seedNone""]","{""primary"":[[0.02,0.04,0.06],[0.06,0.04,0.02],[0.03,0.03,0.03,0.03],[0.04,0.08,0.12],[0.12,0.08,0.04]]}",results/frontier-full-review/learning-review.json,/grid_attribution/61,"{""track"":""continuum"",""train_count"":8,""competitor"":""df"",""grid"":64,""paired_rows"":360,""independent_fields"":24,""error_ratio_cluster_geomean"":4.742200890489084,""max_ratio_cluster_geomean"":3.8309436688435867,""speed_ratio_cluster_geomean"":0.6337706953422423,""error_better_rows"":317,""ours_pass_rows"":330,""other_pass_rows"":243,""both_pass_rows"":243,""ours_only_pass_rows"":87,""other_only_pass_rows"":0,""median_ours_rms"":6.932029936702548e-07,""median_other_rms"":4.590583263736922e-06}"
grid_attribution,continuum,rank1,etdrk4,8,,64,[64],,,2e-05,2e-05,feasibility/pass counts only; error/cost ratios are descriptive across matching primary schedules,24,360,"[""continuum/rank1/n8/seed3600011"",""continuum/rank1/n8/seed3600021"",""continuum/rank1/n8/seed3600031""]","[""continuum/etdrk4/n0/seedNone""]","{""primary"":[[0.02,0.04,0.06],[0.06,0.04,0.02],[0.03,0.03,0.03,0.03],[0.04,0.08,0.12],[0.12,0.08,0.04]]}",results/frontier-full-review/learning-review.json,/grid_attribution/62,"{""track"":""continuum"",""train_count"":8,""competitor"":""etdrk4"",""grid"":64,""paired_rows"":360,""independent_fields"":24,""error_ratio_cluster_geomean"":6.023890778156951,""max_ratio_cluster_geomean"":4.583174532061414,""speed_ratio_cluster_geomean"":0.19056667328239713,""error_better_rows"":273,""ours_pass_rows"":330,""other_pass_rows"":216,""both_pass_rows"":216,""ours_only_pass_rows"":114,""other_only_pass_rows"":0,""median_ours_rms"":6.932029936702548e-07,""median_other_rms"":4.664902717390593e-06}"
grid_attribution,continuum,rank1,rank1_frozen,32,,64,[64],,,2e-05,2e-05,feasibility/pass counts only; error/cost ratios are descriptive across matching primary schedules,24,360,"[""continuum/rank1/n32/seed3600011"",""continuum/rank1/n32/seed3600021"",""continuum/rank1/n32/seed3600031""]","[""continuum/rank1_frozen/n32/seed3600011"",""continuum/rank1_frozen/n32/seed3600021"",""continuum/rank1_frozen/n32/seed3600031""]","{""primary"":[[0.02,0.04,0.06],[0.06,0.04,0.02],[0.03,0.03,0.03,0.03],[0.04,0.08,0.12],[0.12,0.08,0.04]]}",results/frontier-full-review/learning-review.json,/grid_attribution/63,"{""track"":""continuum"",""train_count"":32,""competitor"":""rank1_frozen"",""grid"":64,""paired_rows"":360,""independent_fields"":24,""error_ratio_cluster_geomean"":2.736674064196409,""max_ratio_cluster_geomean"":2.3926649414692154,""speed_ratio_cluster_geomean"":0.9993025464057865,""error_better_rows"":308,""ours_pass_rows"":334,""other_pass_rows"":288,""both_pass_rows"":288,""ours_only_pass_rows"":46,""other_only_pass_rows"":0,""median_ours_rms"":8.279228693325295e-07,""median_other_rms"":2.915887822294112e-06}"
grid_attribution,continuum,rank1,rank1_postcompression,32,,64,[64],,,2e-05,2e-05,feasibility/pass counts only; error/cost ratios are descriptive across matching primary schedules,24,360,"[""continuum/rank1/n32/seed3600011"",""continuum/rank1/n32/seed3600021"",""continuum/rank1/n32/seed3600031""]","[""continuum/rank1_postcompression/n32/seed3600011"",""continuum/rank1_postcompression/n32/seed3600021"",""continuum/rank1_postcompression/n32/seed3600031""]","{""primary"":[[0.02,0.04,0.06],[0.06,0.04,0.02],[0.03,0.03,0.03,0.03],[0.04,0.08,0.12],[0.12,0.08,0.04]]}",results/frontier-full-review/learning-review.json,/grid_attribution/64,"{""track"":""continuum"",""train_count"":32,""competitor"":""rank1_postcompression"",""grid"":64,""paired_rows"":360,""independent_fields"":24,""error_ratio_cluster_geomean"":2.1698484045477118,""max_ratio_cluster_geomean"":1.9388395268757708,""speed_ratio_cluster_geomean"":1.0116367613044672,""error_better_rows"":228,""ours_pass_rows"":334,""other_pass_rows"":279,""both_pass_rows"":279,""ours_only_pass_rows"":55,""other_only_pass_rows"":0,""median_ours_rms"":8.279228693325295e-07,""median_other_rms"":1.9645838419328983e-06}"
grid_attribution,continuum,rank1,fno_small,32,,64,[64],,,2e-05,2e-05,feasibility/pass counts only; error/cost ratios are descriptive across matching primary schedules,24,360,"[""continuum/rank1/n32/seed3600011"",""continuum/rank1/n32/seed3600021"",""continuum/rank1/n32/seed3600031""]","[""continuum/fno_small/n32/seed3600011"",""continuum/fno_small/n32/seed3600021"",""continuum/fno_small/n32/seed3600031""]","{""primary"":[[0.02,0.04,0.06],[0.06,0.04,0.02],[0.03,0.03,0.03,0.03],[0.04,0.08,0.12],[0.12,0.08,0.04]]}",results/frontier-full-review/learning-review.json,/grid_attribution/65,"{""track"":""continuum"",""train_count"":32,""competitor"":""fno_small"",""grid"":64,""paired_rows"":360,""independent_fields"":24,""error_ratio_cluster_geomean"":15.988883958788033,""max_ratio_cluster_geomean"":10.841375284770413,""speed_ratio_cluster_geomean"":0.7348477354318129,""error_better_rows"":346,""ours_pass_rows"":334,""other_pass_rows"":186,""both_pass_rows"":185,""ours_only_pass_rows"":149,""other_only_pass_rows"":1,""median_ours_rms"":8.279228693325295e-07,""median_other_rms"":1.2975968876171927e-05}"
grid_attribution,continuum,rank1,fno_standard,32,,64,[64],,,2e-05,2e-05,feasibility/pass counts only; error/cost ratios are descriptive across matching primary schedules,24,360,"[""continuum/rank1/n32/seed3600011"",""continuum/rank1/n32/seed3600021"",""continuum/rank1/n32/seed3600031""]","[""continuum/fno_standard/n32/seed3600011"",""continuum/fno_standard/n32/seed3600021"",""continuum/fno_standard/n32/seed3600031""]","{""primary"":[[0.02,0.04,0.06],[0.06,0.04,0.02],[0.03,0.03,0.03,0.03],[0.04,0.08,0.12],[0.12,0.08,0.04]]}",results/frontier-full-review/learning-review.json,/grid_attribution/66,"{""track"":""continuum"",""train_count"":32,""competitor"":""fno_standard"",""grid"":64,""paired_rows"":360,""independent_fields"":24,""error_ratio_cluster_geomean"":18.530088618396487,""max_ratio_cluster_geomean"":11.934219362889783,""speed_ratio_cluster_geomean"":0.7896591740885032,""error_better_rows"":352,""ours_pass_rows"":334,""other_pass_rows"":181,""both_pass_rows"":179,""ours_only_pass_rows"":155,""other_only_pass_rows"":2,""median_ours_rms"":8.279228693325295e-07,""median_other_rms"":1.3182497088414305e-05}"
grid_attribution,continuum,rank1,direct_fno,32,,64,[64],,,2e-05,2e-05,feasibility/pass counts only; error/cost ratios are descriptive across matching primary schedules,24,360,"[""continuum/rank1/n32/seed3600011"",""continuum/rank1/n32/seed3600021"",""continuum/rank1/n32/seed3600031""]","[""continuum/direct_fno/n32/seed3600011"",""continuum/direct_fno/n32/seed3600021"",""continuum/direct_fno/n32/seed3600031""]","{""primary"":[[0.02,0.04,0.06],[0.06,0.04,0.02],[0.03,0.03,0.03,0.03],[0.04,0.08,0.12],[0.12,0.08,0.04]]}",results/frontier-full-review/learning-review.json,/grid_attribution/67,"{""track"":""continuum"",""train_count"":32,""competitor"":""direct_fno"",""grid"":64,""paired_rows"":360,""independent_fields"":24,""error_ratio_cluster_geomean"":46716.921815323105,""max_ratio_cluster_geomean"":40827.27995646012,""speed_ratio_cluster_geomean"":0.14264724574424156,""error_better_rows"":360,""ours_pass_rows"":334,""other_pass_rows"":0,""both_pass_rows"":0,""ours_only_pass_rows"":334,""other_only_pass_rows"":0,""median_ours_rms"":8.279228693325295e-07,""median_other_rms"":0.041751414120640915}"
grid_attribution,continuum,rank1,analytic_quad,32,,64,[64],,,2e-05,2e-05,feasibility/pass counts only; error/cost ratios are descriptive across matching primary schedules,24,360,"[""continuum/rank1/n32/seed3600011"",""continuum/rank1/n32/seed3600021"",""continuum/rank1/n32/seed3600031""]","[""continuum/analytic_quad/n0/seedNone""]","{""primary"":[[0.02,0.04,0.06],[0.06,0.04,0.02],[0.03,0.03,0.03,0.03],[0.04,0.08,0.12],[0.12,0.08,0.04]]}",results/frontier-full-review/learning-review.json,/grid_attribution/68,"{""track"":""continuum"",""train_count"":32,""competitor"":""analytic_quad"",""grid"":64,""paired_rows"":360,""independent_fields"":24,""error_ratio_cluster_geomean"":0.36756515281366287,""max_ratio_cluster_geomean"":0.4200724005893697,""speed_ratio_cluster_geomean"":1.1325088875500229,""error_better_rows"":73,""ours_pass_rows"":334,""other_pass_rows"":351,""both_pass_rows"":334,""ours_only_pass_rows"":0,""other_only_pass_rows"":17,""median_ours_rms"":8.279228693325295e-07,""median_other_rms"":2.0802331362031402e-07}"
grid_attribution,continuum,rank1,analytic_quad_cubic,32,,64,[64],,,2e-05,2e-05,feasibility/pass counts only; error/cost ratios are descriptive across matching primary schedules,24,360,"[""continuum/rank1/n32/seed3600011"",""continuum/rank1/n32/seed3600021"",""continuum/rank1/n32/seed3600031""]","[""continuum/analytic_quad_cubic/n0/seedNone""]","{""primary"":[[0.02,0.04,0.06],[0.06,0.04,0.02],[0.03,0.03,0.03,0.03],[0.04,0.08,0.12],[0.12,0.08,0.04]]}",results/frontier-full-review/learning-review.json,/grid_attribution/69,"{""track"":""continuum"",""train_count"":32,""competitor"":""analytic_quad_cubic"",""grid"":64,""paired_rows"":360,""independent_fields"":24,""error_ratio_cluster_geomean"":0.26645051204232384,""max_ratio_cluster_geomean"":0.29218595110274964,""speed_ratio_cluster_geomean"":3.6201284427028333,""error_better_rows"":49,""ours_pass_rows"":334,""other_pass_rows"":357,""both_pass_rows"":334,""ours_only_pass_rows"":0,""other_only_pass_rows"":23,""median_ours_rms"":8.279228693325295e-07,""median_other_rms"":1.1930157364266693e-07}"
grid_attribution,continuum,rank1,df,32,,64,[64],,,2e-05,2e-05,feasibility/pass counts only; error/cost ratios are descriptive across matching primary schedules,24,360,"[""continuum/rank1/n32/seed3600011"",""continuum/rank1/n32/seed3600021"",""continuum/rank1/n32/seed3600031""]","[""continuum/df/n0/seedNone""]","{""primary"":[[0.02,0.04,0.06],[0.06,0.04,0.02],[0.03,0.03,0.03,0.03],[0.04,0.08,0.12],[0.12,0.08,0.04]]}",results/frontier-full-review/learning-review.json,/grid_attribution/70,"{""track"":""continuum"",""train_count"":32,""competitor"":""df"",""grid"":64,""paired_rows"":360,""independent_fields"":24,""error_ratio_cluster_geomean"":4.212703558306186,""max_ratio_cluster_geomean"":3.500201337770733,""speed_ratio_cluster_geomean"":0.6338502286027343,""error_better_rows"":317,""ours_pass_rows"":334,""other_pass_rows"":243,""both_pass_rows"":243,""ours_only_pass_rows"":91,""other_only_pass_rows"":0,""median_ours_rms"":8.279228693325295e-07,""median_other_rms"":4.590583263736922e-06}"
grid_attribution,continuum,rank1,etdrk4,32,,64,[64],,,2e-05,2e-05,feasibility/pass counts only; error/cost ratios are descriptive across matching primary schedules,24,360,"[""continuum/rank1/n32/seed3600011"",""continuum/rank1/n32/seed3600021"",""continuum/rank1/n32/seed3600031""]","[""continuum/etdrk4/n0/seedNone""]","{""primary"":[[0.02,0.04,0.06],[0.06,0.04,0.02],[0.03,0.03,0.03,0.03],[0.04,0.08,0.12],[0.12,0.08,0.04]]}",results/frontier-full-review/learning-review.json,/grid_attribution/71,"{""track"":""continuum"",""train_count"":32,""competitor"":""etdrk4"",""grid"":64,""paired_rows"":360,""independent_fields"":24,""error_ratio_cluster_geomean"":5.3512844989096156,""max_ratio_cluster_geomean"":4.187488779546733,""speed_ratio_cluster_geomean"":0.19059058790795277,""error_better_rows"":263,""ours_pass_rows"":334,""other_pass_rows"":216,""both_pass_rows"":216,""ours_only_pass_rows"":118,""other_only_pass_rows"":0,""median_ours_rms"":8.279228693325295e-07,""median_other_rms"":4.664902717390593e-06}"
frontier_by_comparator,discrete,rank1,fno_small,8,,,"[32,64]",,,0.0002,0.0002,both reference-uncertainty-inclusive RMS and maximum error must meet target before cost ranking,24,288,"[""discrete/rank1/n8/seed3600011"",""discrete/rank1/n8/seed3600021"",""discrete/rank1/n8/seed3600031""]","[""discrete/fno_small/n8/seed3600011"",""discrete/fno_small/n8/seed3600021"",""discrete/fno_small/n8/seed3600031""]","{""primary"":[[0.02,0.04,0.06],[0.06,0.04,0.02],[0.03,0.03,0.03,0.03],[0.04,0.08,0.12],[0.12,0.08,0.04]],""classical_extra_uniform_steps"":[1,2,4,8],""classical_extra_horizons"":[0.12,0.24]}",results/frontier-full-review/learning-review.json,/frontier_by_comparator/0,"{""track"":""discrete"",""train_count"":8,""comparator"":""fno_small"",""target"":0.0002,""all_cells"":288,""eligible_cells"":283,""eligibility"":{""ELIGIBLE"":283,""CONTROL_INFEASIBLE"":5},""candidate_feasible"":288,""control_feasible"":283,""median_speed_ratio"":0.6486327935421836,""geomean_speed_ratio"":0.6493723655735717,""practical_speed_wins_1p2"":0,""any_speed_wins"":0}"
frontier_by_comparator,discrete,rank1,fno_standard,8,,,"[32,64]",,,0.0002,0.0002,both reference-uncertainty-inclusive RMS and maximum error must meet target before cost ranking,24,288,"[""discrete/rank1/n8/seed3600011"",""discrete/rank1/n8/seed3600021"",""discrete/rank1/n8/seed3600031""]","[""discrete/fno_standard/n8/seed3600011"",""discrete/fno_standard/n8/seed3600021"",""discrete/fno_standard/n8/seed3600031""]","{""primary"":[[0.02,0.04,0.06],[0.06,0.04,0.02],[0.03,0.03,0.03,0.03],[0.04,0.08,0.12],[0.12,0.08,0.04]],""classical_extra_uniform_steps"":[1,2,4,8],""classical_extra_horizons"":[0.12,0.24]}",results/frontier-full-review/learning-review.json,/frontier_by_comparator/1,"{""track"":""discrete"",""train_count"":8,""comparator"":""fno_standard"",""target"":0.0002,""all_cells"":288,""eligible_cells"":287,""eligibility"":{""ELIGIBLE"":287,""CONTROL_INFEASIBLE"":1},""candidate_feasible"":288,""control_feasible"":287,""median_speed_ratio"":0.9287739164235207,""geomean_speed_ratio"":0.9289166755317724,""practical_speed_wins_1p2"":0,""any_speed_wins"":4}"
frontier_by_comparator,discrete,rank1,direct_fno,8,,,"[32,64]",,,0.0002,0.0002,both reference-uncertainty-inclusive RMS and maximum error must meet target before cost ranking,24,288,"[""discrete/rank1/n8/seed3600011"",""discrete/rank1/n8/seed3600021"",""discrete/rank1/n8/seed3600031""]","[""discrete/direct_fno/n8/seed3600011"",""discrete/direct_fno/n8/seed3600021"",""discrete/direct_fno/n8/seed3600031""]","{""primary"":[[0.02,0.04,0.06],[0.06,0.04,0.02],[0.03,0.03,0.03,0.03],[0.04,0.08,0.12],[0.12,0.08,0.04]],""classical_extra_uniform_steps"":[1,2,4,8],""classical_extra_horizons"":[0.12,0.24]}",results/frontier-full-review/learning-review.json,/frontier_by_comparator/2,"{""track"":""discrete"",""train_count"":8,""comparator"":""direct_fno"",""target"":0.0002,""all_cells"":288,""eligible_cells"":0,""eligibility"":{""CONTROL_INFEASIBLE"":288},""candidate_feasible"":288,""control_feasible"":0,""median_speed_ratio"":null,""geomean_speed_ratio"":null,""practical_speed_wins_1p2"":0,""any_speed_wins"":0}"
frontier_by_comparator,discrete,rank1,analytic_quad,8,,,"[32,64]",,,0.0002,0.0002,both reference-uncertainty-inclusive RMS and maximum error must meet target before cost ranking,24,288,"[""discrete/rank1/n8/seed3600011"",""discrete/rank1/n8/seed3600021"",""discrete/rank1/n8/seed3600031""]","[""discrete/analytic_quad/n0/seedNone""]","{""primary"":[[0.02,0.04,0.06],[0.06,0.04,0.02],[0.03,0.03,0.03,0.03],[0.04,0.08,0.12],[0.12,0.08,0.04]],""classical_extra_uniform_steps"":[1,2,4,8],""classical_extra_horizons"":[0.12,0.24]}",results/frontier-full-review/learning-review.json,/frontier_by_comparator/3,"{""track"":""discrete"",""train_count"":8,""comparator"":""analytic_quad"",""target"":0.0002,""all_cells"":288,""eligible_cells"":288,""eligibility"":{""ELIGIBLE"":288},""candidate_feasible"":288,""control_feasible"":288,""median_speed_ratio"":0.35947888453832977,""geomean_speed_ratio"":0.3703957286745035,""practical_speed_wins_1p2"":0,""any_speed_wins"":0}"
frontier_by_comparator,discrete,rank1,analytic_quad_cubic,8,,,"[32,64]",,,0.0002,0.0002,both reference-uncertainty-inclusive RMS and maximum error must meet target before cost ranking,24,288,"[""discrete/rank1/n8/seed3600011"",""discrete/rank1/n8/seed3600021"",""discrete/rank1/n8/seed3600031""]","[""discrete/analytic_quad_cubic/n0/seedNone""]","{""primary"":[[0.02,0.04,0.06],[0.06,0.04,0.02],[0.03,0.03,0.03,0.03],[0.04,0.08,0.12],[0.12,0.08,0.04]],""classical_extra_uniform_steps"":[1,2,4,8],""classical_extra_horizons"":[0.12,0.24]}",results/frontier-full-review/learning-review.json,/frontier_by_comparator/4,"{""track"":""discrete"",""train_count"":8,""comparator"":""analytic_quad_cubic"",""target"":0.0002,""all_cells"":288,""eligible_cells"":288,""eligibility"":{""ELIGIBLE"":288},""candidate_feasible"":288,""control_feasible"":288,""median_speed_ratio"":1.251435957850118,""geomean_speed_ratio"":1.2549858852909561,""practical_speed_wins_1p2"":255,""any_speed_wins"":288}"
frontier_by_comparator,discrete,rank1,strongest_classical,8,,,"[32,64]",,,0.0002,0.0002,both reference-uncertainty-inclusive RMS and maximum error must meet target before cost ranking,24,288,"[""discrete/rank1/n8/seed3600011"",""discrete/rank1/n8/seed3600021"",""discrete/rank1/n8/seed3600031""]","[""discrete/analytic_quad/n0/seedNone"",""discrete/analytic_quad_cubic/n0/seedNone"",""discrete/df/n0/seedNone"",""discrete/etdrk4/n0/seedNone""]","{""primary"":[[0.02,0.04,0.06],[0.06,0.04,0.02],[0.03,0.03,0.03,0.03],[0.04,0.08,0.12],[0.12,0.08,0.04]],""classical_extra_uniform_steps"":[1,2,4,8],""classical_extra_horizons"":[0.12,0.24]}",results/frontier-full-review/learning-review.json,/frontier_by_comparator/5,"{""track"":""discrete"",""train_count"":8,""comparator"":""strongest_classical"",""target"":0.0002,""all_cells"":288,""eligible_cells"":288,""eligibility"":{""ELIGIBLE"":288},""candidate_feasible"":288,""control_feasible"":288,""median_speed_ratio"":0.07342675135024847,""geomean_speed_ratio"":0.0789718956915926,""practical_speed_wins_1p2"":0,""any_speed_wins"":0}"
frontier_by_comparator,discrete,rank1,fno_small,8,,,"[32,64]",,,2e-05,2e-05,both reference-uncertainty-inclusive RMS and maximum error must meet target before cost ranking,24,288,"[""discrete/rank1/n8/seed3600011"",""discrete/rank1/n8/seed3600021"",""discrete/rank1/n8/seed3600031""]","[""discrete/fno_small/n8/seed3600011"",""discrete/fno_small/n8/seed3600021"",""discrete/fno_small/n8/seed3600031""]","{""primary"":[[0.02,0.04,0.06],[0.06,0.04,0.02],[0.03,0.03,0.03,0.03],[0.04,0.08,0.12],[0.12,0.08,0.04]],""classical_extra_uniform_steps"":[1,2,4,8],""classical_extra_horizons"":[0.12,0.24]}",results/frontier-full-review/learning-review.json,/frontier_by_comparator/6,"{""track"":""discrete"",""train_count"":8,""comparator"":""fno_small"",""target"":2e-05,""all_cells"":288,""eligible_cells"":140,""eligibility"":{""ELIGIBLE"":140,""CONTROL_INFEASIBLE"":136,""BOTH_INFEASIBLE"":12},""candidate_feasible"":276,""control_feasible"":140,""median_speed_ratio"":0.6504198927963615,""geomean_speed_ratio"":0.6642000447222624,""practical_speed_wins_1p2"":0,""any_speed_wins"":0}"
frontier_by_comparator,discrete,rank1,fno_standard,8,,,"[32,64]",,,2e-05,2e-05,both reference-uncertainty-inclusive RMS and maximum error must meet target before cost ranking,24,288,"[""discrete/rank1/n8/seed3600011"",""discrete/rank1/n8/seed3600021"",""discrete/rank1/n8/seed3600031""]","[""discrete/fno_standard/n8/seed3600011"",""discrete/fno_standard/n8/seed3600021"",""discrete/fno_standard/n8/seed3600031""]","{""primary"":[[0.02,0.04,0.06],[0.06,0.04,0.02],[0.03,0.03,0.03,0.03],[0.04,0.08,0.12],[0.12,0.08,0.04]],""classical_extra_uniform_steps"":[1,2,4,8],""classical_extra_horizons"":[0.12,0.24]}",results/frontier-full-review/learning-review.json,/frontier_by_comparator/7,"{""track"":""discrete"",""train_count"":8,""comparator"":""fno_standard"",""target"":2e-05,""all_cells"":288,""eligible_cells"":155,""eligibility"":{""ELIGIBLE"":155,""CONTROL_INFEASIBLE"":121,""BOTH_INFEASIBLE"":12},""candidate_feasible"":276,""control_feasible"":155,""median_speed_ratio"":0.9283408563910981,""geomean_speed_ratio"":0.9469418430985748,""practical_speed_wins_1p2"":10,""any_speed_wins"":13}"
frontier_by_comparator,discrete,rank1,direct_fno,8,,,"[32,64]",,,2e-05,2e-05,both reference-uncertainty-inclusive RMS and maximum error must meet target before cost ranking,24,288,"[""discrete/rank1/n8/seed3600011"",""discrete/rank1/n8/seed3600021"",""discrete/rank1/n8/seed3600031""]","[""discrete/direct_fno/n8/seed3600011"",""discrete/direct_fno/n8/seed3600021"",""discrete/direct_fno/n8/seed3600031""]","{""primary"":[[0.02,0.04,0.06],[0.06,0.04,0.02],[0.03,0.03,0.03,0.03],[0.04,0.08,0.12],[0.12,0.08,0.04]],""classical_extra_uniform_steps"":[1,2,4,8],""classical_extra_horizons"":[0.12,0.24]}",results/frontier-full-review/learning-review.json,/frontier_by_comparator/8,"{""track"":""discrete"",""train_count"":8,""comparator"":""direct_fno"",""target"":2e-05,""all_cells"":288,""eligible_cells"":0,""eligibility"":{""CONTROL_INFEASIBLE"":276,""BOTH_INFEASIBLE"":12},""candidate_feasible"":276,""control_feasible"":0,""median_speed_ratio"":null,""geomean_speed_ratio"":null,""practical_speed_wins_1p2"":0,""any_speed_wins"":0}"
frontier_by_comparator,discrete,rank1,analytic_quad,8,,,"[32,64]",,,2e-05,2e-05,both reference-uncertainty-inclusive RMS and maximum error must meet target before cost ranking,24,288,"[""discrete/rank1/n8/seed3600011"",""discrete/rank1/n8/seed3600021"",""discrete/rank1/n8/seed3600031""]","[""discrete/analytic_quad/n0/seedNone""]","{""primary"":[[0.02,0.04,0.06],[0.06,0.04,0.02],[0.03,0.03,0.03,0.03],[0.04,0.08,0.12],[0.12,0.08,0.04]],""classical_extra_uniform_steps"":[1,2,4,8],""classical_extra_horizons"":[0.12,0.24]}",results/frontier-full-review/learning-review.json,/frontier_by_comparator/9,"{""track"":""discrete"",""train_count"":8,""comparator"":""analytic_quad"",""target"":2e-05,""all_cells"":288,""eligible_cells"":276,""eligibility"":{""ELIGIBLE"":276,""CANDIDATE_INFEASIBLE"":12},""candidate_feasible"":276,""control_feasible"":288,""median_speed_ratio"":0.3608576039432342,""geomean_speed_ratio"":0.40871221179144024,""practical_speed_wins_1p2"":0,""any_speed_wins"":0}"
frontier_by_comparator,discrete,rank1,analytic_quad_cubic,8,,,"[32,64]",,,2e-05,2e-05,both reference-uncertainty-inclusive RMS and maximum error must meet target before cost ranking,24,288,"[""discrete/rank1/n8/seed3600011"",""discrete/rank1/n8/seed3600021"",""discrete/rank1/n8/seed3600031""]","[""discrete/analytic_quad_cubic/n0/seedNone""]","{""primary"":[[0.02,0.04,0.06],[0.06,0.04,0.02],[0.03,0.03,0.03,0.03],[0.04,0.08,0.12],[0.12,0.08,0.04]],""classical_extra_uniform_steps"":[1,2,4,8],""classical_extra_horizons"":[0.12,0.24]}",results/frontier-full-review/learning-review.json,/frontier_by_comparator/10,"{""track"":""discrete"",""train_count"":8,""comparator"":""analytic_quad_cubic"",""target"":2e-05,""all_cells"":288,""eligible_cells"":276,""eligibility"":{""ELIGIBLE"":276,""CANDIDATE_INFEASIBLE"":12},""candidate_feasible"":276,""control_feasible"":288,""median_speed_ratio"":1.25240545217701,""geomean_speed_ratio"":1.3099206066242333,""practical_speed_wins_1p2"":244,""any_speed_wins"":276}"
frontier_by_comparator,discrete,rank1,strongest_classical,8,,,"[32,64]",,,2e-05,2e-05,both reference-uncertainty-inclusive RMS and maximum error must meet target before cost ranking,24,288,"[""discrete/rank1/n8/seed3600011"",""discrete/rank1/n8/seed3600021"",""discrete/rank1/n8/seed3600031""]","[""discrete/analytic_quad/n0/seedNone"",""discrete/analytic_quad_cubic/n0/seedNone"",""discrete/df/n0/seedNone"",""discrete/etdrk4/n0/seedNone""]","{""primary"":[[0.02,0.04,0.06],[0.06,0.04,0.02],[0.03,0.03,0.03,0.03],[0.04,0.08,0.12],[0.12,0.08,0.04]],""classical_extra_uniform_steps"":[1,2,4,8],""classical_extra_horizons"":[0.12,0.24]}",results/frontier-full-review/learning-review.json,/frontier_by_comparator/11,"{""track"":""discrete"",""train_count"":8,""comparator"":""strongest_classical"",""target"":2e-05,""all_cells"":288,""eligible_cells"":276,""eligibility"":{""ELIGIBLE"":276,""CANDIDATE_INFEASIBLE"":12},""candidate_feasible"":276,""control_feasible"":288,""median_speed_ratio"":0.11341553957665326,""geomean_speed_ratio"":0.12817099538837753,""practical_speed_wins_1p2"":0,""any_speed_wins"":0}"
frontier_by_comparator,discrete,rank1,fno_small,8,,,"[32,64]",,,2e-06,2e-06,both reference-uncertainty-inclusive RMS and maximum error must meet target before cost ranking,24,288,"[""discrete/rank1/n8/seed3600011"",""discrete/rank1/n8/seed3600021"",""discrete/rank1/n8/seed3600031""]","[""discrete/fno_small/n8/seed3600011"",""discrete/fno_small/n8/seed3600021"",""discrete/fno_small/n8/seed3600031""]","{""primary"":[[0.02,0.04,0.06],[0.06,0.04,0.02],[0.03,0.03,0.03,0.03],[0.04,0.08,0.12],[0.12,0.08,0.04]],""classical_extra_uniform_steps"":[1,2,4,8],""classical_extra_horizons"":[0.12,0.24]}",results/frontier-full-review/learning-review.json,/frontier_by_comparator/12,"{""track"":""discrete"",""train_count"":8,""comparator"":""fno_small"",""target"":2e-06,""all_cells"":288,""eligible_cells"":19,""eligibility"":{""ELIGIBLE"":19,""CONTROL_INFEASIBLE"":193,""BOTH_INFEASIBLE"":76},""candidate_feasible"":212,""control_feasible"":19,""median_speed_ratio"":0.8320705213150354,""geomean_speed_ratio"":0.7518648286934952,""practical_speed_wins_1p2"":0,""any_speed_wins"":0}"
frontier_by_comparator,discrete,rank1,fno_standard,8,,,"[32,64]",,,2e-06,2e-06,both reference-uncertainty-inclusive RMS and maximum error must meet target before cost ranking,24,288,"[""discrete/rank1/n8/seed3600011"",""discrete/rank1/n8/seed3600021"",""discrete/rank1/n8/seed3600031""]","[""discrete/fno_standard/n8/seed3600011"",""discrete/fno_standard/n8/seed3600021"",""discrete/fno_standard/n8/seed3600031""]","{""primary"":[[0.02,0.04,0.06],[0.06,0.04,0.02],[0.03,0.03,0.03,0.03],[0.04,0.08,0.12],[0.12,0.08,0.04]],""classical_extra_uniform_steps"":[1,2,4,8],""classical_extra_horizons"":[0.12,0.24]}",results/frontier-full-review/learning-review.json,/frontier_by_comparator/13,"{""track"":""discrete"",""train_count"":8,""comparator"":""fno_standard"",""target"":2e-06,""all_cells"":288,""eligible_cells"":35,""eligibility"":{""ELIGIBLE"":35,""CONTROL_INFEASIBLE"":177,""BOTH_INFEASIBLE"":76},""candidate_feasible"":212,""control_feasible"":35,""median_speed_ratio"":1.1681793506958176,""geomean_speed_ratio"":1.0977166037452348,""practical_speed_wins_1p2"":16,""any_speed_wins"":20}"
frontier_by_comparator,discrete,rank1,direct_fno,8,,,"[32,64]",,,2e-06,2e-06,both reference-uncertainty-inclusive RMS and maximum error must meet target before cost ranking,24,288,"[""discrete/rank1/n8/seed3600011"",""discrete/rank1/n8/seed3600021"",""discrete/rank1/n8/seed3600031""]","[""discrete/direct_fno/n8/seed3600011"",""discrete/direct_fno/n8/seed3600021"",""discrete/direct_fno/n8/seed3600031""]","{""primary"":[[0.02,0.04,0.06],[0.06,0.04,0.02],[0.03,0.03,0.03,0.03],[0.04,0.08,0.12],[0.12,0.08,0.04]],""classical_extra_uniform_steps"":[1,2,4,8],""classical_extra_horizons"":[0.12,0.24]}",results/frontier-full-review/learning-review.json,/frontier_by_comparator/14,"{""track"":""discrete"",""train_count"":8,""comparator"":""direct_fno"",""target"":2e-06,""all_cells"":288,""eligible_cells"":0,""eligibility"":{""CONTROL_INFEASIBLE"":212,""BOTH_INFEASIBLE"":76},""candidate_feasible"":212,""control_feasible"":0,""median_speed_ratio"":null,""geomean_speed_ratio"":null,""practical_speed_wins_1p2"":0,""any_speed_wins"":0}"
frontier_by_comparator,discrete,rank1,analytic_quad,8,,,"[32,64]",,,2e-06,2e-06,both reference-uncertainty-inclusive RMS and maximum error must meet target before cost ranking,24,288,"[""discrete/rank1/n8/seed3600011"",""discrete/rank1/n8/seed3600021"",""discrete/rank1/n8/seed3600031""]","[""discrete/analytic_quad/n0/seedNone""]","{""primary"":[[0.02,0.04,0.06],[0.06,0.04,0.02],[0.03,0.03,0.03,0.03],[0.04,0.08,0.12],[0.12,0.08,0.04]],""classical_extra_uniform_steps"":[1,2,4,8],""classical_extra_horizons"":[0.12,0.24]}",results/frontier-full-review/learning-review.json,/frontier_by_comparator/15,"{""track"":""discrete"",""train_count"":8,""comparator"":""analytic_quad"",""target"":2e-06,""all_cells"":288,""eligible_cells"":212,""eligibility"":{""ELIGIBLE"":212,""CANDIDATE_INFEASIBLE"":70,""BOTH_INFEASIBLE"":6},""candidate_feasible"":212,""control_feasible"":282,""median_speed_ratio"":0.6799717659770386,""geomean_speed_ratio"":0.5697345277979476,""practical_speed_wins_1p2"":1,""any_speed_wins"":38}"
frontier_by_comparator,discrete,rank1,analytic_quad_cubic,8,,,"[32,64]",,,2e-06,2e-06,both reference-uncertainty-inclusive RMS and maximum error must meet target before cost ranking,24,288,"[""discrete/rank1/n8/seed3600011"",""discrete/rank1/n8/seed3600021"",""discrete/rank1/n8/seed3600031""]","[""discrete/analytic_quad_cubic/n0/seedNone""]","{""primary"":[[0.02,0.04,0.06],[0.06,0.04,0.02],[0.03,0.03,0.03,0.03],[0.04,0.08,0.12],[0.12,0.08,0.04]],""classical_extra_uniform_steps"":[1,2,4,8],""classical_extra_horizons"":[0.12,0.24]}",results/frontier-full-review/learning-review.json,/frontier_by_comparator/16,"{""track"":""discrete"",""train_count"":8,""comparator"":""analytic_quad_cubic"",""target"":2e-06,""all_cells"":288,""eligible_cells"":212,""eligibility"":{""ELIGIBLE"":212,""CANDIDATE_INFEASIBLE"":76},""candidate_feasible"":212,""control_feasible"":288,""median_speed_ratio"":1.2570559748775998,""geomean_speed_ratio"":1.5334506617381911,""practical_speed_wins_1p2"":186,""any_speed_wins"":207}"
frontier_by_comparator,discrete,rank1,strongest_classical,8,,,"[32,64]",,,2e-06,2e-06,both reference-uncertainty-inclusive RMS and maximum error must meet target before cost ranking,24,288,"[""discrete/rank1/n8/seed3600011"",""discrete/rank1/n8/seed3600021"",""discrete/rank1/n8/seed3600031""]","[""discrete/analytic_quad/n0/seedNone"",""discrete/analytic_quad_cubic/n0/seedNone"",""discrete/df/n0/seedNone"",""discrete/etdrk4/n0/seedNone""]","{""primary"":[[0.02,0.04,0.06],[0.06,0.04,0.02],[0.03,0.03,0.03,0.03],[0.04,0.08,0.12],[0.12,0.08,0.04]],""classical_extra_uniform_steps"":[1,2,4,8],""classical_extra_horizons"":[0.12,0.24]}",results/frontier-full-review/learning-review.json,/frontier_by_comparator/17,"{""track"":""discrete"",""train_count"":8,""comparator"":""strongest_classical"",""target"":2e-06,""all_cells"":288,""eligible_cells"":212,""eligibility"":{""ELIGIBLE"":212,""CANDIDATE_INFEASIBLE"":76},""candidate_feasible"":212,""control_feasible"":288,""median_speed_ratio"":0.19016525277273094,""geomean_speed_ratio"":0.2013475752731696,""practical_speed_wins_1p2"":1,""any_speed_wins"":18}"
frontier_by_comparator,discrete,rank1,fno_small,32,,,"[32,64]",,,0.0002,0.0002,both reference-uncertainty-inclusive RMS and maximum error must meet target before cost ranking,24,288,"[""discrete/rank1/n32/seed3600011"",""discrete/rank1/n32/seed3600021"",""discrete/rank1/n32/seed3600031""]","[""discrete/fno_small/n32/seed3600011"",""discrete/fno_small/n32/seed3600021"",""discrete/fno_small/n32/seed3600031""]","{""primary"":[[0.02,0.04,0.06],[0.06,0.04,0.02],[0.03,0.03,0.03,0.03],[0.04,0.08,0.12],[0.12,0.08,0.04]],""classical_extra_uniform_steps"":[1,2,4,8],""classical_extra_horizons"":[0.12,0.24]}",results/frontier-full-review/learning-review.json,/frontier_by_comparator/18,"{""track"":""discrete"",""train_count"":32,""comparator"":""fno_small"",""target"":0.0002,""all_cells"":288,""eligible_cells"":284,""eligibility"":{""ELIGIBLE"":284,""CONTROL_INFEASIBLE"":4},""candidate_feasible"":288,""control_feasible"":284,""median_speed_ratio"":0.6460655393289702,""geomean_speed_ratio"":0.6447586839289202,""practical_speed_wins_1p2"":0,""any_speed_wins"":0}"
frontier_by_comparator,discrete,rank1,fno_standard,32,,,"[32,64]",,,0.0002,0.0002,both reference-uncertainty-inclusive RMS and maximum error must meet target before cost ranking,24,288,"[""discrete/rank1/n32/seed3600011"",""discrete/rank1/n32/seed3600021"",""discrete/rank1/n32/seed3600031""]","[""discrete/fno_standard/n32/seed3600011"",""discrete/fno_standard/n32/seed3600021"",""discrete/fno_standard/n32/seed3600031""]","{""primary"":[[0.02,0.04,0.06],[0.06,0.04,0.02],[0.03,0.03,0.03,0.03],[0.04,0.08,0.12],[0.12,0.08,0.04]],""classical_extra_uniform_steps"":[1,2,4,8],""classical_extra_horizons"":[0.12,0.24]}",results/frontier-full-review/learning-review.json,/frontier_by_comparator/19,"{""track"":""discrete"",""train_count"":32,""comparator"":""fno_standard"",""target"":0.0002,""all_cells"":288,""eligible_cells"":284,""eligibility"":{""ELIGIBLE"":284,""CONTROL_INFEASIBLE"":4},""candidate_feasible"":288,""control_feasible"":284,""median_speed_ratio"":0.9264101945507501,""geomean_speed_ratio"":0.9266185307059189,""practical_speed_wins_1p2"":0,""any_speed_wins"":7}"
frontier_by_comparator,discrete,rank1,direct_fno,32,,,"[32,64]",,,0.0002,0.0002,both reference-uncertainty-inclusive RMS and maximum error must meet target before cost ranking,24,288,"[""discrete/rank1/n32/seed3600011"",""discrete/rank1/n32/seed3600021"",""discrete/rank1/n32/seed3600031""]","[""discrete/direct_fno/n32/seed3600011"",""discrete/direct_fno/n32/seed3600021"",""discrete/direct_fno/n32/seed3600031""]","{""primary"":[[0.02,0.04,0.06],[0.06,0.04,0.02],[0.03,0.03,0.03,0.03],[0.04,0.08,0.12],[0.12,0.08,0.04]],""classical_extra_uniform_steps"":[1,2,4,8],""classical_extra_horizons"":[0.12,0.24]}",results/frontier-full-review/learning-review.json,/frontier_by_comparator/20,"{""track"":""discrete"",""train_count"":32,""comparator"":""direct_fno"",""target"":0.0002,""all_cells"":288,""eligible_cells"":0,""eligibility"":{""CONTROL_INFEASIBLE"":288},""candidate_feasible"":288,""control_feasible"":0,""median_speed_ratio"":null,""geomean_speed_ratio"":null,""practical_speed_wins_1p2"":0,""any_speed_wins"":0}"
frontier_by_comparator,discrete,rank1,analytic_quad,32,,,"[32,64]",,,0.0002,0.0002,both reference-uncertainty-inclusive RMS and maximum error must meet target before cost ranking,24,288,"[""discrete/rank1/n32/seed3600011"",""discrete/rank1/n32/seed3600021"",""discrete/rank1/n32/seed3600031""]","[""discrete/analytic_quad/n0/seedNone""]","{""primary"":[[0.02,0.04,0.06],[0.06,0.04,0.02],[0.03,0.03,0.03,0.03],[0.04,0.08,0.12],[0.12,0.08,0.04]],""classical_extra_uniform_steps"":[1,2,4,8],""classical_extra_horizons"":[0.12,0.24]}",results/frontier-full-review/learning-review.json,/frontier_by_comparator/21,"{""track"":""discrete"",""train_count"":32,""comparator"":""analytic_quad"",""target"":0.0002,""all_cells"":288,""eligible_cells"":288,""eligibility"":{""ELIGIBLE"":288},""candidate_feasible"":288,""control_feasible"":288,""median_speed_ratio"":0.35892694886865745,""geomean_speed_ratio"":0.3686594218629056,""practical_speed_wins_1p2"":0,""any_speed_wins"":0}"
frontier_by_comparator,discrete,rank1,analytic_quad_cubic,32,,,"[32,64]",,,0.0002,0.0002,both reference-uncertainty-inclusive RMS and maximum error must meet target before cost ranking,24,288,"[""discrete/rank1/n32/seed3600011"",""discrete/rank1/n32/seed3600021"",""discrete/rank1/n32/seed3600031""]","[""discrete/analytic_quad_cubic/n0/seedNone""]","{""primary"":[[0.02,0.04,0.06],[0.06,0.04,0.02],[0.03,0.03,0.03,0.03],[0.04,0.08,0.12],[0.12,0.08,0.04]],""classical_extra_uniform_steps"":[1,2,4,8],""classical_extra_horizons"":[0.12,0.24]}",results/frontier-full-review/learning-review.json,/frontier_by_comparator/22,"{""track"":""discrete"",""train_count"":32,""comparator"":""analytic_quad_cubic"",""target"":0.0002,""all_cells"":288,""eligible_cells"":288,""eligibility"":{""ELIGIBLE"":288},""candidate_feasible"":288,""control_feasible"":288,""median_speed_ratio"":1.247266414475352,""geomean_speed_ratio"":1.2491028786243086,""practical_speed_wins_1p2"":239,""any_speed_wins"":288}"
frontier_by_comparator,discrete,rank1,strongest_classical,32,,,"[32,64]",,,0.0002,0.0002,both reference-uncertainty-inclusive RMS and maximum error must meet target before cost ranking,24,288,"[""discrete/rank1/n32/seed3600011"",""discrete/rank1/n32/seed3600021"",""discrete/rank1/n32/seed3600031""]","[""discrete/analytic_quad/n0/seedNone"",""discrete/analytic_quad_cubic/n0/seedNone"",""discrete/df/n0/seedNone"",""discrete/etdrk4/n0/seedNone""]","{""primary"":[[0.02,0.04,0.06],[0.06,0.04,0.02],[0.03,0.03,0.03,0.03],[0.04,0.08,0.12],[0.12,0.08,0.04]],""classical_extra_uniform_steps"":[1,2,4,8],""classical_extra_horizons"":[0.12,0.24]}",results/frontier-full-review/learning-review.json,/frontier_by_comparator/23,"{""track"":""discrete"",""train_count"":32,""comparator"":""strongest_classical"",""target"":0.0002,""all_cells"":288,""eligible_cells"":288,""eligibility"":{""ELIGIBLE"":288},""candidate_feasible"":288,""control_feasible"":288,""median_speed_ratio"":0.07318901064440296,""geomean_speed_ratio"":0.0786016985489182,""practical_speed_wins_1p2"":0,""any_speed_wins"":0}"
frontier_by_comparator,discrete,rank1,fno_small,32,,,"[32,64]",,,2e-05,2e-05,both reference-uncertainty-inclusive RMS and maximum error must meet target before cost ranking,24,288,"[""discrete/rank1/n32/seed3600011"",""discrete/rank1/n32/seed3600021"",""discrete/rank1/n32/seed3600031""]","[""discrete/fno_small/n32/seed3600011"",""discrete/fno_small/n32/seed3600021"",""discrete/fno_small/n32/seed3600031""]","{""primary"":[[0.02,0.04,0.06],[0.06,0.04,0.02],[0.03,0.03,0.03,0.03],[0.04,0.08,0.12],[0.12,0.08,0.04]],""classical_extra_uniform_steps"":[1,2,4,8],""classical_extra_horizons"":[0.12,0.24]}",results/frontier-full-review/learning-review.json,/frontier_by_comparator/24,"{""track"":""discrete"",""train_count"":32,""comparator"":""fno_small"",""target"":2e-05,""all_cells"":288,""eligible_cells"":129,""eligibility"":{""ELIGIBLE"":129,""CONTROL_INFEASIBLE"":147,""BOTH_INFEASIBLE"":12},""candidate_feasible"":276,""control_feasible"":129,""median_speed_ratio"":0.6481098870437395,""geomean_speed_ratio"":0.6768902886744333,""practical_speed_wins_1p2"":0,""any_speed_wins"":1}"
frontier_by_comparator,discrete,rank1,fno_standard,32,,,"[32,64]",,,2e-05,2e-05,both reference-uncertainty-inclusive RMS and maximum error must meet target before cost ranking,24,288,"[""discrete/rank1/n32/seed3600011"",""discrete/rank1/n32/seed3600021"",""discrete/rank1/n32/seed3600031""]","[""discrete/fno_standard/n32/seed3600011"",""discrete/fno_standard/n32/seed3600021"",""discrete/fno_standard/n32/seed3600031""]","{""primary"":[[0.02,0.04,0.06],[0.06,0.04,0.02],[0.03,0.03,0.03,0.03],[0.04,0.08,0.12],[0.12,0.08,0.04]],""classical_extra_uniform_steps"":[1,2,4,8],""classical_extra_horizons"":[0.12,0.24]}",results/frontier-full-review/learning-review.json,/frontier_by_comparator/25,"{""track"":""discrete"",""train_count"":32,""comparator"":""fno_standard"",""target"":2e-05,""all_cells"":288,""eligible_cells"":137,""eligibility"":{""ELIGIBLE"":137,""CONTROL_INFEASIBLE"":139,""BOTH_INFEASIBLE"":12},""candidate_feasible"":276,""control_feasible"":137,""median_speed_ratio"":0.927156634467659,""geomean_speed_ratio"":0.962619731283292,""practical_speed_wins_1p2"":16,""any_speed_wins"":21}"
frontier_by_comparator,discrete,rank1,direct_fno,32,,,"[32,64]",,,2e-05,2e-05,both reference-uncertainty-inclusive RMS and maximum error must meet target before cost ranking,24,288,"[""discrete/rank1/n32/seed3600011"",""discrete/rank1/n32/seed3600021"",""discrete/rank1/n32/seed3600031""]","[""discrete/direct_fno/n32/seed3600011"",""discrete/direct_fno/n32/seed3600021"",""discrete/direct_fno/n32/seed3600031""]","{""primary"":[[0.02,0.04,0.06],[0.06,0.04,0.02],[0.03,0.03,0.03,0.03],[0.04,0.08,0.12],[0.12,0.08,0.04]],""classical_extra_uniform_steps"":[1,2,4,8],""classical_extra_horizons"":[0.12,0.24]}",results/frontier-full-review/learning-review.json,/frontier_by_comparator/26,"{""track"":""discrete"",""train_count"":32,""comparator"":""direct_fno"",""target"":2e-05,""all_cells"":288,""eligible_cells"":0,""eligibility"":{""CONTROL_INFEASIBLE"":276,""BOTH_INFEASIBLE"":12},""candidate_feasible"":276,""control_feasible"":0,""median_speed_ratio"":null,""geomean_speed_ratio"":null,""practical_speed_wins_1p2"":0,""any_speed_wins"":0}"
frontier_by_comparator,discrete,rank1,analytic_quad,32,,,"[32,64]",,,2e-05,2e-05,both reference-uncertainty-inclusive RMS and maximum error must meet target before cost ranking,24,288,"[""discrete/rank1/n32/seed3600011"",""discrete/rank1/n32/seed3600021"",""discrete/rank1/n32/seed3600031""]","[""discrete/analytic_quad/n0/seedNone""]","{""primary"":[[0.02,0.04,0.06],[0.06,0.04,0.02],[0.03,0.03,0.03,0.03],[0.04,0.08,0.12],[0.12,0.08,0.04]],""classical_extra_uniform_steps"":[1,2,4,8],""classical_extra_horizons"":[0.12,0.24]}",results/frontier-full-review/learning-review.json,/frontier_by_comparator/27,"{""track"":""discrete"",""train_count"":32,""comparator"":""analytic_quad"",""target"":2e-05,""all_cells"":288,""eligible_cells"":276,""eligibility"":{""ELIGIBLE"":276,""CANDIDATE_INFEASIBLE"":12},""candidate_feasible"":276,""control_feasible"":288,""median_speed_ratio"":0.361171090664521,""geomean_speed_ratio"":0.4067184734257343,""practical_speed_wins_1p2"":0,""any_speed_wins"":0}"
frontier_by_comparator,discrete,rank1,analytic_quad_cubic,32,,,"[32,64]",,,2e-05,2e-05,both reference-uncertainty-inclusive RMS and maximum error must meet target before cost ranking,24,288,"[""discrete/rank1/n32/seed3600011"",""discrete/rank1/n32/seed3600021"",""discrete/rank1/n32/seed3600031""]","[""discrete/analytic_quad_cubic/n0/seedNone""]","{""primary"":[[0.02,0.04,0.06],[0.06,0.04,0.02],[0.03,0.03,0.03,0.03],[0.04,0.08,0.12],[0.12,0.08,0.04]],""classical_extra_uniform_steps"":[1,2,4,8],""classical_extra_horizons"":[0.12,0.24]}",results/frontier-full-review/learning-review.json,/frontier_by_comparator/28,"{""track"":""discrete"",""train_count"":32,""comparator"":""analytic_quad_cubic"",""target"":2e-05,""all_cells"":288,""eligible_cells"":276,""eligibility"":{""ELIGIBLE"":276,""CANDIDATE_INFEASIBLE"":12},""candidate_feasible"":276,""control_feasible"":288,""median_speed_ratio"":1.247635835708509,""geomean_speed_ratio"":1.303530685075258,""practical_speed_wins_1p2"":227,""any_speed_wins"":276}"
frontier_by_comparator,discrete,rank1,strongest_classical,32,,,"[32,64]",,,2e-05,2e-05,both reference-uncertainty-inclusive RMS and maximum error must meet target before cost ranking,24,288,"[""discrete/rank1/n32/seed3600011"",""discrete/rank1/n32/seed3600021"",""discrete/rank1/n32/seed3600031""]","[""discrete/analytic_quad/n0/seedNone"",""discrete/analytic_quad_cubic/n0/seedNone"",""discrete/df/n0/seedNone"",""discrete/etdrk4/n0/seedNone""]","{""primary"":[[0.02,0.04,0.06],[0.06,0.04,0.02],[0.03,0.03,0.03,0.03],[0.04,0.08,0.12],[0.12,0.08,0.04]],""classical_extra_uniform_steps"":[1,2,4,8],""classical_extra_horizons"":[0.12,0.24]}",results/frontier-full-review/learning-review.json,/frontier_by_comparator/29,"{""track"":""discrete"",""train_count"":32,""comparator"":""strongest_classical"",""target"":2e-05,""all_cells"":288,""eligible_cells"":276,""eligibility"":{""ELIGIBLE"":276,""CANDIDATE_INFEASIBLE"":12},""candidate_feasible"":276,""control_feasible"":288,""median_speed_ratio"":0.11380795925268998,""geomean_speed_ratio"":0.12754576466733678,""practical_speed_wins_1p2"":0,""any_speed_wins"":0}"
frontier_by_comparator,discrete,rank1,fno_small,32,,,"[32,64]",,,2e-06,2e-06,both reference-uncertainty-inclusive RMS and maximum error must meet target before cost ranking,24,288,"[""discrete/rank1/n32/seed3600011"",""discrete/rank1/n32/seed3600021"",""discrete/rank1/n32/seed3600031""]","[""discrete/fno_small/n32/seed3600011"",""discrete/fno_small/n32/seed3600021"",""discrete/fno_small/n32/seed3600031""]","{""primary"":[[0.02,0.04,0.06],[0.06,0.04,0.02],[0.03,0.03,0.03,0.03],[0.04,0.08,0.12],[0.12,0.08,0.04]],""classical_extra_uniform_steps"":[1,2,4,8],""classical_extra_horizons"":[0.12,0.24]}",results/frontier-full-review/learning-review.json,/frontier_by_comparator/30,"{""track"":""discrete"",""train_count"":32,""comparator"":""fno_small"",""target"":2e-06,""all_cells"":288,""eligible_cells"":21,""eligibility"":{""CONTROL_INFEASIBLE"":182,""BOTH_INFEASIBLE"":84,""ELIGIBLE"":21,""CANDIDATE_INFEASIBLE"":1},""candidate_feasible"":203,""control_feasible"":22,""median_speed_ratio"":0.8588539354375956,""geomean_speed_ratio"":0.8443482034007734,""practical_speed_wins_1p2"":0,""any_speed_wins"":0}"
frontier_by_comparator,discrete,rank1,fno_standard,32,,,"[32,64]",,,2e-06,2e-06,both reference-uncertainty-inclusive RMS and maximum error must meet target before cost ranking,24,288,"[""discrete/rank1/n32/seed3600011"",""discrete/rank1/n32/seed3600021"",""discrete/rank1/n32/seed3600031""]","[""discrete/fno_standard/n32/seed3600011"",""discrete/fno_standard/n32/seed3600021"",""discrete/fno_standard/n32/seed3600031""]","{""primary"":[[0.02,0.04,0.06],[0.06,0.04,0.02],[0.03,0.03,0.03,0.03],[0.04,0.08,0.12],[0.12,0.08,0.04]],""classical_extra_uniform_steps"":[1,2,4,8],""classical_extra_horizons"":[0.12,0.24]}",results/frontier-full-review/learning-review.json,/frontier_by_comparator/31,"{""track"":""discrete"",""train_count"":32,""comparator"":""fno_standard"",""target"":2e-06,""all_cells"":288,""eligible_cells"":26,""eligibility"":{""CONTROL_INFEASIBLE"":177,""BOTH_INFEASIBLE"":85,""ELIGIBLE"":26},""candidate_feasible"":203,""control_feasible"":26,""median_speed_ratio"":1.2042955136609623,""geomean_speed_ratio"":1.1264620998202652,""practical_speed_wins_1p2"":13,""any_speed_wins"":17}"
frontier_by_comparator,discrete,rank1,direct_fno,32,,,"[32,64]",,,2e-06,2e-06,both reference-uncertainty-inclusive RMS and maximum error must meet target before cost ranking,24,288,"[""discrete/rank1/n32/seed3600011"",""discrete/rank1/n32/seed3600021"",""discrete/rank1/n32/seed3600031""]","[""discrete/direct_fno/n32/seed3600011"",""discrete/direct_fno/n32/seed3600021"",""discrete/direct_fno/n32/seed3600031""]","{""primary"":[[0.02,0.04,0.06],[0.06,0.04,0.02],[0.03,0.03,0.03,0.03],[0.04,0.08,0.12],[0.12,0.08,0.04]],""classical_extra_uniform_steps"":[1,2,4,8],""classical_extra_horizons"":[0.12,0.24]}",results/frontier-full-review/learning-review.json,/frontier_by_comparator/32,"{""track"":""discrete"",""train_count"":32,""comparator"":""direct_fno"",""target"":2e-06,""all_cells"":288,""eligible_cells"":0,""eligibility"":{""CONTROL_INFEASIBLE"":203,""BOTH_INFEASIBLE"":85},""candidate_feasible"":203,""control_feasible"":0,""median_speed_ratio"":null,""geomean_speed_ratio"":null,""practical_speed_wins_1p2"":0,""any_speed_wins"":0}"
frontier_by_comparator,discrete,rank1,analytic_quad,32,,,"[32,64]",,,2e-06,2e-06,both reference-uncertainty-inclusive RMS and maximum error must meet target before cost ranking,24,288,"[""discrete/rank1/n32/seed3600011"",""discrete/rank1/n32/seed3600021"",""discrete/rank1/n32/seed3600031""]","[""discrete/analytic_quad/n0/seedNone""]","{""primary"":[[0.02,0.04,0.06],[0.06,0.04,0.02],[0.03,0.03,0.03,0.03],[0.04,0.08,0.12],[0.12,0.08,0.04]],""classical_extra_uniform_steps"":[1,2,4,8],""classical_extra_horizons"":[0.12,0.24]}",results/frontier-full-review/learning-review.json,/frontier_by_comparator/33,"{""track"":""discrete"",""train_count"":32,""comparator"":""analytic_quad"",""target"":2e-06,""all_cells"":288,""eligible_cells"":203,""eligibility"":{""ELIGIBLE"":203,""CANDIDATE_INFEASIBLE"":79,""BOTH_INFEASIBLE"":6},""candidate_feasible"":203,""control_feasible"":282,""median_speed_ratio"":0.6600797404450783,""geomean_speed_ratio"":0.5558338011062658,""practical_speed_wins_1p2"":0,""any_speed_wins"":36}"
frontier_by_comparator,discrete,rank1,analytic_quad_cubic,32,,,"[32,64]",,,2e-06,2e-06,both reference-uncertainty-inclusive RMS and maximum error must meet target before cost ranking,24,288,"[""discrete/rank1/n32/seed3600011"",""discrete/rank1/n32/seed3600021"",""discrete/rank1/n32/seed3600031""]","[""discrete/analytic_quad_cubic/n0/seedNone""]","{""primary"":[[0.02,0.04,0.06],[0.06,0.04,0.02],[0.03,0.03,0.03,0.03],[0.04,0.08,0.12],[0.12,0.08,0.04]],""classical_extra_uniform_steps"":[1,2,4,8],""classical_extra_horizons"":[0.12,0.24]}",results/frontier-full-review/learning-review.json,/frontier_by_comparator/34,"{""track"":""discrete"",""train_count"":32,""comparator"":""analytic_quad_cubic"",""target"":2e-06,""all_cells"":288,""eligible_cells"":203,""eligibility"":{""ELIGIBLE"":203,""CANDIDATE_INFEASIBLE"":85},""candidate_feasible"":203,""control_feasible"":288,""median_speed_ratio"":1.2557304190470249,""geomean_speed_ratio"":1.496273954092862,""practical_speed_wins_1p2"":168,""any_speed_wins"":195}"
frontier_by_comparator,discrete,rank1,strongest_classical,32,,,"[32,64]",,,2e-06,2e-06,both reference-uncertainty-inclusive RMS and maximum error must meet target before cost ranking,24,288,"[""discrete/rank1/n32/seed3600011"",""discrete/rank1/n32/seed3600021"",""discrete/rank1/n32/seed3600031""]","[""discrete/analytic_quad/n0/seedNone"",""discrete/analytic_quad_cubic/n0/seedNone"",""discrete/df/n0/seedNone"",""discrete/etdrk4/n0/seedNone""]","{""primary"":[[0.02,0.04,0.06],[0.06,0.04,0.02],[0.03,0.03,0.03,0.03],[0.04,0.08,0.12],[0.12,0.08,0.04]],""classical_extra_uniform_steps"":[1,2,4,8],""classical_extra_horizons"":[0.12,0.24]}",results/frontier-full-review/learning-review.json,/frontier_by_comparator/35,"{""track"":""discrete"",""train_count"":32,""comparator"":""strongest_classical"",""target"":2e-06,""all_cells"":288,""eligible_cells"":203,""eligibility"":{""ELIGIBLE"":203,""CANDIDATE_INFEASIBLE"":85},""candidate_feasible"":203,""control_feasible"":288,""median_speed_ratio"":0.18459490282593113,""geomean_speed_ratio"":0.1903486112563427,""practical_speed_wins_1p2"":0,""any_speed_wins"":18}"
frontier_by_comparator,continuum,rank1,fno_small,8,,,"[32,64]",,,0.0002,0.0002,both reference-uncertainty-inclusive RMS and maximum error must meet target before cost ranking,24,288,"[""continuum/rank1/n8/seed3600011"",""continuum/rank1/n8/seed3600021"",""continuum/rank1/n8/seed3600031""]","[""continuum/fno_small/n8/seed3600011"",""continuum/fno_small/n8/seed3600021"",""continuum/fno_small/n8/seed3600031""]","{""primary"":[[0.02,0.04,0.06],[0.06,0.04,0.02],[0.03,0.03,0.03,0.03],[0.04,0.08,0.12],[0.12,0.08,0.04]],""classical_extra_uniform_steps"":[1,2,4,8],""classical_extra_horizons"":[0.12,0.24]}",results/frontier-full-review/learning-review.json,/frontier_by_comparator/36,"{""track"":""continuum"",""train_count"":8,""comparator"":""fno_small"",""target"":0.0002,""all_cells"":288,""eligible_cells"":283,""eligibility"":{""ELIGIBLE"":283,""CONTROL_INFEASIBLE"":5},""candidate_feasible"":288,""control_feasible"":283,""median_speed_ratio"":0.7349548851389285,""geomean_speed_ratio"":0.7361650022054824,""practical_speed_wins_1p2"":0,""any_speed_wins"":0}"
frontier_by_comparator,continuum,rank1,fno_standard,8,,,"[32,64]",,,0.0002,0.0002,both reference-uncertainty-inclusive RMS and maximum error must meet target before cost ranking,24,288,"[""continuum/rank1/n8/seed3600011"",""continuum/rank1/n8/seed3600021"",""continuum/rank1/n8/seed3600031""]","[""continuum/fno_standard/n8/seed3600011"",""continuum/fno_standard/n8/seed3600021"",""continuum/fno_standard/n8/seed3600031""]","{""primary"":[[0.02,0.04,0.06],[0.06,0.04,0.02],[0.03,0.03,0.03,0.03],[0.04,0.08,0.12],[0.12,0.08,0.04]],""classical_extra_uniform_steps"":[1,2,4,8],""classical_extra_horizons"":[0.12,0.24]}",results/frontier-full-review/learning-review.json,/frontier_by_comparator/37,"{""track"":""continuum"",""train_count"":8,""comparator"":""fno_standard"",""target"":0.0002,""all_cells"":288,""eligible_cells"":286,""eligibility"":{""ELIGIBLE"":286,""CONTROL_INFEASIBLE"":2},""candidate_feasible"":288,""control_feasible"":286,""median_speed_ratio"":0.7924729344274937,""geomean_speed_ratio"":0.7927267802697948,""practical_speed_wins_1p2"":0,""any_speed_wins"":0}"
frontier_by_comparator,continuum,rank1,direct_fno,8,,,"[32,64]",,,0.0002,0.0002,both reference-uncertainty-inclusive RMS and maximum error must meet target before cost ranking,24,288,"[""continuum/rank1/n8/seed3600011"",""continuum/rank1/n8/seed3600021"",""continuum/rank1/n8/seed3600031""]","[""continuum/direct_fno/n8/seed3600011"",""continuum/direct_fno/n8/seed3600021"",""continuum/direct_fno/n8/seed3600031""]","{""primary"":[[0.02,0.04,0.06],[0.06,0.04,0.02],[0.03,0.03,0.03,0.03],[0.04,0.08,0.12],[0.12,0.08,0.04]],""classical_extra_uniform_steps"":[1,2,4,8],""classical_extra_horizons"":[0.12,0.24]}",results/frontier-full-review/learning-review.json,/frontier_by_comparator/38,"{""track"":""continuum"",""train_count"":8,""comparator"":""direct_fno"",""target"":0.0002,""all_cells"":288,""eligible_cells"":0,""eligibility"":{""CONTROL_INFEASIBLE"":288},""candidate_feasible"":288,""control_feasible"":0,""median_speed_ratio"":null,""geomean_speed_ratio"":null,""practical_speed_wins_1p2"":0,""any_speed_wins"":0}"
frontier_by_comparator,continuum,rank1,analytic_quad,8,,,"[32,64]",,,0.0002,0.0002,both reference-uncertainty-inclusive RMS and maximum error must meet target before cost ranking,24,288,"[""continuum/rank1/n8/seed3600011"",""continuum/rank1/n8/seed3600021"",""continuum/rank1/n8/seed3600031""]","[""continuum/analytic_quad/n0/seedNone""]","{""primary"":[[0.02,0.04,0.06],[0.06,0.04,0.02],[0.03,0.03,0.03,0.03],[0.04,0.08,0.12],[0.12,0.08,0.04]],""classical_extra_uniform_steps"":[1,2,4,8],""classical_extra_horizons"":[0.12,0.24]}",results/frontier-full-review/learning-review.json,/frontier_by_comparator/39,"{""track"":""continuum"",""train_count"":8,""comparator"":""analytic_quad"",""target"":0.0002,""all_cells"":288,""eligible_cells"":288,""eligibility"":{""ELIGIBLE"":288},""candidate_feasible"":288,""control_feasible"":288,""median_speed_ratio"":0.39299747288741216,""geomean_speed_ratio"":0.44213655895171766,""practical_speed_wins_1p2"":0,""any_speed_wins"":0}"
frontier_by_comparator,continuum,rank1,analytic_quad_cubic,8,,,"[32,64]",,,0.0002,0.0002,both reference-uncertainty-inclusive RMS and maximum error must meet target before cost ranking,24,288,"[""continuum/rank1/n8/seed3600011"",""continuum/rank1/n8/seed3600021"",""continuum/rank1/n8/seed3600031""]","[""continuum/analytic_quad_cubic/n0/seedNone""]","{""primary"":[[0.02,0.04,0.06],[0.06,0.04,0.02],[0.03,0.03,0.03,0.03],[0.04,0.08,0.12],[0.12,0.08,0.04]],""classical_extra_uniform_steps"":[1,2,4,8],""classical_extra_horizons"":[0.12,0.24]}",results/frontier-full-review/learning-review.json,/frontier_by_comparator/40,"{""track"":""continuum"",""train_count"":8,""comparator"":""analytic_quad_cubic"",""target"":0.0002,""all_cells"":288,""eligible_cells"":288,""eligibility"":{""ELIGIBLE"":288},""candidate_feasible"":288,""control_feasible"":288,""median_speed_ratio"":1.2450857979145118,""geomean_speed_ratio"":1.2852293170655964,""practical_speed_wins_1p2"":256,""any_speed_wins"":288}"
frontier_by_comparator,continuum,rank1,strongest_classical,8,,,"[32,64]",,,0.0002,0.0002,both reference-uncertainty-inclusive RMS and maximum error must meet target before cost ranking,24,288,"[""continuum/rank1/n8/seed3600011"",""continuum/rank1/n8/seed3600021"",""continuum/rank1/n8/seed3600031""]","[""continuum/analytic_quad/n0/seedNone"",""continuum/analytic_quad_cubic/n0/seedNone"",""continuum/df/n0/seedNone"",""continuum/etdrk4/n0/seedNone""]","{""primary"":[[0.02,0.04,0.06],[0.06,0.04,0.02],[0.03,0.03,0.03,0.03],[0.04,0.08,0.12],[0.12,0.08,0.04]],""classical_extra_uniform_steps"":[1,2,4,8],""classical_extra_horizons"":[0.12,0.24]}",results/frontier-full-review/learning-review.json,/frontier_by_comparator/41,"{""track"":""continuum"",""train_count"":8,""comparator"":""strongest_classical"",""target"":0.0002,""all_cells"":288,""eligible_cells"":288,""eligibility"":{""ELIGIBLE"":288},""candidate_feasible"":288,""control_feasible"":288,""median_speed_ratio"":0.07131899266101539,""geomean_speed_ratio"":0.10862514544692992,""practical_speed_wins_1p2"":0,""any_speed_wins"":0}"
frontier_by_comparator,continuum,rank1,fno_small,8,,,"[32,64]",,,2e-05,2e-05,both reference-uncertainty-inclusive RMS and maximum error must meet target before cost ranking,24,288,"[""continuum/rank1/n8/seed3600011"",""continuum/rank1/n8/seed3600021"",""continuum/rank1/n8/seed3600031""]","[""continuum/fno_small/n8/seed3600011"",""continuum/fno_small/n8/seed3600021"",""continuum/fno_small/n8/seed3600031""]","{""primary"":[[0.02,0.04,0.06],[0.06,0.04,0.02],[0.03,0.03,0.03,0.03],[0.04,0.08,0.12],[0.12,0.08,0.04]],""classical_extra_uniform_steps"":[1,2,4,8],""classical_extra_horizons"":[0.12,0.24]}",results/frontier-full-review/learning-review.json,/frontier_by_comparator/42,"{""track"":""continuum"",""train_count"":8,""comparator"":""fno_small"",""target"":2e-05,""all_cells"":288,""eligible_cells"":143,""eligibility"":{""ELIGIBLE"":143,""CONTROL_INFEASIBLE"":133,""BOTH_INFEASIBLE"":12},""candidate_feasible"":276,""control_feasible"":143,""median_speed_ratio"":0.7355708402508645,""geomean_speed_ratio"":0.7534656212171079,""practical_speed_wins_1p2"":0,""any_speed_wins"":4}"
frontier_by_comparator,continuum,rank1,fno_standard,8,,,"[32,64]",,,2e-05,2e-05,both reference-uncertainty-inclusive RMS and maximum error must meet target before cost ranking,24,288,"[""continuum/rank1/n8/seed3600011"",""continuum/rank1/n8/seed3600021"",""continuum/rank1/n8/seed3600031""]","[""continuum/fno_standard/n8/seed3600011"",""continuum/fno_standard/n8/seed3600021"",""continuum/fno_standard/n8/seed3600031""]","{""primary"":[[0.02,0.04,0.06],[0.06,0.04,0.02],[0.03,0.03,0.03,0.03],[0.04,0.08,0.12],[0.12,0.08,0.04]],""classical_extra_uniform_steps"":[1,2,4,8],""classical_extra_horizons"":[0.12,0.24]}",results/frontier-full-review/learning-review.json,/frontier_by_comparator/43,"{""track"":""continuum"",""train_count"":8,""comparator"":""fno_standard"",""target"":2e-05,""all_cells"":288,""eligible_cells"":154,""eligibility"":{""ELIGIBLE"":154,""CONTROL_INFEASIBLE"":122,""BOTH_INFEASIBLE"":12},""candidate_feasible"":276,""control_feasible"":154,""median_speed_ratio"":0.7936978204710052,""geomean_speed_ratio"":0.8025872826647491,""practical_speed_wins_1p2"":0,""any_speed_wins"":6}"
frontier_by_comparator,continuum,rank1,direct_fno,8,,,"[32,64]",,,2e-05,2e-05,both reference-uncertainty-inclusive RMS and maximum error must meet target before cost ranking,24,288,"[""continuum/rank1/n8/seed3600011"",""continuum/rank1/n8/seed3600021"",""continuum/rank1/n8/seed3600031""]","[""continuum/direct_fno/n8/seed3600011"",""continuum/direct_fno/n8/seed3600021"",""continuum/direct_fno/n8/seed3600031""]","{""primary"":[[0.02,0.04,0.06],[0.06,0.04,0.02],[0.03,0.03,0.03,0.03],[0.04,0.08,0.12],[0.12,0.08,0.04]],""classical_extra_uniform_steps"":[1,2,4,8],""classical_extra_horizons"":[0.12,0.24]}",results/frontier-full-review/learning-review.json,/frontier_by_comparator/44,"{""track"":""continuum"",""train_count"":8,""comparator"":""direct_fno"",""target"":2e-05,""all_cells"":288,""eligible_cells"":0,""eligibility"":{""CONTROL_INFEASIBLE"":276,""BOTH_INFEASIBLE"":12},""candidate_feasible"":276,""control_feasible"":0,""median_speed_ratio"":null,""geomean_speed_ratio"":null,""practical_speed_wins_1p2"":0,""any_speed_wins"":0}"
frontier_by_comparator,continuum,rank1,analytic_quad,8,,,"[32,64]",,,2e-05,2e-05,both reference-uncertainty-inclusive RMS and maximum error must meet target before cost ranking,24,288,"[""continuum/rank1/n8/seed3600011"",""continuum/rank1/n8/seed3600021"",""continuum/rank1/n8/seed3600031""]","[""continuum/analytic_quad/n0/seedNone""]","{""primary"":[[0.02,0.04,0.06],[0.06,0.04,0.02],[0.03,0.03,0.03,0.03],[0.04,0.08,0.12],[0.12,0.08,0.04]],""classical_extra_uniform_steps"":[1,2,4,8],""classical_extra_horizons"":[0.12,0.24]}",results/frontier-full-review/learning-review.json,/frontier_by_comparator/45,"{""track"":""continuum"",""train_count"":8,""comparator"":""analytic_quad"",""target"":2e-05,""all_cells"":288,""eligible_cells"":276,""eligibility"":{""ELIGIBLE"":276,""CANDIDATE_INFEASIBLE"":12},""candidate_feasible"":276,""control_feasible"":288,""median_speed_ratio"":0.39149727768207954,""geomean_speed_ratio"":0.4634873694612745,""practical_speed_wins_1p2"":0,""any_speed_wins"":3}"
frontier_by_comparator,continuum,rank1,analytic_quad_cubic,8,,,"[32,64]",,,2e-05,2e-05,both reference-uncertainty-inclusive RMS and maximum error must meet target before cost ranking,24,288,"[""continuum/rank1/n8/seed3600011"",""continuum/rank1/n8/seed3600021"",""continuum/rank1/n8/seed3600031""]","[""continuum/analytic_quad_cubic/n0/seedNone""]","{""primary"":[[0.02,0.04,0.06],[0.06,0.04,0.02],[0.03,0.03,0.03,0.03],[0.04,0.08,0.12],[0.12,0.08,0.04]],""classical_extra_uniform_steps"":[1,2,4,8],""classical_extra_horizons"":[0.12,0.24]}",results/frontier-full-review/learning-review.json,/frontier_by_comparator/46,"{""track"":""continuum"",""train_count"":8,""comparator"":""analytic_quad_cubic"",""target"":2e-05,""all_cells"":288,""eligible_cells"":276,""eligibility"":{""ELIGIBLE"":276,""CANDIDATE_INFEASIBLE"":12},""candidate_feasible"":276,""control_feasible"":288,""median_speed_ratio"":1.2399016426812701,""geomean_speed_ratio"":1.3326444290458532,""practical_speed_wins_1p2"":243,""any_speed_wins"":276}"
frontier_by_comparator,continuum,rank1,strongest_classical,8,,,"[32,64]",,,2e-05,2e-05,both reference-uncertainty-inclusive RMS and maximum error must meet target before cost ranking,24,288,"[""continuum/rank1/n8/seed3600011"",""continuum/rank1/n8/seed3600021"",""continuum/rank1/n8/seed3600031""]","[""continuum/analytic_quad/n0/seedNone"",""continuum/analytic_quad_cubic/n0/seedNone"",""continuum/df/n0/seedNone"",""continuum/etdrk4/n0/seedNone""]","{""primary"":[[0.02,0.04,0.06],[0.06,0.04,0.02],[0.03,0.03,0.03,0.03],[0.04,0.08,0.12],[0.12,0.08,0.04]],""classical_extra_uniform_steps"":[1,2,4,8],""classical_extra_horizons"":[0.12,0.24]}",results/frontier-full-review/learning-review.json,/frontier_by_comparator/47,"{""track"":""continuum"",""train_count"":8,""comparator"":""strongest_classical"",""target"":2e-05,""all_cells"":288,""eligible_cells"":276,""eligibility"":{""ELIGIBLE"":276,""CANDIDATE_INFEASIBLE"":12},""candidate_feasible"":276,""control_feasible"":288,""median_speed_ratio"":0.16385810751559504,""geomean_speed_ratio"":0.17447069057540968,""practical_speed_wins_1p2"":0,""any_speed_wins"":0}"
frontier_by_comparator,continuum,rank1,fno_small,8,,,"[32,64]",,,2e-06,2e-06,both reference-uncertainty-inclusive RMS and maximum error must meet target before cost ranking,24,288,"[""continuum/rank1/n8/seed3600011"",""continuum/rank1/n8/seed3600021"",""continuum/rank1/n8/seed3600031""]","[""continuum/fno_small/n8/seed3600011"",""continuum/fno_small/n8/seed3600021"",""continuum/fno_small/n8/seed3600031""]","{""primary"":[[0.02,0.04,0.06],[0.06,0.04,0.02],[0.03,0.03,0.03,0.03],[0.04,0.08,0.12],[0.12,0.08,0.04]],""classical_extra_uniform_steps"":[1,2,4,8],""classical_extra_horizons"":[0.12,0.24]}",results/frontier-full-review/learning-review.json,/frontier_by_comparator/48,"{""track"":""continuum"",""train_count"":8,""comparator"":""fno_small"",""target"":2e-06,""all_cells"":288,""eligible_cells"":34,""eligibility"":{""ELIGIBLE"":34,""CONTROL_INFEASIBLE"":170,""BOTH_INFEASIBLE"":84},""candidate_feasible"":204,""control_feasible"":34,""median_speed_ratio"":0.9659777598086063,""geomean_speed_ratio"":0.8837069871716005,""practical_speed_wins_1p2"":0,""any_speed_wins"":5}"
frontier_by_comparator,continuum,rank1,fno_standard,8,,,"[32,64]",,,2e-06,2e-06,both reference-uncertainty-inclusive RMS and maximum error must meet target before cost ranking,24,288,"[""continuum/rank1/n8/seed3600011"",""continuum/rank1/n8/seed3600021"",""continuum/rank1/n8/seed3600031""]","[""continuum/fno_standard/n8/seed3600011"",""continuum/fno_standard/n8/seed3600021"",""continuum/fno_standard/n8/seed3600031""]","{""primary"":[[0.02,0.04,0.06],[0.06,0.04,0.02],[0.03,0.03,0.03,0.03],[0.04,0.08,0.12],[0.12,0.08,0.04]],""classical_extra_uniform_steps"":[1,2,4,8],""classical_extra_horizons"":[0.12,0.24]}",results/frontier-full-review/learning-review.json,/frontier_by_comparator/49,"{""track"":""continuum"",""train_count"":8,""comparator"":""fno_standard"",""target"":2e-06,""all_cells"":288,""eligible_cells"":18,""eligibility"":{""CONTROL_INFEASIBLE"":186,""BOTH_INFEASIBLE"":83,""ELIGIBLE"":18,""CANDIDATE_INFEASIBLE"":1},""candidate_feasible"":204,""control_feasible"":19,""median_speed_ratio"":1.0554686791159524,""geomean_speed_ratio"":1.0307701266396567,""practical_speed_wins_1p2"":0,""any_speed_wins"":16}"
frontier_by_comparator,continuum,rank1,direct_fno,8,,,"[32,64]",,,2e-06,2e-06,both reference-uncertainty-inclusive RMS and maximum error must meet target before cost ranking,24,288,"[""continuum/rank1/n8/seed3600011"",""continuum/rank1/n8/seed3600021"",""continuum/rank1/n8/seed3600031""]","[""continuum/direct_fno/n8/seed3600011"",""continuum/direct_fno/n8/seed3600021"",""continuum/direct_fno/n8/seed3600031""]","{""primary"":[[0.02,0.04,0.06],[0.06,0.04,0.02],[0.03,0.03,0.03,0.03],[0.04,0.08,0.12],[0.12,0.08,0.04]],""classical_extra_uniform_steps"":[1,2,4,8],""classical_extra_horizons"":[0.12,0.24]}",results/frontier-full-review/learning-review.json,/frontier_by_comparator/50,"{""track"":""continuum"",""train_count"":8,""comparator"":""direct_fno"",""target"":2e-06,""all_cells"":288,""eligible_cells"":0,""eligibility"":{""CONTROL_INFEASIBLE"":204,""BOTH_INFEASIBLE"":84},""candidate_feasible"":204,""control_feasible"":0,""median_speed_ratio"":null,""geomean_speed_ratio"":null,""practical_speed_wins_1p2"":0,""any_speed_wins"":0}"
frontier_by_comparator,continuum,rank1,analytic_quad,8,,,"[32,64]",,,2e-06,2e-06,both reference-uncertainty-inclusive RMS and maximum error must meet target before cost ranking,24,288,"[""continuum/rank1/n8/seed3600011"",""continuum/rank1/n8/seed3600021"",""continuum/rank1/n8/seed3600031""]","[""continuum/analytic_quad/n0/seedNone""]","{""primary"":[[0.02,0.04,0.06],[0.06,0.04,0.02],[0.03,0.03,0.03,0.03],[0.04,0.08,0.12],[0.12,0.08,0.04]],""classical_extra_uniform_steps"":[1,2,4,8],""classical_extra_horizons"":[0.12,0.24]}",results/frontier-full-review/learning-review.json,/frontier_by_comparator/51,"{""track"":""continuum"",""train_count"":8,""comparator"":""analytic_quad"",""target"":2e-06,""all_cells"":288,""eligible_cells"":204,""eligibility"":{""ELIGIBLE"":204,""CANDIDATE_INFEASIBLE"":78,""BOTH_INFEASIBLE"":6},""candidate_feasible"":204,""control_feasible"":282,""median_speed_ratio"":0.7389917884457831,""geomean_speed_ratio"":0.5920897253218117,""practical_speed_wins_1p2"":0,""any_speed_wins"":36}"
frontier_by_comparator,continuum,rank1,analytic_quad_cubic,8,,,"[32,64]",,,2e-06,2e-06,both reference-uncertainty-inclusive RMS and maximum error must meet target before cost ranking,24,288,"[""continuum/rank1/n8/seed3600011"",""continuum/rank1/n8/seed3600021"",""continuum/rank1/n8/seed3600031""]","[""continuum/analytic_quad_cubic/n0/seedNone""]","{""primary"":[[0.02,0.04,0.06],[0.06,0.04,0.02],[0.03,0.03,0.03,0.03],[0.04,0.08,0.12],[0.12,0.08,0.04]],""classical_extra_uniform_steps"":[1,2,4,8],""classical_extra_horizons"":[0.12,0.24]}",results/frontier-full-review/learning-review.json,/frontier_by_comparator/52,"{""track"":""continuum"",""train_count"":8,""comparator"":""analytic_quad_cubic"",""target"":2e-06,""all_cells"":288,""eligible_cells"":204,""eligibility"":{""ELIGIBLE"":204,""CANDIDATE_INFEASIBLE"":84},""candidate_feasible"":204,""control_feasible"":288,""median_speed_ratio"":1.2427531927645563,""geomean_speed_ratio"":1.5082012985042164,""practical_speed_wins_1p2"":172,""any_speed_wins"":204}"
frontier_by_comparator,continuum,rank1,strongest_classical,8,,,"[32,64]",,,2e-06,2e-06,both reference-uncertainty-inclusive RMS and maximum error must meet target before cost ranking,24,288,"[""continuum/rank1/n8/seed3600011"",""continuum/rank1/n8/seed3600021"",""continuum/rank1/n8/seed3600031""]","[""continuum/analytic_quad/n0/seedNone"",""continuum/analytic_quad_cubic/n0/seedNone"",""continuum/df/n0/seedNone"",""continuum/etdrk4/n0/seedNone""]","{""primary"":[[0.02,0.04,0.06],[0.06,0.04,0.02],[0.03,0.03,0.03,0.03],[0.04,0.08,0.12],[0.12,0.08,0.04]],""classical_extra_uniform_steps"":[1,2,4,8],""classical_extra_horizons"":[0.12,0.24]}",results/frontier-full-review/learning-review.json,/frontier_by_comparator/53,"{""track"":""continuum"",""train_count"":8,""comparator"":""strongest_classical"",""target"":2e-06,""all_cells"":288,""eligible_cells"":204,""eligibility"":{""ELIGIBLE"":204,""CANDIDATE_INFEASIBLE"":84},""candidate_feasible"":204,""control_feasible"":288,""median_speed_ratio"":0.24735424965539438,""geomean_speed_ratio"":0.22625508836015698,""practical_speed_wins_1p2"":0,""any_speed_wins"":20}"
frontier_by_comparator,continuum,rank1,fno_small,32,,,"[32,64]",,,0.0002,0.0002,both reference-uncertainty-inclusive RMS and maximum error must meet target before cost ranking,24,288,"[""continuum/rank1/n32/seed3600011"",""continuum/rank1/n32/seed3600021"",""continuum/rank1/n32/seed3600031""]","[""continuum/fno_small/n32/seed3600011"",""continuum/fno_small/n32/seed3600021"",""continuum/fno_small/n32/seed3600031""]","{""primary"":[[0.02,0.04,0.06],[0.06,0.04,0.02],[0.03,0.03,0.03,0.03],[0.04,0.08,0.12],[0.12,0.08,0.04]],""classical_extra_uniform_steps"":[1,2,4,8],""classical_extra_horizons"":[0.12,0.24]}",results/frontier-full-review/learning-review.json,/frontier_by_comparator/54,"{""track"":""continuum"",""train_count"":32,""comparator"":""fno_small"",""target"":0.0002,""all_cells"":288,""eligible_cells"":286,""eligibility"":{""ELIGIBLE"":286,""CONTROL_INFEASIBLE"":2},""candidate_feasible"":288,""control_feasible"":286,""median_speed_ratio"":0.7354349804225644,""geomean_speed_ratio"":0.7360749152277323,""practical_speed_wins_1p2"":0,""any_speed_wins"":0}"
frontier_by_comparator,continuum,rank1,fno_standard,32,,,"[32,64]",,,0.0002,0.0002,both reference-uncertainty-inclusive RMS and maximum error must meet target before cost ranking,24,288,"[""continuum/rank1/n32/seed3600011"",""continuum/rank1/n32/seed3600021"",""continuum/rank1/n32/seed3600031""]","[""continuum/fno_standard/n32/seed3600011"",""continuum/fno_standard/n32/seed3600021"",""continuum/fno_standard/n32/seed3600031""]","{""primary"":[[0.02,0.04,0.06],[0.06,0.04,0.02],[0.03,0.03,0.03,0.03],[0.04,0.08,0.12],[0.12,0.08,0.04]],""classical_extra_uniform_steps"":[1,2,4,8],""classical_extra_horizons"":[0.12,0.24]}",results/frontier-full-review/learning-review.json,/frontier_by_comparator/55,"{""track"":""continuum"",""train_count"":32,""comparator"":""fno_standard"",""target"":0.0002,""all_cells"":288,""eligible_cells"":286,""eligibility"":{""ELIGIBLE"":286,""CONTROL_INFEASIBLE"":2},""candidate_feasible"":288,""control_feasible"":286,""median_speed_ratio"":0.7925309399647111,""geomean_speed_ratio"":0.7925003316365932,""practical_speed_wins_1p2"":0,""any_speed_wins"":0}"
frontier_by_comparator,continuum,rank1,direct_fno,32,,,"[32,64]",,,0.0002,0.0002,both reference-uncertainty-inclusive RMS and maximum error must meet target before cost ranking,24,288,"[""continuum/rank1/n32/seed3600011"",""continuum/rank1/n32/seed3600021"",""continuum/rank1/n32/seed3600031""]","[""continuum/direct_fno/n32/seed3600011"",""continuum/direct_fno/n32/seed3600021"",""continuum/direct_fno/n32/seed3600031""]","{""primary"":[[0.02,0.04,0.06],[0.06,0.04,0.02],[0.03,0.03,0.03,0.03],[0.04,0.08,0.12],[0.12,0.08,0.04]],""classical_extra_uniform_steps"":[1,2,4,8],""classical_extra_horizons"":[0.12,0.24]}",results/frontier-full-review/learning-review.json,/frontier_by_comparator/56,"{""track"":""continuum"",""train_count"":32,""comparator"":""direct_fno"",""target"":0.0002,""all_cells"":288,""eligible_cells"":0,""eligibility"":{""CONTROL_INFEASIBLE"":288},""candidate_feasible"":288,""control_feasible"":0,""median_speed_ratio"":null,""geomean_speed_ratio"":null,""practical_speed_wins_1p2"":0,""any_speed_wins"":0}"
frontier_by_comparator,continuum,rank1,analytic_quad,32,,,"[32,64]",,,0.0002,0.0002,both reference-uncertainty-inclusive RMS and maximum error must meet target before cost ranking,24,288,"[""continuum/rank1/n32/seed3600011"",""continuum/rank1/n32/seed3600021"",""continuum/rank1/n32/seed3600031""]","[""continuum/analytic_quad/n0/seedNone""]","{""primary"":[[0.02,0.04,0.06],[0.06,0.04,0.02],[0.03,0.03,0.03,0.03],[0.04,0.08,0.12],[0.12,0.08,0.04]],""classical_extra_uniform_steps"":[1,2,4,8],""classical_extra_horizons"":[0.12,0.24]}",results/frontier-full-review/learning-review.json,/frontier_by_comparator/57,"{""track"":""continuum"",""train_count"":32,""comparator"":""analytic_quad"",""target"":0.0002,""all_cells"":288,""eligible_cells"":288,""eligibility"":{""ELIGIBLE"":288},""candidate_feasible"":288,""control_feasible"":288,""median_speed_ratio"":0.39338795666791426,""geomean_speed_ratio"":0.44211890699705514,""practical_speed_wins_1p2"":0,""any_speed_wins"":0}"
frontier_by_comparator,continuum,rank1,analytic_quad_cubic,32,,,"[32,64]",,,0.0002,0.0002,both reference-uncertainty-inclusive RMS and maximum error must meet target before cost ranking,24,288,"[""continuum/rank1/n32/seed3600011"",""continuum/rank1/n32/seed3600021"",""continuum/rank1/n32/seed3600031""]","[""continuum/analytic_quad_cubic/n0/seedNone""]","{""primary"":[[0.02,0.04,0.06],[0.06,0.04,0.02],[0.03,0.03,0.03,0.03],[0.04,0.08,0.12],[0.12,0.08,0.04]],""classical_extra_uniform_steps"":[1,2,4,8],""classical_extra_horizons"":[0.12,0.24]}",results/frontier-full-review/learning-review.json,/frontier_by_comparator/58,"{""track"":""continuum"",""train_count"":32,""comparator"":""analytic_quad_cubic"",""target"":0.0002,""all_cells"":288,""eligible_cells"":288,""eligibility"":{""ELIGIBLE"":288},""candidate_feasible"":288,""control_feasible"":288,""median_speed_ratio"":1.246972448199611,""geomean_speed_ratio"":1.2851780052951116,""practical_speed_wins_1p2"":255,""any_speed_wins"":288}"
frontier_by_comparator,continuum,rank1,strongest_classical,32,,,"[32,64]",,,0.0002,0.0002,both reference-uncertainty-inclusive RMS and maximum error must meet target before cost ranking,24,288,"[""continuum/rank1/n32/seed3600011"",""continuum/rank1/n32/seed3600021"",""continuum/rank1/n32/seed3600031""]","[""continuum/analytic_quad/n0/seedNone"",""continuum/analytic_quad_cubic/n0/seedNone"",""continuum/df/n0/seedNone"",""continuum/etdrk4/n0/seedNone""]","{""primary"":[[0.02,0.04,0.06],[0.06,0.04,0.02],[0.03,0.03,0.03,0.03],[0.04,0.08,0.12],[0.12,0.08,0.04]],""classical_extra_uniform_steps"":[1,2,4,8],""classical_extra_horizons"":[0.12,0.24]}",results/frontier-full-review/learning-review.json,/frontier_by_comparator/59,"{""track"":""continuum"",""train_count"":32,""comparator"":""strongest_classical"",""target"":0.0002,""all_cells"":288,""eligible_cells"":288,""eligibility"":{""ELIGIBLE"":288},""candidate_feasible"":288,""control_feasible"":288,""median_speed_ratio"":0.07089698039064123,""geomean_speed_ratio"":0.10862080867336119,""practical_speed_wins_1p2"":0,""any_speed_wins"":0}"
frontier_by_comparator,continuum,rank1,fno_small,32,,,"[32,64]",,,2e-05,2e-05,both reference-uncertainty-inclusive RMS and maximum error must meet target before cost ranking,24,288,"[""continuum/rank1/n32/seed3600011"",""continuum/rank1/n32/seed3600021"",""continuum/rank1/n32/seed3600031""]","[""continuum/fno_small/n32/seed3600011"",""continuum/fno_small/n32/seed3600021"",""continuum/fno_small/n32/seed3600031""]","{""primary"":[[0.02,0.04,0.06],[0.06,0.04,0.02],[0.03,0.03,0.03,0.03],[0.04,0.08,0.12],[0.12,0.08,0.04]],""classical_extra_uniform_steps"":[1,2,4,8],""classical_extra_horizons"":[0.12,0.24]}",results/frontier-full-review/learning-review.json,/frontier_by_comparator/60,"{""track"":""continuum"",""train_count"":32,""comparator"":""fno_small"",""target"":2e-05,""all_cells"":288,""eligible_cells"":155,""eligibility"":{""ELIGIBLE"":155,""CONTROL_INFEASIBLE"":121,""BOTH_INFEASIBLE"":12},""candidate_feasible"":276,""control_feasible"":155,""median_speed_ratio"":0.7351739648898962,""geomean_speed_ratio"":0.7541780941928983,""practical_speed_wins_1p2"":0,""any_speed_wins"":1}"
frontier_by_comparator,continuum,rank1,fno_standard,32,,,"[32,64]",,,2e-05,2e-05,both reference-uncertainty-inclusive RMS and maximum error must meet target before cost ranking,24,288,"[""continuum/rank1/n32/seed3600011"",""continuum/rank1/n32/seed3600021"",""continuum/rank1/n32/seed3600031""]","[""continuum/fno_standard/n32/seed3600011"",""continuum/fno_standard/n32/seed3600021"",""continuum/fno_standard/n32/seed3600031""]","{""primary"":[[0.02,0.04,0.06],[0.06,0.04,0.02],[0.03,0.03,0.03,0.03],[0.04,0.08,0.12],[0.12,0.08,0.04]],""classical_extra_uniform_steps"":[1,2,4,8],""classical_extra_horizons"":[0.12,0.24]}",results/frontier-full-review/learning-review.json,/frontier_by_comparator/61,"{""track"":""continuum"",""train_count"":32,""comparator"":""fno_standard"",""target"":2e-05,""all_cells"":288,""eligible_cells"":155,""eligibility"":{""ELIGIBLE"":155,""CONTROL_INFEASIBLE"":121,""BOTH_INFEASIBLE"":12},""candidate_feasible"":276,""control_feasible"":155,""median_speed_ratio"":0.7933637797406001,""geomean_speed_ratio"":0.810048706641675,""practical_speed_wins_1p2"":0,""any_speed_wins"":12}"
frontier_by_comparator,continuum,rank1,direct_fno,32,,,"[32,64]",,,2e-05,2e-05,both reference-uncertainty-inclusive RMS and maximum error must meet target before cost ranking,24,288,"[""continuum/rank1/n32/seed3600011"",""continuum/rank1/n32/seed3600021"",""continuum/rank1/n32/seed3600031""]","[""continuum/direct_fno/n32/seed3600011"",""continuum/direct_fno/n32/seed3600021"",""continuum/direct_fno/n32/seed3600031""]","{""primary"":[[0.02,0.04,0.06],[0.06,0.04,0.02],[0.03,0.03,0.03,0.03],[0.04,0.08,0.12],[0.12,0.08,0.04]],""classical_extra_uniform_steps"":[1,2,4,8],""classical_extra_horizons"":[0.12,0.24]}",results/frontier-full-review/learning-review.json,/frontier_by_comparator/62,"{""track"":""continuum"",""train_count"":32,""comparator"":""direct_fno"",""target"":2e-05,""all_cells"":288,""eligible_cells"":0,""eligibility"":{""CONTROL_INFEASIBLE"":276,""BOTH_INFEASIBLE"":12},""candidate_feasible"":276,""control_feasible"":0,""median_speed_ratio"":null,""geomean_speed_ratio"":null,""practical_speed_wins_1p2"":0,""any_speed_wins"":0}"
frontier_by_comparator,continuum,rank1,analytic_quad,32,,,"[32,64]",,,2e-05,2e-05,both reference-uncertainty-inclusive RMS and maximum error must meet target before cost ranking,24,288,"[""continuum/rank1/n32/seed3600011"",""continuum/rank1/n32/seed3600021"",""continuum/rank1/n32/seed3600031""]","[""continuum/analytic_quad/n0/seedNone""]","{""primary"":[[0.02,0.04,0.06],[0.06,0.04,0.02],[0.03,0.03,0.03,0.03],[0.04,0.08,0.12],[0.12,0.08,0.04]],""classical_extra_uniform_steps"":[1,2,4,8],""classical_extra_horizons"":[0.12,0.24]}",results/frontier-full-review/learning-review.json,/frontier_by_comparator/63,"{""track"":""continuum"",""train_count"":32,""comparator"":""analytic_quad"",""target"":2e-05,""all_cells"":288,""eligible_cells"":276,""eligibility"":{""ELIGIBLE"":276,""CANDIDATE_INFEASIBLE"":12},""candidate_feasible"":276,""control_feasible"":288,""median_speed_ratio"":0.3914361235800671,""geomean_speed_ratio"":0.4634446469082496,""practical_speed_wins_1p2"":0,""any_speed_wins"":3}"
frontier_by_comparator,continuum,rank1,analytic_quad_cubic,32,,,"[32,64]",,,2e-05,2e-05,both reference-uncertainty-inclusive RMS and maximum error must meet target before cost ranking,24,288,"[""continuum/rank1/n32/seed3600011"",""continuum/rank1/n32/seed3600021"",""continuum/rank1/n32/seed3600031""]","[""continuum/analytic_quad_cubic/n0/seedNone""]","{""primary"":[[0.02,0.04,0.06],[0.06,0.04,0.02],[0.03,0.03,0.03,0.03],[0.04,0.08,0.12],[0.12,0.08,0.04]],""classical_extra_uniform_steps"":[1,2,4,8],""classical_extra_horizons"":[0.12,0.24]}",results/frontier-full-review/learning-review.json,/frontier_by_comparator/64,"{""track"":""continuum"",""train_count"":32,""comparator"":""analytic_quad_cubic"",""target"":2e-05,""all_cells"":288,""eligible_cells"":276,""eligibility"":{""ELIGIBLE"":276,""CANDIDATE_INFEASIBLE"":12},""candidate_feasible"":276,""control_feasible"":288,""median_speed_ratio"":1.2435220517083383,""geomean_speed_ratio"":1.3325215908068102,""practical_speed_wins_1p2"":243,""any_speed_wins"":276}"
frontier_by_comparator,continuum,rank1,strongest_classical,32,,,"[32,64]",,,2e-05,2e-05,both reference-uncertainty-inclusive RMS and maximum error must meet target before cost ranking,24,288,"[""continuum/rank1/n32/seed3600011"",""continuum/rank1/n32/seed3600021"",""continuum/rank1/n32/seed3600031""]","[""continuum/analytic_quad/n0/seedNone"",""continuum/analytic_quad_cubic/n0/seedNone"",""continuum/df/n0/seedNone"",""continuum/etdrk4/n0/seedNone""]","{""primary"":[[0.02,0.04,0.06],[0.06,0.04,0.02],[0.03,0.03,0.03,0.03],[0.04,0.08,0.12],[0.12,0.08,0.04]],""classical_extra_uniform_steps"":[1,2,4,8],""classical_extra_horizons"":[0.12,0.24]}",results/frontier-full-review/learning-review.json,/frontier_by_comparator/65,"{""track"":""continuum"",""train_count"":32,""comparator"":""strongest_classical"",""target"":2e-05,""all_cells"":288,""eligible_cells"":276,""eligibility"":{""ELIGIBLE"":276,""CANDIDATE_INFEASIBLE"":12},""candidate_feasible"":276,""control_feasible"":288,""median_speed_ratio"":0.1635288028775327,""geomean_speed_ratio"":0.17445460851186162,""practical_speed_wins_1p2"":0,""any_speed_wins"":0}"
frontier_by_comparator,continuum,rank1,fno_small,32,,,"[32,64]",,,2e-06,2e-06,both reference-uncertainty-inclusive RMS and maximum error must meet target before cost ranking,24,288,"[""continuum/rank1/n32/seed3600011"",""continuum/rank1/n32/seed3600021"",""continuum/rank1/n32/seed3600031""]","[""continuum/fno_small/n32/seed3600011"",""continuum/fno_small/n32/seed3600021"",""continuum/fno_small/n32/seed3600031""]","{""primary"":[[0.02,0.04,0.06],[0.06,0.04,0.02],[0.03,0.03,0.03,0.03],[0.04,0.08,0.12],[0.12,0.08,0.04]],""classical_extra_uniform_steps"":[1,2,4,8],""classical_extra_horizons"":[0.12,0.24]}",results/frontier-full-review/learning-review.json,/frontier_by_comparator/66,"{""track"":""continuum"",""train_count"":32,""comparator"":""fno_small"",""target"":2e-06,""all_cells"":288,""eligible_cells"":31,""eligibility"":{""ELIGIBLE"":31,""CONTROL_INFEASIBLE"":153,""BOTH_INFEASIBLE"":104},""candidate_feasible"":184,""control_feasible"":31,""median_speed_ratio"":0.9771945420825204,""geomean_speed_ratio"":0.9268522463993706,""practical_speed_wins_1p2"":0,""any_speed_wins"":4}"
frontier_by_comparator,continuum,rank1,fno_standard,32,,,"[32,64]",,,2e-06,2e-06,both reference-uncertainty-inclusive RMS and maximum error must meet target before cost ranking,24,288,"[""continuum/rank1/n32/seed3600011"",""continuum/rank1/n32/seed3600021"",""continuum/rank1/n32/seed3600031""]","[""continuum/fno_standard/n32/seed3600011"",""continuum/fno_standard/n32/seed3600021"",""continuum/fno_standard/n32/seed3600031""]","{""primary"":[[0.02,0.04,0.06],[0.06,0.04,0.02],[0.03,0.03,0.03,0.03],[0.04,0.08,0.12],[0.12,0.08,0.04]],""classical_extra_uniform_steps"":[1,2,4,8],""classical_extra_horizons"":[0.12,0.24]}",results/frontier-full-review/learning-review.json,/frontier_by_comparator/67,"{""track"":""continuum"",""train_count"":32,""comparator"":""fno_standard"",""target"":2e-06,""all_cells"":288,""eligible_cells"":21,""eligibility"":{""CONTROL_INFEASIBLE"":163,""BOTH_INFEASIBLE"":104,""ELIGIBLE"":21},""candidate_feasible"":184,""control_feasible"":21,""median_speed_ratio"":1.0261297042574442,""geomean_speed_ratio"":0.9241830923648647,""practical_speed_wins_1p2"":0,""any_speed_wins"":11}"
frontier_by_comparator,continuum,rank1,direct_fno,32,,,"[32,64]",,,2e-06,2e-06,both reference-uncertainty-inclusive RMS and maximum error must meet target before cost ranking,24,288,"[""continuum/rank1/n32/seed3600011"",""continuum/rank1/n32/seed3600021"",""continuum/rank1/n32/seed3600031""]","[""continuum/direct_fno/n32/seed3600011"",""continuum/direct_fno/n32/seed3600021"",""continuum/direct_fno/n32/seed3600031""]","{""primary"":[[0.02,0.04,0.06],[0.06,0.04,0.02],[0.03,0.03,0.03,0.03],[0.04,0.08,0.12],[0.12,0.08,0.04]],""classical_extra_uniform_steps"":[1,2,4,8],""classical_extra_horizons"":[0.12,0.24]}",results/frontier-full-review/learning-review.json,/frontier_by_comparator/68,"{""track"":""continuum"",""train_count"":32,""comparator"":""direct_fno"",""target"":2e-06,""all_cells"":288,""eligible_cells"":0,""eligibility"":{""CONTROL_INFEASIBLE"":184,""BOTH_INFEASIBLE"":104},""candidate_feasible"":184,""control_feasible"":0,""median_speed_ratio"":null,""geomean_speed_ratio"":null,""practical_speed_wins_1p2"":0,""any_speed_wins"":0}"
frontier_by_comparator,continuum,rank1,analytic_quad,32,,,"[32,64]",,,2e-06,2e-06,both reference-uncertainty-inclusive RMS and maximum error must meet target before cost ranking,24,288,"[""continuum/rank1/n32/seed3600011"",""continuum/rank1/n32/seed3600021"",""continuum/rank1/n32/seed3600031""]","[""continuum/analytic_quad/n0/seedNone""]","{""primary"":[[0.02,0.04,0.06],[0.06,0.04,0.02],[0.03,0.03,0.03,0.03],[0.04,0.08,0.12],[0.12,0.08,0.04]],""classical_extra_uniform_steps"":[1,2,4,8],""classical_extra_horizons"":[0.12,0.24]}",results/frontier-full-review/learning-review.json,/frontier_by_comparator/69,"{""track"":""continuum"",""train_count"":32,""comparator"":""analytic_quad"",""target"":2e-06,""all_cells"":288,""eligible_cells"":184,""eligibility"":{""ELIGIBLE"":184,""CANDIDATE_INFEASIBLE"":98,""BOTH_INFEASIBLE"":6},""candidate_feasible"":184,""control_feasible"":282,""median_speed_ratio"":0.6509503397174348,""geomean_speed_ratio"":0.5804595680959417,""practical_speed_wins_1p2"":0,""any_speed_wins"":32}"
frontier_by_comparator,continuum,rank1,analytic_quad_cubic,32,,,"[32,64]",,,2e-06,2e-06,both reference-uncertainty-inclusive RMS and maximum error must meet target before cost ranking,24,288,"[""continuum/rank1/n32/seed3600011"",""continuum/rank1/n32/seed3600021"",""continuum/rank1/n32/seed3600031""]","[""continuum/analytic_quad_cubic/n0/seedNone""]","{""primary"":[[0.02,0.04,0.06],[0.06,0.04,0.02],[0.03,0.03,0.03,0.03],[0.04,0.08,0.12],[0.12,0.08,0.04]],""classical_extra_uniform_steps"":[1,2,4,8],""classical_extra_horizons"":[0.12,0.24]}",results/frontier-full-review/learning-review.json,/frontier_by_comparator/70,"{""track"":""continuum"",""train_count"":32,""comparator"":""analytic_quad_cubic"",""target"":2e-06,""all_cells"":288,""eligible_cells"":184,""eligibility"":{""ELIGIBLE"":184,""CANDIDATE_INFEASIBLE"":104},""candidate_feasible"":184,""control_feasible"":288,""median_speed_ratio"":1.2386636707704137,""geomean_speed_ratio"":1.5011930248830645,""practical_speed_wins_1p2"":153,""any_speed_wins"":178}"
frontier_by_comparator,continuum,rank1,strongest_classical,32,,,"[32,64]",,,2e-06,2e-06,both reference-uncertainty-inclusive RMS and maximum error must meet target before cost ranking,24,288,"[""continuum/rank1/n32/seed3600011"",""continuum/rank1/n32/seed3600021"",""continuum/rank1/n32/seed3600031""]","[""continuum/analytic_quad/n0/seedNone"",""continuum/analytic_quad_cubic/n0/seedNone"",""continuum/df/n0/seedNone"",""continuum/etdrk4/n0/seedNone""]","{""primary"":[[0.02,0.04,0.06],[0.06,0.04,0.02],[0.03,0.03,0.03,0.03],[0.04,0.08,0.12],[0.12,0.08,0.04]],""classical_extra_uniform_steps"":[1,2,4,8],""classical_extra_horizons"":[0.12,0.24]}",results/frontier-full-review/learning-review.json,/frontier_by_comparator/71,"{""track"":""continuum"",""train_count"":32,""comparator"":""strongest_classical"",""target"":2e-06,""all_cells"":288,""eligible_cells"":184,""eligibility"":{""ELIGIBLE"":184,""CANDIDATE_INFEASIBLE"":104},""candidate_feasible"":184,""control_feasible"":288,""median_speed_ratio"":0.24689456357456666,""geomean_speed_ratio"":0.21187761483932527,""practical_speed_wins_1p2"":0,""any_speed_wins"":15}"
fixed_policy_cell_frontiers,discrete,rank1,analytic_quad,32,3600011,32,[32],0.12,,2e-05,2e-05,both reference-uncertainty-inclusive RMS and maximum error must meet target before cost ranking,24,24,"[""discrete/rank1/n32/seed3600011""]","[""discrete/analytic_quad/n0/seedNone""]","{""primary"":[[0.02,0.04,0.06],[0.06,0.04,0.02],[0.03,0.03,0.03,0.03]],""classical_extra_uniform_steps"":[1,2,4,8],""classical_extra_horizons"":[0.12]}",results/frontier-full-review/learning-review.json,/fixed_policy_cell_frontiers/0,"{""track"":""discrete"",""competitor"":""analytic_quad"",""grid"":32,""final_time"":0.12,""seed"":3600011,""train_count"":32,""target"":2e-05,""all_cells"":24,""eligible_cells"":24,""eligible_gm_speed_ratio"":0.3942652686776376,""median_speed_ratio"":0.35924045316470643,""speed_ci95"":[0.3656774218271662,0.43389546015745895],""candidate_schedule_counts"":{""schedule-0"":18,""schedule-1"":6},""competitor_schedule_counts"":{""classical-uniform-T0.12-steps1"":21,""classical-uniform-T0.12-steps2"":3},""candidate_median_ms"":5.925282996031456,""control_median_ms"":2.124850492691621,""candidate_feasible"":24,""control_feasible"":24}"
fixed_policy_cell_frontiers,discrete,rank1,analytic_quad_cubic,32,3600011,32,[32],0.12,,2e-05,2e-05,both reference-uncertainty-inclusive RMS and maximum error must meet target before cost ranking,24,24,"[""discrete/rank1/n32/seed3600011""]","[""discrete/analytic_quad_cubic/n0/seedNone""]","{""primary"":[[0.02,0.04,0.06],[0.06,0.04,0.02],[0.03,0.03,0.03,0.03]],""classical_extra_uniform_steps"":[1,2,4,8],""classical_extra_horizons"":[0.12]}",results/frontier-full-review/learning-review.json,/fixed_policy_cell_frontiers/1,"{""track"":""discrete"",""competitor"":""analytic_quad_cubic"",""grid"":32,""final_time"":0.12,""seed"":3600011,""train_count"":32,""target"":2e-05,""all_cells"":24,""eligible_cells"":24,""eligible_gm_speed_ratio"":1.3003173677571187,""median_speed_ratio"":1.2513410232458586,""speed_ci95"":[1.2473889051982057,1.3833826175267785],""candidate_schedule_counts"":{""schedule-0"":18,""schedule-1"":6},""competitor_schedule_counts"":{""classical-uniform-T0.12-steps1"":23,""classical-uniform-T0.12-steps2"":1},""candidate_median_ms"":5.925282996031456,""control_median_ms"":7.4368069908814505,""candidate_feasible"":24,""control_feasible"":24}"
fixed_policy_cell_frontiers,discrete,rank1,fno_small,32,3600011,32,[32],0.12,,2e-05,2e-05,both reference-uncertainty-inclusive RMS and maximum error must meet target before cost ranking,24,24,"[""discrete/rank1/n32/seed3600011""]","[""discrete/fno_small/n32/seed3600011""]","{""primary"":[[0.02,0.04,0.06],[0.06,0.04,0.02],[0.03,0.03,0.03,0.03]],""classical_extra_uniform_steps"":[1,2,4,8],""classical_extra_horizons"":[0.12]}",results/frontier-full-review/learning-review.json,/fixed_policy_cell_frontiers/2,"{""track"":""discrete"",""competitor"":""fno_small"",""grid"":32,""final_time"":0.12,""seed"":3600011,""train_count"":32,""target"":2e-05,""all_cells"":24,""eligible_cells"":18,""eligible_gm_speed_ratio"":0.7275322813179926,""median_speed_ratio"":0.6727575058626853,""speed_ci95"":[0.68138025021468,0.7844084611364204],""candidate_schedule_counts"":{""schedule-0"":14,""schedule-1"":4},""competitor_schedule_counts"":{""schedule-0"":7,""schedule-2"":6,""schedule-1"":5},""candidate_median_ms"":5.925282996031456,""control_median_ms"":4.0369155030930415,""candidate_feasible"":24,""control_feasible"":18}"
fixed_policy_cell_frontiers,discrete,rank1,fno_standard,32,3600011,32,[32],0.12,,2e-05,2e-05,both reference-uncertainty-inclusive RMS and maximum error must meet target before cost ranking,24,24,"[""discrete/rank1/n32/seed3600011""]","[""discrete/fno_standard/n32/seed3600011""]","{""primary"":[[0.02,0.04,0.06],[0.06,0.04,0.02],[0.03,0.03,0.03,0.03]],""classical_extra_uniform_steps"":[1,2,4,8],""classical_extra_horizons"":[0.12]}",results/frontier-full-review/learning-review.json,/fixed_policy_cell_frontiers/3,"{""track"":""discrete"",""competitor"":""fno_standard"",""grid"":32,""final_time"":0.12,""seed"":3600011,""train_count"":32,""target"":2e-05,""all_cells"":24,""eligible_cells"":19,""eligible_gm_speed_ratio"":0.941009875092425,""median_speed_ratio"":0.9266540921214943,""speed_ci95"":[0.9199035132532023,0.9780718505170101],""candidate_schedule_counts"":{""schedule-0"":14,""schedule-1"":5},""competitor_schedule_counts"":{""schedule-0"":11,""schedule-1"":7,""schedule-2"":1},""candidate_median_ms"":5.928068014327437,""control_median_ms"":5.490666022524238,""candidate_feasible"":24,""control_feasible"":19}"
fixed_policy_cell_frontiers,discrete,rank1,strongest_classical,32,3600011,32,[32],0.12,,2e-05,2e-05,both reference-uncertainty-inclusive RMS and maximum error must meet target before cost ranking,24,24,"[""discrete/rank1/n32/seed3600011""]","[""discrete/analytic_quad/n0/seedNone"",""discrete/analytic_quad_cubic/n0/seedNone"",""discrete/df/n0/seedNone"",""discrete/etdrk4/n0/seedNone""]","{""primary"":[[0.02,0.04,0.06],[0.06,0.04,0.02],[0.03,0.03,0.03,0.03]],""classical_extra_uniform_steps"":[1,2,4,8],""classical_extra_horizons"":[0.12]}",results/frontier-full-review/learning-review.json,/fixed_policy_cell_frontiers/4,"{""track"":""discrete"",""competitor"":""strongest_classical"",""grid"":32,""final_time"":0.12,""seed"":3600011,""train_count"":32,""target"":2e-05,""all_cells"":24,""eligible_cells"":24,""eligible_gm_speed_ratio"":0.12081663020172806,""median_speed_ratio"":0.09648273710208347,""speed_ci95"":[0.09764976110643338,0.15147336671909323],""candidate_schedule_counts"":{""schedule-0"":18,""schedule-1"":6},""competitor_schedule_counts"":{""classical-uniform-T0.12-steps1"":12,""classical-uniform-T0.12-steps2"":3,""schedule-0"":5,""classical-uniform-T0.12-steps8"":1,""schedule-2"":3},""candidate_median_ms"":5.925282996031456,""control_median_ms"":0.5840405210619792,""candidate_feasible"":24,""control_feasible"":24}"
fixed_policy_cell_frontiers,continuum,rank1,analytic_quad,32,3600011,32,[32],0.12,,2e-05,2e-05,both reference-uncertainty-inclusive RMS and maximum error must meet target before cost ranking,24,24,"[""continuum/rank1/n32/seed3600011""]","[""continuum/analytic_quad/n0/seedNone""]","{""primary"":[[0.02,0.04,0.06],[0.06,0.04,0.02],[0.03,0.03,0.03,0.03]],""classical_extra_uniform_steps"":[1,2,4,8],""classical_extra_horizons"":[0.12]}",results/frontier-full-review/learning-review.json,/fixed_policy_cell_frontiers/5,"{""track"":""continuum"",""competitor"":""analytic_quad"",""grid"":32,""final_time"":0.12,""seed"":3600011,""train_count"":32,""target"":2e-05,""all_cells"":24,""eligible_cells"":24,""eligible_gm_speed_ratio"":0.4443199788756705,""median_speed_ratio"":0.3987019212195374,""speed_ci95"":[0.4045955696165191,0.4980830794454888],""candidate_schedule_counts"":{""schedule-0"":13,""schedule-1"":11},""competitor_schedule_counts"":{""classical-uniform-T0.12-steps1"":20,""classical-uniform-T0.12-steps2"":4},""candidate_median_ms"":29.82593201159034,""control_median_ms"":11.876763514010236,""candidate_feasible"":24,""control_feasible"":24}"
fixed_policy_cell_frontiers,continuum,rank1,analytic_quad_cubic,32,3600011,32,[32],0.12,,2e-05,2e-05,both reference-uncertainty-inclusive RMS and maximum error must meet target before cost ranking,24,24,"[""continuum/rank1/n32/seed3600011""]","[""continuum/analytic_quad_cubic/n0/seedNone""]","{""primary"":[[0.02,0.04,0.06],[0.06,0.04,0.02],[0.03,0.03,0.03,0.03]],""classical_extra_uniform_steps"":[1,2,4,8],""classical_extra_horizons"":[0.12]}",results/frontier-full-review/learning-review.json,/fixed_policy_cell_frontiers/6,"{""track"":""continuum"",""competitor"":""analytic_quad_cubic"",""grid"":32,""final_time"":0.12,""seed"":3600011,""train_count"":32,""target"":2e-05,""all_cells"":24,""eligible_cells"":24,""eligible_gm_speed_ratio"":1.3263507104850476,""median_speed_ratio"":1.2461714506266457,""speed_ci95"":[1.241322967415927,1.4457116469615874],""candidate_schedule_counts"":{""schedule-0"":13,""schedule-1"":11},""competitor_schedule_counts"":{""classical-uniform-T0.12-steps1"":22,""classical-uniform-T0.12-steps2"":2},""candidate_median_ms"":29.82593201159034,""control_median_ms"":37.331097992137074,""candidate_feasible"":24,""control_feasible"":24}"
fixed_policy_cell_frontiers,continuum,rank1,fno_small,32,3600011,32,[32],0.12,,2e-05,2e-05,both reference-uncertainty-inclusive RMS and maximum error must meet target before cost ranking,24,24,"[""continuum/rank1/n32/seed3600011""]","[""continuum/fno_small/n32/seed3600011""]","{""primary"":[[0.02,0.04,0.06],[0.06,0.04,0.02],[0.03,0.03,0.03,0.03]],""classical_extra_uniform_steps"":[1,2,4,8],""classical_extra_horizons"":[0.12]}",results/frontier-full-review/learning-review.json,/fixed_policy_cell_frontiers/7,"{""track"":""continuum"",""competitor"":""fno_small"",""grid"":32,""final_time"":0.12,""seed"":3600011,""train_count"":32,""target"":2e-05,""all_cells"":24,""eligible_cells"":19,""eligible_gm_speed_ratio"":0.7844075908708058,""median_speed_ratio"":0.7362690839056857,""speed_ci95"":[0.7435931475707259,0.8389786729468355],""candidate_schedule_counts"":{""schedule-0"":11,""schedule-1"":8},""competitor_schedule_counts"":{""schedule-0"":4,""schedule-1"":11,""schedule-2"":4},""candidate_median_ms"":29.77623901097104,""control_median_ms"":22.101740003563464,""candidate_feasible"":24,""control_feasible"":19}"
fixed_policy_cell_frontiers,continuum,rank1,fno_standard,32,3600011,32,[32],0.12,,2e-05,2e-05,both reference-uncertainty-inclusive RMS and maximum error must meet target before cost ranking,24,24,"[""continuum/rank1/n32/seed3600011""]","[""continuum/fno_standard/n32/seed3600011""]","{""primary"":[[0.02,0.04,0.06],[0.06,0.04,0.02],[0.03,0.03,0.03,0.03]],""classical_extra_uniform_steps"":[1,2,4,8],""classical_extra_horizons"":[0.12]}",results/frontier-full-review/learning-review.json,/fixed_policy_cell_frontiers/8,"{""track"":""continuum"",""competitor"":""fno_standard"",""grid"":32,""final_time"":0.12,""seed"":3600011,""train_count"":32,""target"":2e-05,""all_cells"":24,""eligible_cells"":20,""eligible_gm_speed_ratio"":0.8050340165932603,""median_speed_ratio"":0.7942750992628772,""speed_ci95"":[0.7902215497872372,0.8317758179410076],""candidate_schedule_counts"":{""schedule-0"":11,""schedule-1"":9},""competitor_schedule_counts"":{""schedule-0"":9,""schedule-1"":10,""schedule-2"":1},""candidate_median_ms"":29.72709150344599,""control_median_ms"":23.72472449496854,""candidate_feasible"":24,""control_feasible"":20}"
fixed_policy_cell_frontiers,continuum,rank1,strongest_classical,32,3600011,32,[32],0.12,,2e-05,2e-05,both reference-uncertainty-inclusive RMS and maximum error must meet target before cost ranking,24,24,"[""continuum/rank1/n32/seed3600011""]","[""continuum/analytic_quad/n0/seedNone"",""continuum/analytic_quad_cubic/n0/seedNone"",""continuum/df/n0/seedNone"",""continuum/etdrk4/n0/seedNone""]","{""primary"":[[0.02,0.04,0.06],[0.06,0.04,0.02],[0.03,0.03,0.03,0.03]],""classical_extra_uniform_steps"":[1,2,4,8],""classical_extra_horizons"":[0.12]}",results/frontier-full-review/learning-review.json,/fixed_policy_cell_frontiers/9,"{""track"":""continuum"",""competitor"":""strongest_classical"",""grid"":32,""final_time"":0.12,""seed"":3600011,""train_count"":32,""target"":2e-05,""all_cells"":24,""eligible_cells"":24,""eligible_gm_speed_ratio"":0.14610548639771961,""median_speed_ratio"":0.1294073131456802,""speed_ci95"":[0.10934097757609929,0.19789122820576047],""candidate_schedule_counts"":{""schedule-0"":13,""schedule-1"":11},""competitor_schedule_counts"":{""classical-uniform-T0.12-steps1"":9,""schedule-2"":4,""classical-uniform-T0.12-steps2"":5,""schedule-0"":1,""schedule-1"":2,""classical-uniform-T0.12-steps8"":3},""candidate_median_ms"":29.82593201159034,""control_median_ms"":3.945470991311595,""candidate_feasible"":24,""control_feasible"":24}"
data_efficiency,discrete,rank1,rank1,,,,"[32,64]",,,2e-05,2e-05,feasibility/pass counts only; error/cost ratios are descriptive across matching primary schedules,24,720,"[""discrete/rank1/n32/seed3600011"",""discrete/rank1/n32/seed3600021"",""discrete/rank1/n32/seed3600031""]","[""discrete/rank1/n8/seed3600011"",""discrete/rank1/n8/seed3600021"",""discrete/rank1/n8/seed3600031""]","{""primary"":[[0.02,0.04,0.06],[0.06,0.04,0.02],[0.03,0.03,0.03,0.03],[0.04,0.08,0.12],[0.12,0.08,0.04]]}",results/frontier-full-review/learning-review.json,/data_efficiency/0,"{""family"":""rank1"",""track"":""discrete"",""paired_rows"":720,""error_n8_over_n32"":0.9319739899572287,""larger_subset_better_rows"":296}"
data_efficiency,discrete,rank1_postcompression,rank1_postcompression,,,,"[32,64]",,,2e-05,2e-05,feasibility/pass counts only; error/cost ratios are descriptive across matching primary schedules,24,720,"[""discrete/rank1_postcompression/n32/seed3600011"",""discrete/rank1_postcompression/n32/seed3600021"",""discrete/rank1_postcompression/n32/seed3600031""]","[""discrete/rank1_postcompression/n8/seed3600011"",""discrete/rank1_postcompression/n8/seed3600021"",""discrete/rank1_postcompression/n8/seed3600031""]","{""primary"":[[0.02,0.04,0.06],[0.06,0.04,0.02],[0.03,0.03,0.03,0.03],[0.04,0.08,0.12],[0.12,0.08,0.04]]}",results/frontier-full-review/learning-review.json,/data_efficiency/1,"{""family"":""rank1_postcompression"",""track"":""discrete"",""paired_rows"":720,""error_n8_over_n32"":1.16917963426632,""larger_subset_better_rows"":395}"
data_efficiency,discrete,rank1_frozen,rank1_frozen,,,,"[32,64]",,,2e-05,2e-05,feasibility/pass counts only; error/cost ratios are descriptive across matching primary schedules,24,720,"[""discrete/rank1_frozen/n32/seed3600011"",""discrete/rank1_frozen/n32/seed3600021"",""discrete/rank1_frozen/n32/seed3600031""]","[""discrete/rank1_frozen/n8/seed3600011"",""discrete/rank1_frozen/n8/seed3600021"",""discrete/rank1_frozen/n8/seed3600031""]","{""primary"":[[0.02,0.04,0.06],[0.06,0.04,0.02],[0.03,0.03,0.03,0.03],[0.04,0.08,0.12],[0.12,0.08,0.04]]}",results/frontier-full-review/learning-review.json,/data_efficiency/2,"{""family"":""rank1_frozen"",""track"":""discrete"",""paired_rows"":720,""error_n8_over_n32"":1.0,""larger_subset_better_rows"":0}"
data_efficiency,discrete,fno_small,fno_small,,,,"[32,64]",,,2e-05,2e-05,feasibility/pass counts only; error/cost ratios are descriptive across matching primary schedules,24,720,"[""discrete/fno_small/n32/seed3600011"",""discrete/fno_small/n32/seed3600021"",""discrete/fno_small/n32/seed3600031""]","[""discrete/fno_small/n8/seed3600011"",""discrete/fno_small/n8/seed3600021"",""discrete/fno_small/n8/seed3600031""]","{""primary"":[[0.02,0.04,0.06],[0.06,0.04,0.02],[0.03,0.03,0.03,0.03],[0.04,0.08,0.12],[0.12,0.08,0.04]]}",results/frontier-full-review/learning-review.json,/data_efficiency/3,"{""family"":""fno_small"",""track"":""discrete"",""paired_rows"":720,""error_n8_over_n32"":0.7702492900729433,""larger_subset_better_rows"":264}"
data_efficiency,discrete,fno_standard,fno_standard,,,,"[32,64]",,,2e-05,2e-05,feasibility/pass counts only; error/cost ratios are descriptive across matching primary schedules,24,720,"[""discrete/fno_standard/n32/seed3600011"",""discrete/fno_standard/n32/seed3600021"",""discrete/fno_standard/n32/seed3600031""]","[""discrete/fno_standard/n8/seed3600011"",""discrete/fno_standard/n8/seed3600021"",""discrete/fno_standard/n8/seed3600031""]","{""primary"":[[0.02,0.04,0.06],[0.06,0.04,0.02],[0.03,0.03,0.03,0.03],[0.04,0.08,0.12],[0.12,0.08,0.04]]}",results/frontier-full-review/learning-review.json,/data_efficiency/4,"{""family"":""fno_standard"",""track"":""discrete"",""paired_rows"":720,""error_n8_over_n32"":0.7405576326276085,""larger_subset_better_rows"":237}"
data_efficiency,discrete,direct_fno,direct_fno,,,,"[32,64]",,,2e-05,2e-05,feasibility/pass counts only; error/cost ratios are descriptive across matching primary schedules,24,720,"[""discrete/direct_fno/n32/seed3600011"",""discrete/direct_fno/n32/seed3600021"",""discrete/direct_fno/n32/seed3600031""]","[""discrete/direct_fno/n8/seed3600011"",""discrete/direct_fno/n8/seed3600021"",""discrete/direct_fno/n8/seed3600031""]","{""primary"":[[0.02,0.04,0.06],[0.06,0.04,0.02],[0.03,0.03,0.03,0.03],[0.04,0.08,0.12],[0.12,0.08,0.04]]}",results/frontier-full-review/learning-review.json,/data_efficiency/5,"{""family"":""direct_fno"",""track"":""discrete"",""paired_rows"":720,""error_n8_over_n32"":1.0162198654722505,""larger_subset_better_rows"":320}"
data_efficiency,continuum,rank1,rank1,,,,"[32,64]",,,2e-05,2e-05,feasibility/pass counts only; error/cost ratios are descriptive across matching primary schedules,24,720,"[""continuum/rank1/n32/seed3600011"",""continuum/rank1/n32/seed3600021"",""continuum/rank1/n32/seed3600031""]","[""continuum/rank1/n8/seed3600011"",""continuum/rank1/n8/seed3600021"",""continuum/rank1/n8/seed3600031""]","{""primary"":[[0.02,0.04,0.06],[0.06,0.04,0.02],[0.03,0.03,0.03,0.03],[0.04,0.08,0.12],[0.12,0.08,0.04]]}",results/frontier-full-review/learning-review.json,/data_efficiency/6,"{""family"":""rank1"",""track"":""continuum"",""paired_rows"":720,""error_n8_over_n32"":0.8853564389334573,""larger_subset_better_rows"":335}"
data_efficiency,continuum,rank1_postcompression,rank1_postcompression,,,,"[32,64]",,,2e-05,2e-05,feasibility/pass counts only; error/cost ratios are descriptive across matching primary schedules,24,720,"[""continuum/rank1_postcompression/n32/seed3600011"",""continuum/rank1_postcompression/n32/seed3600021"",""continuum/rank1_postcompression/n32/seed3600031""]","[""continuum/rank1_postcompression/n8/seed3600011"",""continuum/rank1_postcompression/n8/seed3600021"",""continuum/rank1_postcompression/n8/seed3600031""]","{""primary"":[[0.02,0.04,0.06],[0.06,0.04,0.02],[0.03,0.03,0.03,0.03],[0.04,0.08,0.12],[0.12,0.08,0.04]]}",results/frontier-full-review/learning-review.json,/data_efficiency/7,"{""family"":""rank1_postcompression"",""track"":""continuum"",""paired_rows"":720,""error_n8_over_n32"":1.0699552760954043,""larger_subset_better_rows"":358}"
data_efficiency,continuum,rank1_frozen,rank1_frozen,,,,"[32,64]",,,2e-05,2e-05,feasibility/pass counts only; error/cost ratios are descriptive across matching primary schedules,24,720,"[""continuum/rank1_frozen/n32/seed3600011"",""continuum/rank1_frozen/n32/seed3600021"",""continuum/rank1_frozen/n32/seed3600031""]","[""continuum/rank1_frozen/n8/seed3600011"",""continuum/rank1_frozen/n8/seed3600021"",""continuum/rank1_frozen/n8/seed3600031""]","{""primary"":[[0.02,0.04,0.06],[0.06,0.04,0.02],[0.03,0.03,0.03,0.03],[0.04,0.08,0.12],[0.12,0.08,0.04]]}",results/frontier-full-review/learning-review.json,/data_efficiency/8,"{""family"":""rank1_frozen"",""track"":""continuum"",""paired_rows"":720,""error_n8_over_n32"":1.0,""larger_subset_better_rows"":0}"
data_efficiency,continuum,fno_small,fno_small,,,,"[32,64]",,,2e-05,2e-05,feasibility/pass counts only; error/cost ratios are descriptive across matching primary schedules,24,720,"[""continuum/fno_small/n32/seed3600011"",""continuum/fno_small/n32/seed3600021"",""continuum/fno_small/n32/seed3600031""]","[""continuum/fno_small/n8/seed3600011"",""continuum/fno_small/n8/seed3600021"",""continuum/fno_small/n8/seed3600031""]","{""primary"":[[0.02,0.04,0.06],[0.06,0.04,0.02],[0.03,0.03,0.03,0.03],[0.04,0.08,0.12],[0.12,0.08,0.04]]}",results/frontier-full-review/learning-review.json,/data_efficiency/9,"{""family"":""fno_small"",""track"":""continuum"",""paired_rows"":720,""error_n8_over_n32"":1.0764638773412438,""larger_subset_better_rows"":365}"
data_efficiency,continuum,fno_standard,fno_standard,,,,"[32,64]",,,2e-05,2e-05,feasibility/pass counts only; error/cost ratios are descriptive across matching primary schedules,24,720,"[""continuum/fno_standard/n32/seed3600011"",""continuum/fno_standard/n32/seed3600021"",""continuum/fno_standard/n32/seed3600031""]","[""continuum/fno_standard/n8/seed3600011"",""continuum/fno_standard/n8/seed3600021"",""continuum/fno_standard/n8/seed3600031""]","{""primary"":[[0.02,0.04,0.06],[0.06,0.04,0.02],[0.03,0.03,0.03,0.03],[0.04,0.08,0.12],[0.12,0.08,0.04]]}",results/frontier-full-review/learning-review.json,/data_efficiency/10,"{""family"":""fno_standard"",""track"":""continuum"",""paired_rows"":720,""error_n8_over_n32"":0.9085692464872502,""larger_subset_better_rows"":369}"
data_efficiency,continuum,direct_fno,direct_fno,,,,"[32,64]",,,2e-05,2e-05,feasibility/pass counts only; error/cost ratios are descriptive across matching primary schedules,24,720,"[""continuum/direct_fno/n32/seed3600011"",""continuum/direct_fno/n32/seed3600021"",""continuum/direct_fno/n32/seed3600031""]","[""continuum/direct_fno/n8/seed3600011"",""continuum/direct_fno/n8/seed3600021"",""continuum/direct_fno/n8/seed3600031""]","{""primary"":[[0.02,0.04,0.06],[0.06,0.04,0.02],[0.03,0.03,0.03,0.03],[0.04,0.08,0.12],[0.12,0.08,0.04]]}",results/frontier-full-review/learning-review.json,/data_efficiency/11,"{""family"":""direct_fno"",""track"":""continuum"",""paired_rows"":720,""error_n8_over_n32"":1.0076842073886751,""larger_subset_better_rows"":394}"
confirmation_gate,discrete,rank1,strongest_classical,32,3600011,32,[32],0.12,,2e-05,2e-05,both reference-uncertainty-inclusive RMS and maximum error must meet target before cost ranking,24,24,"[""discrete/rank1/n32/seed3600011""]","[""discrete/analytic_quad/n0/seedNone"",""discrete/analytic_quad_cubic/n0/seedNone"",""discrete/df/n0/seedNone"",""discrete/etdrk4/n0/seedNone""]","{""primary"":[[0.02,0.04,0.06],[0.06,0.04,0.02],[0.03,0.03,0.03,0.03]],""classical_extra_uniform_steps"":[1,2,4,8],""classical_extra_horizons"":[0.12]}",results/frontier-full-review/learning-review.json,/confirmation_gate/tracks/discrete,"{""selected_policy_model_id"":""discrete/rank1/n32/seed3600011"",""primary_target"":2e-05,""matched_cells"":24,""eligible_cells"":24,""independent_fields"":24,""classical_over_candidate_geometric_ratio"":0.12081663020172806,""field_cluster_ci95"":[0.09788270919386541,0.14843824877985926],""speed_threshold"":1.2,""solver_utility_eligible"":false,""neural_baseline_adequate"":true,""baseline_details"":{""fno_small"":{""trained_all_seeds"":true,""any_primary_accuracy"":true,""adequate_for_local_claim"":true},""fno_standard"":{""trained_all_seeds"":true,""any_primary_accuracy"":true,""adequate_for_local_claim"":true},""direct_fno"":{""trained_all_seeds"":true,""any_primary_accuracy"":false,""adequate_for_local_claim"":false}}}"
confirmation_gate,continuum,rank1,strongest_classical,32,3600011,32,[32],0.12,,2e-05,2e-05,both reference-uncertainty-inclusive RMS and maximum error must meet target before cost ranking,24,24,"[""continuum/rank1/n32/seed3600011""]","[""continuum/analytic_quad/n0/seedNone"",""continuum/analytic_quad_cubic/n0/seedNone"",""continuum/df/n0/seedNone"",""continuum/etdrk4/n0/seedNone""]","{""primary"":[[0.02,0.04,0.06],[0.06,0.04,0.02],[0.03,0.03,0.03,0.03]],""classical_extra_uniform_steps"":[1,2,4,8],""classical_extra_horizons"":[0.12]}",results/frontier-full-review/learning-review.json,/confirmation_gate/tracks/continuum,"{""selected_policy_model_id"":""continuum/rank1/n32/seed3600011"",""primary_target"":2e-05,""matched_cells"":24,""eligible_cells"":24,""independent_fields"":24,""classical_over_candidate_geometric_ratio"":0.14610548639771961,""field_cluster_ci95"":[0.1087337817272057,0.195933033893054],""speed_threshold"":1.2,""solver_utility_eligible"":false,""neural_baseline_adequate"":true,""baseline_details"":{""fno_small"":{""trained_all_seeds"":true,""any_primary_accuracy"":true,""adequate_for_local_claim"":true},""fno_standard"":{""trained_all_seeds"":true,""any_primary_accuracy"":true,""adequate_for_local_claim"":true},""direct_fno"":{""trained_all_seeds"":true,""any_primary_accuracy"":false,""adequate_for_local_claim"":false}}}"
scaling_comparisons,discrete,rank1,fno_small,,3600011,64,[64],0.06,,2e-05,2e-05,both reference-uncertainty-inclusive RMS and maximum error must meet target before cost ranking,"[""field-3550000""]",1,"[""discrete/rank1/n8/seed3600011"",""discrete/rank1/n32/seed3600011""]","[""discrete/fno_small/n8/seed3600011"",""discrete/fno_small/n32/seed3600011""]","{""candidate"":[0.03,0.03],""comparator"":[0.03,0.03]}",.runtime/frontier-full-review-20261009/extracted/fedora-frontier-20261009T005435342501Z/report/figures/chart-data.json.gz,/scaling_comparisons/0,"{""track"":""discrete"",""grid"":64,""batch_size"":1,""final_time"":0.06,""target"":2e-05,""independent_fields"":[""field-3550000""],""candidate"":""discrete/rank1/n32/seed3600011"",""comparator"":""discrete/fno_small/n32/seed3600011"",""candidate_accuracy"":true,""comparator_accuracy"":true,""speed_ratio"":0.6366228609724162,""matched_accuracy"":true,""valid_timing"":true,""status"":""ELIGIBLE"",""throughput_advantage_established"":false,""claim_scope"":""descriptive paired workload; speed ratio alone is not a robust superiority claim"",""comparison_kind"":""neural"",""candidate_family"":""rank1"",""comparator_family"":""fno_small"",""candidate_seed"":3600011,""comparator_seed"":3600011,""candidate_train_count"":32,""comparator_train_count"":32,""candidate_parameters"":43,""comparator_parameters"":47057,""candidate_cost_seconds"":0.0039930579951033,""comparator_cost_seconds"":0.002542072004871443,""candidate_schedule"":[0.03,0.03],""comparator_schedule"":[0.03,0.03],""candidate_selected_state"":""TRAINED_CHECKPOINT"",""comparator_selected_state"":""TRAINED_CHECKPOINT"",""candidate_updates_selected"":200,""comparator_updates_selected"":100,""practical_speedup_threshold"":1.2,""baseline_competitiveness_established"":false,""observed_threshold_passed"":false,""evidence_scope"":""observed interleaved median ratio against frozen local controls on one paired workload; no confidence-interval, FNO-adequacy, paper-competitiveness or universal superiority claim""}"
scaling_comparisons,discrete,rank1,fno_standard,,3600011,64,[64],0.06,,2e-05,2e-05,both reference-uncertainty-inclusive RMS and maximum error must meet target before cost ranking,"[""field-3550000""]",1,"[""discrete/rank1/n8/seed3600011"",""discrete/rank1/n32/seed3600011""]","[""discrete/fno_standard/n8/seed3600011"",""discrete/fno_standard/n32/seed3600011""]","{""candidate"":[0.03,0.03],""comparator"":[0.03,0.03]}",.runtime/frontier-full-review-20261009/extracted/fedora-frontier-20261009T005435342501Z/report/figures/chart-data.json.gz,/scaling_comparisons/1,"{""track"":""discrete"",""grid"":64,""batch_size"":1,""final_time"":0.06,""target"":2e-05,""independent_fields"":[""field-3550000""],""candidate"":""discrete/rank1/n32/seed3600011"",""comparator"":""discrete/fno_standard/n32/seed3600011"",""candidate_accuracy"":true,""comparator_accuracy"":true,""speed_ratio"":0.939451668474387,""matched_accuracy"":true,""valid_timing"":true,""status"":""ELIGIBLE"",""throughput_advantage_established"":false,""claim_scope"":""descriptive paired workload; speed ratio alone is not a robust superiority claim"",""comparison_kind"":""neural"",""candidate_family"":""rank1"",""comparator_family"":""fno_standard"",""candidate_seed"":3600011,""comparator_seed"":3600011,""candidate_train_count"":32,""comparator_train_count"":32,""candidate_parameters"":43,""comparator_parameters"":1258977,""candidate_cost_seconds"":0.0039930579951033,""comparator_cost_seconds"":0.0037512849958147854,""candidate_schedule"":[0.03,0.03],""comparator_schedule"":[0.03,0.03],""candidate_selected_state"":""TRAINED_CHECKPOINT"",""comparator_selected_state"":""TRAINED_CHECKPOINT"",""candidate_updates_selected"":200,""comparator_updates_selected"":100,""practical_speedup_threshold"":1.2,""baseline_competitiveness_established"":false,""observed_threshold_passed"":false,""evidence_scope"":""observed interleaved median ratio against frozen local controls on one paired workload; no confidence-interval, FNO-adequacy, paper-competitiveness or universal superiority claim""}"
scaling_comparisons,discrete,rank1,df,,3600011,64,[64],0.06,,2e-05,2e-05,both reference-uncertainty-inclusive RMS and maximum error must meet target before cost ranking,"[""field-3550000""]",1,"[""discrete/rank1/n8/seed3600011"",""discrete/rank1/n32/seed3600011""]","[""discrete/df/n0/seedNone""]","{""candidate"":[0.03,0.03],""comparator"":[0.03,0.03]}",.runtime/frontier-full-review-20261009/extracted/fedora-frontier-20261009T005435342501Z/report/figures/chart-data.json.gz,/scaling_comparisons/2,"{""track"":""discrete"",""grid"":64,""batch_size"":1,""final_time"":0.06,""target"":2e-05,""independent_fields"":[""field-3550000""],""candidate"":""discrete/rank1/n32/seed3600011"",""comparator"":""discrete/df/n0/seedNone"",""candidate_accuracy"":true,""comparator_accuracy"":true,""speed_ratio"":0.1844498619202558,""matched_accuracy"":true,""valid_timing"":true,""status"":""ELIGIBLE"",""throughput_advantage_established"":false,""claim_scope"":""descriptive paired workload; speed ratio alone is not a robust superiority claim"",""comparison_kind"":""classical"",""candidate_family"":""rank1"",""comparator_family"":""df"",""candidate_seed"":3600011,""comparator_seed"":null,""candidate_train_count"":32,""comparator_train_count"":0,""candidate_parameters"":43,""comparator_parameters"":0,""candidate_cost_seconds"":0.0039930579951033,""comparator_cost_seconds"":0.0007365189958363771,""candidate_schedule"":[0.03,0.03],""comparator_schedule"":[0.03,0.03],""candidate_selected_state"":""TRAINED_CHECKPOINT"",""comparator_selected_state"":""ANALYTIC_CONTROL"",""candidate_updates_selected"":200,""comparator_updates_selected"":0,""practical_speedup_threshold"":1.2,""baseline_competitiveness_established"":false,""observed_threshold_passed"":false,""evidence_scope"":""observed interleaved median ratio against frozen local controls on one paired workload; no confidence-interval, FNO-adequacy, paper-competitiveness or universal superiority claim""}"
scaling_comparisons,discrete,rank1,etdrk4,,3600011,64,[64],0.06,,2e-05,2e-05,both reference-uncertainty-inclusive RMS and maximum error must meet target before cost ranking,"[""field-3550000""]",1,"[""discrete/rank1/n8/seed3600011"",""discrete/rank1/n32/seed3600011""]","[""discrete/etdrk4/n0/seedNone""]","{""candidate"":[0.03,0.03],""comparator"":[0.03,0.03]}",.runtime/frontier-full-review-20261009/extracted/fedora-frontier-20261009T005435342501Z/report/figures/chart-data.json.gz,/scaling_comparisons/3,"{""track"":""discrete"",""grid"":64,""batch_size"":1,""final_time"":0.06,""target"":2e-05,""independent_fields"":[""field-3550000""],""candidate"":""discrete/rank1/n32/seed3600011"",""comparator"":""discrete/etdrk4/n0/seedNone"",""candidate_accuracy"":true,""comparator_accuracy"":true,""speed_ratio"":0.2545049422149033,""matched_accuracy"":true,""valid_timing"":true,""status"":""ELIGIBLE"",""throughput_advantage_established"":false,""claim_scope"":""descriptive paired workload; speed ratio alone is not a robust superiority claim"",""comparison_kind"":""classical"",""candidate_family"":""rank1"",""comparator_family"":""etdrk4"",""candidate_seed"":3600011,""comparator_seed"":null,""candidate_train_count"":32,""comparator_train_count"":0,""candidate_parameters"":43,""comparator_parameters"":0,""candidate_cost_seconds"":0.0039930579951033,""comparator_cost_seconds"":0.0010162529943045229,""candidate_schedule"":[0.03,0.03],""comparator_schedule"":[0.03,0.03],""candidate_selected_state"":""TRAINED_CHECKPOINT"",""comparator_selected_state"":""ANALYTIC_CONTROL"",""candidate_updates_selected"":200,""comparator_updates_selected"":0,""practical_speedup_threshold"":1.2,""baseline_competitiveness_established"":false,""observed_threshold_passed"":false,""evidence_scope"":""observed interleaved median ratio against frozen local controls on one paired workload; no confidence-interval, FNO-adequacy, paper-competitiveness or universal superiority claim""}"
scaling_comparisons,discrete,rank1,fno_small,,3600011,64,[64],0.06,,2e-05,2e-05,both reference-uncertainty-inclusive RMS and maximum error must meet target before cost ranking,"[""field-3550000"",""field-3550001"",""field-3550002"",""field-3550003""]",1,"[""discrete/rank1/n8/seed3600011"",""discrete/rank1/n32/seed3600011""]","[""discrete/fno_small/n8/seed3600011"",""discrete/fno_small/n32/seed3600011""]","{""candidate"":[0.03,0.03],""comparator"":[0.03,0.03]}",.runtime/frontier-full-review-20261009/extracted/fedora-frontier-20261009T005435342501Z/report/figures/chart-data.json.gz,/scaling_comparisons/4,"{""track"":""discrete"",""grid"":64,""batch_size"":4,""final_time"":0.06,""target"":2e-05,""independent_fields"":[""field-3550000"",""field-3550001"",""field-3550002"",""field-3550003""],""candidate"":""discrete/rank1/n32/seed3600011"",""comparator"":""discrete/fno_small/n32/seed3600011"",""candidate_accuracy"":true,""comparator_accuracy"":true,""speed_ratio"":0.61535415884718,""matched_accuracy"":true,""valid_timing"":true,""status"":""ELIGIBLE"",""throughput_advantage_established"":false,""claim_scope"":""descriptive paired workload; speed ratio alone is not a robust superiority claim"",""comparison_kind"":""neural"",""candidate_family"":""rank1"",""comparator_family"":""fno_small"",""candidate_seed"":3600011,""comparator_seed"":3600011,""candidate_train_count"":32,""comparator_train_count"":32,""candidate_parameters"":43,""comparator_parameters"":47057,""candidate_cost_seconds"":0.0041777470032684505,""comparator_cost_seconds"":0.0025707939930725843,""candidate_schedule"":[0.03,0.03],""comparator_schedule"":[0.03,0.03],""candidate_selected_state"":""TRAINED_CHECKPOINT"",""comparator_selected_state"":""TRAINED_CHECKPOINT"",""candidate_updates_selected"":200,""comparator_updates_selected"":100,""practical_speedup_threshold"":1.2,""baseline_competitiveness_established"":false,""observed_threshold_passed"":false,""evidence_scope"":""observed interleaved median ratio against frozen local controls on one paired workload; no confidence-interval, FNO-adequacy, paper-competitiveness or universal superiority claim""}"
scaling_comparisons,discrete,rank1,fno_standard,,3600011,64,[64],0.06,,2e-05,2e-05,both reference-uncertainty-inclusive RMS and maximum error must meet target before cost ranking,"[""field-3550000"",""field-3550001"",""field-3550002"",""field-3550003""]",1,"[""discrete/rank1/n8/seed3600011"",""discrete/rank1/n32/seed3600011""]","[""discrete/fno_standard/n8/seed3600011"",""discrete/fno_standard/n32/seed3600011""]","{""candidate"":[0.03,0.03],""comparator"":[0.03,0.03]}",.runtime/frontier-full-review-20261009/extracted/fedora-frontier-20261009T005435342501Z/report/figures/chart-data.json.gz,/scaling_comparisons/5,"{""track"":""discrete"",""grid"":64,""batch_size"":4,""final_time"":0.06,""target"":2e-05,""independent_fields"":[""field-3550000"",""field-3550001"",""field-3550002"",""field-3550003""],""candidate"":""discrete/rank1/n32/seed3600011"",""comparator"":""discrete/fno_standard/n32/seed3600011"",""candidate_accuracy"":true,""comparator_accuracy"":true,""speed_ratio"":0.9247929591271788,""matched_accuracy"":true,""valid_timing"":true,""status"":""ELIGIBLE"",""throughput_advantage_established"":false,""claim_scope"":""descriptive paired workload; speed ratio alone is not a robust superiority claim"",""comparison_kind"":""neural"",""candidate_family"":""rank1"",""comparator_family"":""fno_standard"",""candidate_seed"":3600011,""comparator_seed"":3600011,""candidate_train_count"":32,""comparator_train_count"":32,""candidate_parameters"":43,""comparator_parameters"":1258977,""candidate_cost_seconds"":0.0041777470032684505,""comparator_cost_seconds"":0.003863551013637334,""candidate_schedule"":[0.03,0.03],""comparator_schedule"":[0.03,0.03],""candidate_selected_state"":""TRAINED_CHECKPOINT"",""comparator_selected_state"":""TRAINED_CHECKPOINT"",""candidate_updates_selected"":200,""comparator_updates_selected"":100,""practical_speedup_threshold"":1.2,""baseline_competitiveness_established"":false,""observed_threshold_passed"":false,""evidence_scope"":""observed interleaved median ratio against frozen local controls on one paired workload; no confidence-interval, FNO-adequacy, paper-competitiveness or universal superiority claim""}"
scaling_comparisons,discrete,rank1,df,,3600011,64,[64],0.06,,2e-05,2e-05,both reference-uncertainty-inclusive RMS and maximum error must meet target before cost ranking,"[""field-3550000"",""field-3550001"",""field-3550002"",""field-3550003""]",1,"[""discrete/rank1/n8/seed3600011"",""discrete/rank1/n32/seed3600011""]","[""discrete/df/n0/seedNone""]","{""candidate"":[0.03,0.03],""comparator"":[0.03,0.03]}",.runtime/frontier-full-review-20261009/extracted/fedora-frontier-20261009T005435342501Z/report/figures/chart-data.json.gz,/scaling_comparisons/6,"{""track"":""discrete"",""grid"":64,""batch_size"":4,""final_time"":0.06,""target"":2e-05,""independent_fields"":[""field-3550000"",""field-3550001"",""field-3550002"",""field-3550003""],""candidate"":""discrete/rank1/n32/seed3600011"",""comparator"":""discrete/df/n0/seedNone"",""candidate_accuracy"":true,""comparator_accuracy"":true,""speed_ratio"":0.16132739031214557,""matched_accuracy"":true,""valid_timing"":true,""status"":""ELIGIBLE"",""throughput_advantage_established"":false,""claim_scope"":""descriptive paired workload; speed ratio alone is not a robust superiority claim"",""comparison_kind"":""classical"",""candidate_family"":""rank1"",""comparator_family"":""df"",""candidate_seed"":3600011,""comparator_seed"":null,""candidate_train_count"":32,""comparator_train_count"":0,""candidate_parameters"":43,""comparator_parameters"":0,""candidate_cost_seconds"":0.0041777470032684505,""comparator_cost_seconds"":0.0006739850214216858,""candidate_schedule"":[0.03,0.03],""comparator_schedule"":[0.03,0.03],""candidate_selected_state"":""TRAINED_CHECKPOINT"",""comparator_selected_state"":""ANALYTIC_CONTROL"",""candidate_updates_selected"":200,""comparator_updates_selected"":0,""practical_speedup_threshold"":1.2,""baseline_competitiveness_established"":false,""observed_threshold_passed"":false,""evidence_scope"":""observed interleaved median ratio against frozen local controls on one paired workload; no confidence-interval, FNO-adequacy, paper-competitiveness or universal superiority claim""}"
scaling_comparisons,discrete,rank1,etdrk4,,3600011,64,[64],0.06,,2e-05,2e-05,both reference-uncertainty-inclusive RMS and maximum error must meet target before cost ranking,"[""field-3550000"",""field-3550001"",""field-3550002"",""field-3550003""]",1,"[""discrete/rank1/n8/seed3600011"",""discrete/rank1/n32/seed3600011""]","[""discrete/etdrk4/n0/seedNone""]","{""candidate"":[0.03,0.03],""comparator"":[0.03,0.03]}",.runtime/frontier-full-review-20261009/extracted/fedora-frontier-20261009T005435342501Z/report/figures/chart-data.json.gz,/scaling_comparisons/7,"{""track"":""discrete"",""grid"":64,""batch_size"":4,""final_time"":0.06,""target"":2e-05,""independent_fields"":[""field-3550000"",""field-3550001"",""field-3550002"",""field-3550003""],""candidate"":""discrete/rank1/n32/seed3600011"",""comparator"":""discrete/etdrk4/n0/seedNone"",""candidate_accuracy"":true,""comparator_accuracy"":true,""speed_ratio"":0.2198620467345538,""matched_accuracy"":true,""valid_timing"":true,""status"":""ELIGIBLE"",""throughput_advantage_established"":false,""claim_scope"":""descriptive paired workload; speed ratio alone is not a robust superiority claim"",""comparison_kind"":""classical"",""candidate_family"":""rank1"",""comparator_family"":""etdrk4"",""candidate_seed"":3600011,""comparator_seed"":null,""candidate_train_count"":32,""comparator_train_count"":0,""candidate_parameters"":43,""comparator_parameters"":0,""candidate_cost_seconds"":0.0041777470032684505,""comparator_cost_seconds"":0.0009185280068777502,""candidate_schedule"":[0.03,0.03],""comparator_schedule"":[0.03,0.03],""candidate_selected_state"":""TRAINED_CHECKPOINT"",""comparator_selected_state"":""ANALYTIC_CONTROL"",""candidate_updates_selected"":200,""comparator_updates_selected"":0,""practical_speedup_threshold"":1.2,""baseline_competitiveness_established"":false,""observed_threshold_passed"":false,""evidence_scope"":""observed interleaved median ratio against frozen local controls on one paired workload; no confidence-interval, FNO-adequacy, paper-competitiveness or universal superiority claim""}"
scaling_comparisons,discrete,rank1,fno_small,,3600011,128,[128],0.06,,2e-05,2e-05,both reference-uncertainty-inclusive RMS and maximum error must meet target before cost ranking,"[""field-3550000""]",1,"[""discrete/rank1/n8/seed3600011"",""discrete/rank1/n32/seed3600011""]","[""discrete/fno_small/n8/seed3600011"",""discrete/fno_small/n32/seed3600011""]","{""candidate"":[0.03,0.03],""comparator"":[0.03,0.03]}",.runtime/frontier-full-review-20261009/extracted/fedora-frontier-20261009T005435342501Z/report/figures/chart-data.json.gz,/scaling_comparisons/8,"{""track"":""discrete"",""grid"":128,""batch_size"":1,""final_time"":0.06,""target"":2e-05,""independent_fields"":[""field-3550000""],""candidate"":""discrete/rank1/n32/seed3600011"",""comparator"":""discrete/fno_small/n32/seed3600011"",""candidate_accuracy"":true,""comparator_accuracy"":true,""speed_ratio"":0.6457385074029098,""matched_accuracy"":true,""valid_timing"":true,""status"":""ELIGIBLE"",""throughput_advantage_established"":false,""claim_scope"":""descriptive paired workload; speed ratio alone is not a robust superiority claim"",""comparison_kind"":""neural"",""candidate_family"":""rank1"",""comparator_family"":""fno_small"",""candidate_seed"":3600011,""comparator_seed"":3600011,""candidate_train_count"":32,""comparator_train_count"":32,""candidate_parameters"":43,""comparator_parameters"":47057,""candidate_cost_seconds"":0.0039322139928117394,""comparator_cost_seconds"":0.0025391819945070893,""candidate_schedule"":[0.03,0.03],""comparator_schedule"":[0.03,0.03],""candidate_selected_state"":""TRAINED_CHECKPOINT"",""comparator_selected_state"":""TRAINED_CHECKPOINT"",""candidate_updates_selected"":200,""comparator_updates_selected"":100,""practical_speedup_threshold"":1.2,""baseline_competitiveness_established"":false,""observed_threshold_passed"":false,""evidence_scope"":""observed interleaved median ratio against frozen local controls on one paired workload; no confidence-interval, FNO-adequacy, paper-competitiveness or universal superiority claim""}"
scaling_comparisons,discrete,rank1,fno_standard,,3600011,128,[128],0.06,,2e-05,2e-05,both reference-uncertainty-inclusive RMS and maximum error must meet target before cost ranking,"[""field-3550000""]",1,"[""discrete/rank1/n8/seed3600011"",""discrete/rank1/n32/seed3600011""]","[""discrete/fno_standard/n8/seed3600011"",""discrete/fno_standard/n32/seed3600011""]","{""candidate"":[0.03,0.03],""comparator"":[0.03,0.03]}",.runtime/frontier-full-review-20261009/extracted/fedora-frontier-20261009T005435342501Z/report/figures/chart-data.json.gz,/scaling_comparisons/9,"{""track"":""discrete"",""grid"":128,""batch_size"":1,""final_time"":0.06,""target"":2e-05,""independent_fields"":[""field-3550000""],""candidate"":""discrete/rank1/n32/seed3600011"",""comparator"":""discrete/fno_standard/n32/seed3600011"",""candidate_accuracy"":true,""comparator_accuracy"":true,""speed_ratio"":0.9251200452870036,""matched_accuracy"":true,""valid_timing"":true,""status"":""ELIGIBLE"",""throughput_advantage_established"":false,""claim_scope"":""descriptive paired workload; speed ratio alone is not a robust superiority claim"",""comparison_kind"":""neural"",""candidate_family"":""rank1"",""comparator_family"":""fno_standard"",""candidate_seed"":3600011,""comparator_seed"":3600011,""candidate_train_count"":32,""comparator_train_count"":32,""candidate_parameters"":43,""comparator_parameters"":1258977,""candidate_cost_seconds"":0.0039322139928117394,""comparator_cost_seconds"":0.003637769987108186,""candidate_schedule"":[0.03,0.03],""comparator_schedule"":[0.03,0.03],""candidate_selected_state"":""TRAINED_CHECKPOINT"",""comparator_selected_state"":""TRAINED_CHECKPOINT"",""candidate_updates_selected"":200,""comparator_updates_selected"":100,""practical_speedup_threshold"":1.2,""baseline_competitiveness_established"":false,""observed_threshold_passed"":false,""evidence_scope"":""observed interleaved median ratio against frozen local controls on one paired workload; no confidence-interval, FNO-adequacy, paper-competitiveness or universal superiority claim""}"
scaling_comparisons,discrete,rank1,df,,3600011,128,[128],0.06,,2e-05,2e-05,both reference-uncertainty-inclusive RMS and maximum error must meet target before cost ranking,"[""field-3550000""]",1,"[""discrete/rank1/n8/seed3600011"",""discrete/rank1/n32/seed3600011""]","[""discrete/df/n0/seedNone""]","{""candidate"":[0.03,0.03],""comparator"":[0.03,0.03]}",.runtime/frontier-full-review-20261009/extracted/fedora-frontier-20261009T005435342501Z/report/figures/chart-data.json.gz,/scaling_comparisons/10,"{""track"":""discrete"",""grid"":128,""batch_size"":1,""final_time"":0.06,""target"":2e-05,""independent_fields"":[""field-3550000""],""candidate"":""discrete/rank1/n32/seed3600011"",""comparator"":""discrete/df/n0/seedNone"",""candidate_accuracy"":true,""comparator_accuracy"":true,""speed_ratio"":0.17015223553955106,""matched_accuracy"":true,""valid_timing"":true,""status"":""ELIGIBLE"",""throughput_advantage_established"":false,""claim_scope"":""descriptive paired workload; speed ratio alone is not a robust superiority claim"",""comparison_kind"":""classical"",""candidate_family"":""rank1"",""comparator_family"":""df"",""candidate_seed"":3600011,""comparator_seed"":null,""candidate_train_count"":32,""comparator_train_count"":0,""candidate_parameters"":43,""comparator_parameters"":0,""candidate_cost_seconds"":0.0039322139928117394,""comparator_cost_seconds"":0.0006690750014968216,""candidate_schedule"":[0.03,0.03],""comparator_schedule"":[0.03,0.03],""candidate_selected_state"":""TRAINED_CHECKPOINT"",""comparator_selected_state"":""ANALYTIC_CONTROL"",""candidate_updates_selected"":200,""comparator_updates_selected"":0,""practical_speedup_threshold"":1.2,""baseline_competitiveness_established"":false,""observed_threshold_passed"":false,""evidence_scope"":""observed interleaved median ratio against frozen local controls on one paired workload; no confidence-interval, FNO-adequacy, paper-competitiveness or universal superiority claim""}"
scaling_comparisons,discrete,rank1,etdrk4,,3600011,128,[128],0.06,,2e-05,2e-05,both reference-uncertainty-inclusive RMS and maximum error must meet target before cost ranking,"[""field-3550000""]",1,"[""discrete/rank1/n8/seed3600011"",""discrete/rank1/n32/seed3600011""]","[""discrete/etdrk4/n0/seedNone""]","{""candidate"":[0.03,0.03],""comparator"":[0.03,0.03]}",.runtime/frontier-full-review-20261009/extracted/fedora-frontier-20261009T005435342501Z/report/figures/chart-data.json.gz,/scaling_comparisons/11,"{""track"":""discrete"",""grid"":128,""batch_size"":1,""final_time"":0.06,""target"":2e-05,""independent_fields"":[""field-3550000""],""candidate"":""discrete/rank1/n32/seed3600011"",""comparator"":""discrete/etdrk4/n0/seedNone"",""candidate_accuracy"":true,""comparator_accuracy"":true,""speed_ratio"":0.23637777274023053,""matched_accuracy"":true,""valid_timing"":true,""status"":""ELIGIBLE"",""throughput_advantage_established"":false,""claim_scope"":""descriptive paired workload; speed ratio alone is not a robust superiority claim"",""comparison_kind"":""classical"",""candidate_family"":""rank1"",""comparator_family"":""etdrk4"",""candidate_seed"":3600011,""comparator_seed"":null,""candidate_train_count"":32,""comparator_train_count"":0,""candidate_parameters"":43,""comparator_parameters"":0,""candidate_cost_seconds"":0.0039322139928117394,""comparator_cost_seconds"":0.0009294879855588078,""candidate_schedule"":[0.03,0.03],""comparator_schedule"":[0.03,0.03],""candidate_selected_state"":""TRAINED_CHECKPOINT"",""comparator_selected_state"":""ANALYTIC_CONTROL"",""candidate_updates_selected"":200,""comparator_updates_selected"":0,""practical_speedup_threshold"":1.2,""baseline_competitiveness_established"":false,""observed_threshold_passed"":false,""evidence_scope"":""observed interleaved median ratio against frozen local controls on one paired workload; no confidence-interval, FNO-adequacy, paper-competitiveness or universal superiority claim""}"
scaling_comparisons,discrete,rank1,fno_small,,3600011,128,[128],0.06,,2e-05,2e-05,both reference-uncertainty-inclusive RMS and maximum error must meet target before cost ranking,"[""field-3550000"",""field-3550001"",""field-3550002"",""field-3550003""]",1,"[""discrete/rank1/n8/seed3600011"",""discrete/rank1/n32/seed3600011""]","[""discrete/fno_small/n8/seed3600011"",""discrete/fno_small/n32/seed3600011""]","{""candidate"":[0.03,0.03],""comparator"":[0.03,0.03]}",.runtime/frontier-full-review-20261009/extracted/fedora-frontier-20261009T005435342501Z/report/figures/chart-data.json.gz,/scaling_comparisons/12,"{""track"":""discrete"",""grid"":128,""batch_size"":4,""final_time"":0.06,""target"":2e-05,""independent_fields"":[""field-3550000"",""field-3550001"",""field-3550002"",""field-3550003""],""candidate"":""discrete/rank1/n32/seed3600011"",""comparator"":""discrete/fno_small/n32/seed3600011"",""candidate_accuracy"":true,""comparator_accuracy"":true,""speed_ratio"":0.599926379598179,""matched_accuracy"":true,""valid_timing"":true,""status"":""ELIGIBLE"",""throughput_advantage_established"":false,""claim_scope"":""descriptive paired workload; speed ratio alone is not a robust superiority claim"",""comparison_kind"":""neural"",""candidate_family"":""rank1"",""comparator_family"":""fno_small"",""candidate_seed"":3600011,""comparator_seed"":3600011,""candidate_train_count"":32,""comparator_train_count"":32,""candidate_parameters"":43,""comparator_parameters"":47057,""candidate_cost_seconds"":0.0044062689994461834,""comparator_cost_seconds"":0.0026434370083734393,""candidate_schedule"":[0.03,0.03],""comparator_schedule"":[0.03,0.03],""candidate_selected_state"":""TRAINED_CHECKPOINT"",""comparator_selected_state"":""TRAINED_CHECKPOINT"",""candidate_updates_selected"":200,""comparator_updates_selected"":100,""practical_speedup_threshold"":1.2,""baseline_competitiveness_established"":false,""observed_threshold_passed"":false,""evidence_scope"":""observed interleaved median ratio against frozen local controls on one paired workload; no confidence-interval, FNO-adequacy, paper-competitiveness or universal superiority claim""}"
scaling_comparisons,discrete,rank1,fno_standard,,3600011,128,[128],0.06,,2e-05,2e-05,both reference-uncertainty-inclusive RMS and maximum error must meet target before cost ranking,"[""field-3550000"",""field-3550001"",""field-3550002"",""field-3550003""]",1,"[""discrete/rank1/n8/seed3600011"",""discrete/rank1/n32/seed3600011""]","[""discrete/fno_standard/n8/seed3600011"",""discrete/fno_standard/n32/seed3600011""]","{""candidate"":[0.03,0.03],""comparator"":[0.03,0.03]}",.runtime/frontier-full-review-20261009/extracted/fedora-frontier-20261009T005435342501Z/report/figures/chart-data.json.gz,/scaling_comparisons/13,"{""track"":""discrete"",""grid"":128,""batch_size"":4,""final_time"":0.06,""target"":2e-05,""independent_fields"":[""field-3550000"",""field-3550001"",""field-3550002"",""field-3550003""],""candidate"":""discrete/rank1/n32/seed3600011"",""comparator"":""discrete/fno_standard/n32/seed3600011"",""candidate_accuracy"":true,""comparator_accuracy"":true,""speed_ratio"":0.9102279055405198,""matched_accuracy"":true,""valid_timing"":true,""status"":""ELIGIBLE"",""throughput_advantage_established"":false,""claim_scope"":""descriptive paired workload; speed ratio alone is not a robust superiority claim"",""comparison_kind"":""neural"",""candidate_family"":""rank1"",""comparator_family"":""fno_standard"",""candidate_seed"":3600011,""comparator_seed"":3600011,""candidate_train_count"":32,""comparator_train_count"":32,""candidate_parameters"":43,""comparator_parameters"":1258977,""candidate_cost_seconds"":0.0044062689994461834,""comparator_cost_seconds"":0.004010709002614021,""candidate_schedule"":[0.03,0.03],""comparator_schedule"":[0.03,0.03],""candidate_selected_state"":""TRAINED_CHECKPOINT"",""comparator_selected_state"":""TRAINED_CHECKPOINT"",""candidate_updates_selected"":200,""comparator_updates_selected"":100,""practical_speedup_threshold"":1.2,""baseline_competitiveness_established"":false,""observed_threshold_passed"":false,""evidence_scope"":""observed interleaved median ratio against frozen local controls on one paired workload; no confidence-interval, FNO-adequacy, paper-competitiveness or universal superiority claim""}"
scaling_comparisons,discrete,rank1,df,,3600011,128,[128],0.06,,2e-05,2e-05,both reference-uncertainty-inclusive RMS and maximum error must meet target before cost ranking,"[""field-3550000"",""field-3550001"",""field-3550002"",""field-3550003""]",1,"[""discrete/rank1/n8/seed3600011"",""discrete/rank1/n32/seed3600011""]","[""discrete/df/n0/seedNone""]","{""candidate"":[0.03,0.03],""comparator"":[0.03,0.03]}",.runtime/frontier-full-review-20261009/extracted/fedora-frontier-20261009T005435342501Z/report/figures/chart-data.json.gz,/scaling_comparisons/14,"{""track"":""discrete"",""grid"":128,""batch_size"":4,""final_time"":0.06,""target"":2e-05,""independent_fields"":[""field-3550000"",""field-3550001"",""field-3550002"",""field-3550003""],""candidate"":""discrete/rank1/n32/seed3600011"",""comparator"":""discrete/df/n0/seedNone"",""candidate_accuracy"":true,""comparator_accuracy"":true,""speed_ratio"":0.15699359140544888,""matched_accuracy"":true,""valid_timing"":true,""status"":""ELIGIBLE"",""throughput_advantage_established"":false,""claim_scope"":""descriptive paired workload; speed ratio alone is not a robust superiority claim"",""comparison_kind"":""classical"",""candidate_family"":""rank1"",""comparator_family"":""df"",""candidate_seed"":3600011,""comparator_seed"":null,""candidate_train_count"":32,""comparator_train_count"":0,""candidate_parameters"":43,""comparator_parameters"":0,""candidate_cost_seconds"":0.0044062689994461834,""comparator_cost_seconds"":0.0006917559949215502,""candidate_schedule"":[0.03,0.03],""comparator_schedule"":[0.03,0.03],""candidate_selected_state"":""TRAINED_CHECKPOINT"",""comparator_selected_state"":""ANALYTIC_CONTROL"",""candidate_updates_selected"":200,""comparator_updates_selected"":0,""practical_speedup_threshold"":1.2,""baseline_competitiveness_established"":false,""observed_threshold_passed"":false,""evidence_scope"":""observed interleaved median ratio against frozen local controls on one paired workload; no confidence-interval, FNO-adequacy, paper-competitiveness or universal superiority claim""}"
scaling_comparisons,discrete,rank1,etdrk4,,3600011,128,[128],0.06,,2e-05,2e-05,both reference-uncertainty-inclusive RMS and maximum error must meet target before cost ranking,"[""field-3550000"",""field-3550001"",""field-3550002"",""field-3550003""]",1,"[""discrete/rank1/n8/seed3600011"",""discrete/rank1/n32/seed3600011""]","[""discrete/etdrk4/n0/seedNone""]","{""candidate"":[0.03,0.03],""comparator"":[0.03,0.03]}",.runtime/frontier-full-review-20261009/extracted/fedora-frontier-20261009T005435342501Z/report/figures/chart-data.json.gz,/scaling_comparisons/15,"{""track"":""discrete"",""grid"":128,""batch_size"":4,""final_time"":0.06,""target"":2e-05,""independent_fields"":[""field-3550000"",""field-3550001"",""field-3550002"",""field-3550003""],""candidate"":""discrete/rank1/n32/seed3600011"",""comparator"":""discrete/etdrk4/n0/seedNone"",""candidate_accuracy"":true,""comparator_accuracy"":true,""speed_ratio"":0.2730296354152046,""matched_accuracy"":true,""valid_timing"":true,""status"":""ELIGIBLE"",""throughput_advantage_established"":false,""claim_scope"":""descriptive paired workload; speed ratio alone is not a robust superiority claim"",""comparison_kind"":""classical"",""candidate_family"":""rank1"",""comparator_family"":""etdrk4"",""candidate_seed"":3600011,""comparator_seed"":null,""candidate_train_count"":32,""comparator_train_count"":0,""candidate_parameters"":43,""comparator_parameters"":0,""candidate_cost_seconds"":0.0044062689994461834,""comparator_cost_seconds"":0.0012030420184601098,""candidate_schedule"":[0.03,0.03],""comparator_schedule"":[0.03,0.03],""candidate_selected_state"":""TRAINED_CHECKPOINT"",""comparator_selected_state"":""ANALYTIC_CONTROL"",""candidate_updates_selected"":200,""comparator_updates_selected"":0,""practical_speedup_threshold"":1.2,""baseline_competitiveness_established"":false,""observed_threshold_passed"":false,""evidence_scope"":""observed interleaved median ratio against frozen local controls on one paired workload; no confidence-interval, FNO-adequacy, paper-competitiveness or universal superiority claim""}"
scaling_comparisons,discrete,rank1,fno_small,,3600011,256,[256],0.06,,2e-05,2e-05,both reference-uncertainty-inclusive RMS and maximum error must meet target before cost ranking,"[""field-3550000""]",1,"[""discrete/rank1/n8/seed3600011"",""discrete/rank1/n32/seed3600011""]","[""discrete/fno_small/n8/seed3600011"",""discrete/fno_small/n32/seed3600011""]","{""candidate"":[0.03,0.03],""comparator"":[0.03,0.03]}",.runtime/frontier-full-review-20261009/extracted/fedora-frontier-20261009T005435342501Z/report/figures/chart-data.json.gz,/scaling_comparisons/16,"{""track"":""discrete"",""grid"":256,""batch_size"":1,""final_time"":0.06,""target"":2e-05,""independent_fields"":[""field-3550000""],""candidate"":""discrete/rank1/n32/seed3600011"",""comparator"":""discrete/fno_small/n32/seed3600011"",""candidate_accuracy"":true,""comparator_accuracy"":true,""speed_ratio"":0.6090553773363824,""matched_accuracy"":true,""valid_timing"":true,""status"":""ELIGIBLE"",""throughput_advantage_established"":false,""claim_scope"":""descriptive paired workload; speed ratio alone is not a robust superiority claim"",""comparison_kind"":""neural"",""candidate_family"":""rank1"",""comparator_family"":""fno_small"",""candidate_seed"":3600011,""comparator_seed"":3600011,""candidate_train_count"":32,""comparator_train_count"":32,""candidate_parameters"":43,""comparator_parameters"":47057,""candidate_cost_seconds"":0.004217668989440426,""comparator_cost_seconds"":0.0025687939778435975,""candidate_schedule"":[0.03,0.03],""comparator_schedule"":[0.03,0.03],""candidate_selected_state"":""TRAINED_CHECKPOINT"",""comparator_selected_state"":""TRAINED_CHECKPOINT"",""candidate_updates_selected"":200,""comparator_updates_selected"":100,""practical_speedup_threshold"":1.2,""baseline_competitiveness_established"":false,""observed_threshold_passed"":false,""evidence_scope"":""observed interleaved median ratio against frozen local controls on one paired workload; no confidence-interval, FNO-adequacy, paper-competitiveness or universal superiority claim""}"
scaling_comparisons,discrete,rank1,fno_standard,,3600011,256,[256],0.06,,2e-05,2e-05,both reference-uncertainty-inclusive RMS and maximum error must meet target before cost ranking,"[""field-3550000""]",1,"[""discrete/rank1/n8/seed3600011"",""discrete/rank1/n32/seed3600011""]","[""discrete/fno_standard/n8/seed3600011"",""discrete/fno_standard/n32/seed3600011""]","{""candidate"":[0.03,0.03],""comparator"":[0.03,0.03]}",.runtime/frontier-full-review-20261009/extracted/fedora-frontier-20261009T005435342501Z/report/figures/chart-data.json.gz,/scaling_comparisons/17,"{""track"":""discrete"",""grid"":256,""batch_size"":1,""final_time"":0.06,""target"":2e-05,""independent_fields"":[""field-3550000""],""candidate"":""discrete/rank1/n32/seed3600011"",""comparator"":""discrete/fno_standard/n32/seed3600011"",""candidate_accuracy"":true,""comparator_accuracy"":true,""speed_ratio"":0.9559782920828684,""matched_accuracy"":true,""valid_timing"":true,""status"":""ELIGIBLE"",""throughput_advantage_established"":false,""claim_scope"":""descriptive paired workload; speed ratio alone is not a robust superiority claim"",""comparison_kind"":""neural"",""candidate_family"":""rank1"",""comparator_family"":""fno_standard"",""candidate_seed"":3600011,""comparator_seed"":3600011,""candidate_train_count"":32,""comparator_train_count"":32,""candidate_parameters"":43,""comparator_parameters"":1258977,""candidate_cost_seconds"":0.004217668989440426,""comparator_cost_seconds"":0.004031999997096136,""candidate_schedule"":[0.03,0.03],""comparator_schedule"":[0.03,0.03],""candidate_selected_state"":""TRAINED_CHECKPOINT"",""comparator_selected_state"":""TRAINED_CHECKPOINT"",""candidate_updates_selected"":200,""comparator_updates_selected"":100,""practical_speedup_threshold"":1.2,""baseline_competitiveness_established"":false,""observed_threshold_passed"":false,""evidence_scope"":""observed interleaved median ratio against frozen local controls on one paired workload; no confidence-interval, FNO-adequacy, paper-competitiveness or universal superiority claim""}"
scaling_comparisons,discrete,rank1,df,,3600011,256,[256],0.06,,2e-05,2e-05,both reference-uncertainty-inclusive RMS and maximum error must meet target before cost ranking,"[""field-3550000""]",1,"[""discrete/rank1/n8/seed3600011"",""discrete/rank1/n32/seed3600011""]","[""discrete/df/n0/seedNone""]","{""candidate"":[0.03,0.03],""comparator"":[0.03,0.03]}",.runtime/frontier-full-review-20261009/extracted/fedora-frontier-20261009T005435342501Z/report/figures/chart-data.json.gz,/scaling_comparisons/18,"{""track"":""discrete"",""grid"":256,""batch_size"":1,""final_time"":0.06,""target"":2e-05,""independent_fields"":[""field-3550000""],""candidate"":""discrete/rank1/n32/seed3600011"",""comparator"":""discrete/df/n0/seedNone"",""candidate_accuracy"":true,""comparator_accuracy"":true,""speed_ratio"":0.16165943854470585,""matched_accuracy"":true,""valid_timing"":true,""status"":""ELIGIBLE"",""throughput_advantage_established"":false,""claim_scope"":""descriptive paired workload; speed ratio alone is not a robust superiority claim"",""comparison_kind"":""classical"",""candidate_family"":""rank1"",""comparator_family"":""df"",""candidate_seed"":3600011,""comparator_seed"":null,""candidate_train_count"":32,""comparator_train_count"":0,""candidate_parameters"":43,""comparator_parameters"":0,""candidate_cost_seconds"":0.004217668989440426,""comparator_cost_seconds"":0.0006818260008003563,""candidate_schedule"":[0.03,0.03],""comparator_schedule"":[0.03,0.03],""candidate_selected_state"":""TRAINED_CHECKPOINT"",""comparator_selected_state"":""ANALYTIC_CONTROL"",""candidate_updates_selected"":200,""comparator_updates_selected"":0,""practical_speedup_threshold"":1.2,""baseline_competitiveness_established"":false,""observed_threshold_passed"":false,""evidence_scope"":""observed interleaved median ratio against frozen local controls on one paired workload; no confidence-interval, FNO-adequacy, paper-competitiveness or universal superiority claim""}"
scaling_comparisons,discrete,rank1,etdrk4,,3600011,256,[256],0.06,,2e-05,2e-05,both reference-uncertainty-inclusive RMS and maximum error must meet target before cost ranking,"[""field-3550000""]",1,"[""discrete/rank1/n8/seed3600011"",""discrete/rank1/n32/seed3600011""]","[""discrete/etdrk4/n0/seedNone""]","{""candidate"":[0.03,0.03],""comparator"":[0.03,0.03]}",.runtime/frontier-full-review-20261009/extracted/fedora-frontier-20261009T005435342501Z/report/figures/chart-data.json.gz,/scaling_comparisons/19,"{""track"":""discrete"",""grid"":256,""batch_size"":1,""final_time"":0.06,""target"":2e-05,""independent_fields"":[""field-3550000""],""candidate"":""discrete/rank1/n32/seed3600011"",""comparator"":""discrete/etdrk4/n0/seedNone"",""candidate_accuracy"":true,""comparator_accuracy"":true,""speed_ratio"":0.24695963413186145,""matched_accuracy"":true,""valid_timing"":true,""status"":""ELIGIBLE"",""throughput_advantage_established"":false,""claim_scope"":""descriptive paired workload; speed ratio alone is not a robust superiority claim"",""comparison_kind"":""classical"",""candidate_family"":""rank1"",""comparator_family"":""etdrk4"",""candidate_seed"":3600011,""comparator_seed"":null,""candidate_train_count"":32,""comparator_train_count"":0,""candidate_parameters"":43,""comparator_parameters"":0,""candidate_cost_seconds"":0.004217668989440426,""comparator_cost_seconds"":0.0010415939905215055,""candidate_schedule"":[0.03,0.03],""comparator_schedule"":[0.03,0.03],""candidate_selected_state"":""TRAINED_CHECKPOINT"",""comparator_selected_state"":""ANALYTIC_CONTROL"",""candidate_updates_selected"":200,""comparator_updates_selected"":0,""practical_speedup_threshold"":1.2,""baseline_competitiveness_established"":false,""observed_threshold_passed"":false,""evidence_scope"":""observed interleaved median ratio against frozen local controls on one paired workload; no confidence-interval, FNO-adequacy, paper-competitiveness or universal superiority claim""}"
scaling_comparisons,discrete,rank1,fno_small,,3600011,256,[256],0.06,,2e-05,2e-05,both reference-uncertainty-inclusive RMS and maximum error must meet target before cost ranking,"[""field-3550000"",""field-3550001"",""field-3550002"",""field-3550003""]",1,"[""discrete/rank1/n8/seed3600011"",""discrete/rank1/n32/seed3600011""]","[""discrete/fno_small/n8/seed3600011"",""discrete/fno_small/n32/seed3600011""]","{""candidate"":[0.03,0.03],""comparator"":[0.03,0.03]}",.runtime/frontier-full-review-20261009/extracted/fedora-frontier-20261009T005435342501Z/report/figures/chart-data.json.gz,/scaling_comparisons/20,"{""track"":""discrete"",""grid"":256,""batch_size"":4,""final_time"":0.06,""target"":2e-05,""independent_fields"":[""field-3550000"",""field-3550001"",""field-3550002"",""field-3550003""],""candidate"":""discrete/rank1/n32/seed3600011"",""comparator"":""discrete/fno_small/n32/seed3600011"",""candidate_accuracy"":true,""comparator_accuracy"":true,""speed_ratio"":0.7039081689328119,""matched_accuracy"":true,""valid_timing"":true,""status"":""ELIGIBLE"",""throughput_advantage_established"":false,""claim_scope"":""descriptive paired workload; speed ratio alone is not a robust superiority claim"",""comparison_kind"":""neural"",""candidate_family"":""rank1"",""comparator_family"":""fno_small"",""candidate_seed"":3600011,""comparator_seed"":3600011,""candidate_train_count"":32,""comparator_train_count"":32,""candidate_parameters"":43,""comparator_parameters"":47057,""candidate_cost_seconds"":0.003946985001675785,""comparator_cost_seconds"":0.002778314985334873,""candidate_schedule"":[0.03,0.03],""comparator_schedule"":[0.03,0.03],""candidate_selected_state"":""TRAINED_CHECKPOINT"",""comparator_selected_state"":""TRAINED_CHECKPOINT"",""candidate_updates_selected"":200,""comparator_updates_selected"":100,""practical_speedup_threshold"":1.2,""baseline_competitiveness_established"":false,""observed_threshold_passed"":false,""evidence_scope"":""observed interleaved median ratio against frozen local controls on one paired workload; no confidence-interval, FNO-adequacy, paper-competitiveness or universal superiority claim""}"
scaling_comparisons,discrete,rank1,fno_standard,,3600011,256,[256],0.06,,2e-05,2e-05,both reference-uncertainty-inclusive RMS and maximum error must meet target before cost ranking,"[""field-3550000"",""field-3550001"",""field-3550002"",""field-3550003""]",1,"[""discrete/rank1/n8/seed3600011"",""discrete/rank1/n32/seed3600011""]","[""discrete/fno_standard/n8/seed3600011"",""discrete/fno_standard/n32/seed3600011""]","{""candidate"":[0.03,0.03],""comparator"":[0.03,0.03]}",.runtime/frontier-full-review-20261009/extracted/fedora-frontier-20261009T005435342501Z/report/figures/chart-data.json.gz,/scaling_comparisons/21,"{""track"":""discrete"",""grid"":256,""batch_size"":4,""final_time"":0.06,""target"":2e-05,""independent_fields"":[""field-3550000"",""field-3550001"",""field-3550002"",""field-3550003""],""candidate"":""discrete/rank1/n32/seed3600011"",""comparator"":""discrete/fno_standard/n32/seed3600011"",""candidate_accuracy"":true,""comparator_accuracy"":true,""speed_ratio"":1.5254816027551397,""matched_accuracy"":true,""valid_timing"":true,""status"":""ELIGIBLE"",""throughput_advantage_established"":false,""claim_scope"":""descriptive paired workload; speed ratio alone is not a robust superiority claim"",""comparison_kind"":""neural"",""candidate_family"":""rank1"",""comparator_family"":""fno_standard"",""candidate_seed"":3600011,""comparator_seed"":3600011,""candidate_train_count"":32,""comparator_train_count"":32,""candidate_parameters"":43,""comparator_parameters"":1258977,""candidate_cost_seconds"":0.003946985001675785,""comparator_cost_seconds"":0.0060210530064068735,""candidate_schedule"":[0.03,0.03],""comparator_schedule"":[0.03,0.03],""candidate_selected_state"":""TRAINED_CHECKPOINT"",""comparator_selected_state"":""TRAINED_CHECKPOINT"",""candidate_updates_selected"":200,""comparator_updates_selected"":100,""practical_speedup_threshold"":1.2,""baseline_competitiveness_established"":false,""observed_threshold_passed"":true,""evidence_scope"":""observed interleaved median ratio against frozen local controls on one paired workload; no confidence-interval, FNO-adequacy, paper-competitiveness or universal superiority claim""}"
scaling_comparisons,discrete,rank1,df,,3600011,256,[256],0.06,,2e-05,2e-05,both reference-uncertainty-inclusive RMS and maximum error must meet target before cost ranking,"[""field-3550000"",""field-3550001"",""field-3550002"",""field-3550003""]",1,"[""discrete/rank1/n8/seed3600011"",""discrete/rank1/n32/seed3600011""]","[""discrete/df/n0/seedNone""]","{""candidate"":[0.03,0.03],""comparator"":[0.03,0.03]}",.runtime/frontier-full-review-20261009/extracted/fedora-frontier-20261009T005435342501Z/report/figures/chart-data.json.gz,/scaling_comparisons/22,"{""track"":""discrete"",""grid"":256,""batch_size"":4,""final_time"":0.06,""target"":2e-05,""independent_fields"":[""field-3550000"",""field-3550001"",""field-3550002"",""field-3550003""],""candidate"":""discrete/rank1/n32/seed3600011"",""comparator"":""discrete/df/n0/seedNone"",""candidate_accuracy"":true,""comparator_accuracy"":true,""speed_ratio"":0.17229480010864684,""matched_accuracy"":true,""valid_timing"":true,""status"":""ELIGIBLE"",""throughput_advantage_established"":false,""claim_scope"":""descriptive paired workload; speed ratio alone is not a robust superiority claim"",""comparison_kind"":""classical"",""candidate_family"":""rank1"",""comparator_family"":""df"",""candidate_seed"":3600011,""comparator_seed"":null,""candidate_train_count"":32,""comparator_train_count"":0,""candidate_parameters"":43,""comparator_parameters"":0,""candidate_cost_seconds"":0.003946985001675785,""comparator_cost_seconds"":0.0006800449918955564,""candidate_schedule"":[0.03,0.03],""comparator_schedule"":[0.03,0.03],""candidate_selected_state"":""TRAINED_CHECKPOINT"",""comparator_selected_state"":""ANALYTIC_CONTROL"",""candidate_updates_selected"":200,""comparator_updates_selected"":0,""practical_speedup_threshold"":1.2,""baseline_competitiveness_established"":false,""observed_threshold_passed"":false,""evidence_scope"":""observed interleaved median ratio against frozen local controls on one paired workload; no confidence-interval, FNO-adequacy, paper-competitiveness or universal superiority claim""}"
scaling_comparisons,discrete,rank1,etdrk4,,3600011,256,[256],0.06,,2e-05,2e-05,both reference-uncertainty-inclusive RMS and maximum error must meet target before cost ranking,"[""field-3550000"",""field-3550001"",""field-3550002"",""field-3550003""]",1,"[""discrete/rank1/n8/seed3600011"",""discrete/rank1/n32/seed3600011""]","[""discrete/etdrk4/n0/seedNone""]","{""candidate"":[0.03,0.03],""comparator"":[0.03,0.03]}",.runtime/frontier-full-review-20261009/extracted/fedora-frontier-20261009T005435342501Z/report/figures/chart-data.json.gz,/scaling_comparisons/23,"{""track"":""discrete"",""grid"":256,""batch_size"":4,""final_time"":0.06,""target"":2e-05,""independent_fields"":[""field-3550000"",""field-3550001"",""field-3550002"",""field-3550003""],""candidate"":""discrete/rank1/n32/seed3600011"",""comparator"":""discrete/etdrk4/n0/seedNone"",""candidate_accuracy"":true,""comparator_accuracy"":true,""speed_ratio"":0.2323464651711434,""matched_accuracy"":true,""valid_timing"":true,""status"":""ELIGIBLE"",""throughput_advantage_established"":false,""claim_scope"":""descriptive paired workload; speed ratio alone is not a robust superiority claim"",""comparison_kind"":""classical"",""candidate_family"":""rank1"",""comparator_family"":""etdrk4"",""candidate_seed"":3600011,""comparator_seed"":null,""candidate_train_count"":32,""comparator_train_count"":0,""candidate_parameters"":43,""comparator_parameters"":0,""candidate_cost_seconds"":0.003946985001675785,""comparator_cost_seconds"":0.0009170680132228881,""candidate_schedule"":[0.03,0.03],""comparator_schedule"":[0.03,0.03],""candidate_selected_state"":""TRAINED_CHECKPOINT"",""comparator_selected_state"":""ANALYTIC_CONTROL"",""candidate_updates_selected"":200,""comparator_updates_selected"":0,""practical_speedup_threshold"":1.2,""baseline_competitiveness_established"":false,""observed_threshold_passed"":false,""evidence_scope"":""observed interleaved median ratio against frozen local controls on one paired workload; no confidence-interval, FNO-adequacy, paper-competitiveness or universal superiority claim""}"
scaling_comparisons,continuum,rank1,fno_small,,3600011,64,[64],0.06,,2e-05,2e-05,both reference-uncertainty-inclusive RMS and maximum error must meet target before cost ranking,"[""field-3550000""]",1,"[""continuum/rank1/n8/seed3600011"",""continuum/rank1/n32/seed3600011""]","[""continuum/fno_small/n8/seed3600011"",""continuum/fno_small/n32/seed3600011""]","{""candidate"":[0.03,0.03],""comparator"":[0.03,0.03]}",.runtime/frontier-full-review-20261009/extracted/fedora-frontier-20261009T005435342501Z/report/figures/chart-data.json.gz,/scaling_comparisons/24,"{""track"":""continuum"",""grid"":64,""batch_size"":1,""final_time"":0.06,""target"":2e-05,""independent_fields"":[""field-3550000""],""candidate"":""continuum/rank1/n32/seed3600011"",""comparator"":""continuum/fno_small/n32/seed3600011"",""candidate_accuracy"":true,""comparator_accuracy"":true,""speed_ratio"":0.7243959608071646,""matched_accuracy"":true,""valid_timing"":true,""status"":""ELIGIBLE"",""throughput_advantage_established"":false,""claim_scope"":""descriptive paired workload; speed ratio alone is not a robust superiority claim"",""comparison_kind"":""neural"",""candidate_family"":""rank1"",""comparator_family"":""fno_small"",""candidate_seed"":3600011,""comparator_seed"":3600011,""candidate_train_count"":32,""comparator_train_count"":32,""candidate_parameters"":43,""comparator_parameters"":47057,""candidate_cost_seconds"":0.020939929003361613,""comparator_cost_seconds"":0.015168799989623949,""candidate_schedule"":[0.03,0.03],""comparator_schedule"":[0.03,0.03],""candidate_selected_state"":""TRAINED_CHECKPOINT"",""comparator_selected_state"":""TRAINED_CHECKPOINT"",""candidate_updates_selected"":200,""comparator_updates_selected"":150,""practical_speedup_threshold"":1.2,""baseline_competitiveness_established"":false,""observed_threshold_passed"":false,""evidence_scope"":""observed interleaved median ratio against frozen local controls on one paired workload; no confidence-interval, FNO-adequacy, paper-competitiveness or universal superiority claim""}"
scaling_comparisons,continuum,rank1,fno_standard,,3600011,64,[64],0.06,,2e-05,2e-05,both reference-uncertainty-inclusive RMS and maximum error must meet target before cost ranking,"[""field-3550000""]",1,"[""continuum/rank1/n8/seed3600011"",""continuum/rank1/n32/seed3600011""]","[""continuum/fno_standard/n8/seed3600011"",""continuum/fno_standard/n32/seed3600011""]","{""candidate"":[0.03,0.03],""comparator"":[0.03,0.03]}",.runtime/frontier-full-review-20261009/extracted/fedora-frontier-20261009T005435342501Z/report/figures/chart-data.json.gz,/scaling_comparisons/25,"{""track"":""continuum"",""grid"":64,""batch_size"":1,""final_time"":0.06,""target"":2e-05,""independent_fields"":[""field-3550000""],""candidate"":""continuum/rank1/n32/seed3600011"",""comparator"":""continuum/fno_standard/n32/seed3600011"",""candidate_accuracy"":true,""comparator_accuracy"":true,""speed_ratio"":0.7679322601518445,""matched_accuracy"":true,""valid_timing"":true,""status"":""ELIGIBLE"",""throughput_advantage_established"":false,""claim_scope"":""descriptive paired workload; speed ratio alone is not a robust superiority claim"",""comparison_kind"":""neural"",""candidate_family"":""rank1"",""comparator_family"":""fno_standard"",""candidate_seed"":3600011,""comparator_seed"":3600011,""candidate_train_count"":32,""comparator_train_count"":32,""candidate_parameters"":43,""comparator_parameters"":1258977,""candidate_cost_seconds"":0.020939929003361613,""comparator_cost_seconds"":0.016080447006970644,""candidate_schedule"":[0.03,0.03],""comparator_schedule"":[0.03,0.03],""candidate_selected_state"":""TRAINED_CHECKPOINT"",""comparator_selected_state"":""TRAINED_CHECKPOINT"",""candidate_updates_selected"":200,""comparator_updates_selected"":100,""practical_speedup_threshold"":1.2,""baseline_competitiveness_established"":false,""observed_threshold_passed"":false,""evidence_scope"":""observed interleaved median ratio against frozen local controls on one paired workload; no confidence-interval, FNO-adequacy, paper-competitiveness or universal superiority claim""}"
scaling_comparisons,continuum,rank1,df,,3600011,64,[64],0.06,,2e-05,2e-05,both reference-uncertainty-inclusive RMS and maximum error must meet target before cost ranking,"[""field-3550000""]",1,"[""continuum/rank1/n8/seed3600011"",""continuum/rank1/n32/seed3600011""]","[""continuum/df/n0/seedNone""]","{""candidate"":[0.03,0.03],""comparator"":[0.03,0.03]}",.runtime/frontier-full-review-20261009/extracted/fedora-frontier-20261009T005435342501Z/report/figures/chart-data.json.gz,/scaling_comparisons/26,"{""track"":""continuum"",""grid"":64,""batch_size"":1,""final_time"":0.06,""target"":2e-05,""independent_fields"":[""field-3550000""],""candidate"":""continuum/rank1/n32/seed3600011"",""comparator"":""continuum/df/n0/seedNone"",""candidate_accuracy"":true,""comparator_accuracy"":true,""speed_ratio"":0.6130234729081517,""matched_accuracy"":true,""valid_timing"":true,""status"":""ELIGIBLE"",""throughput_advantage_established"":false,""claim_scope"":""descriptive paired workload; speed ratio alone is not a robust superiority claim"",""comparison_kind"":""classical"",""candidate_family"":""rank1"",""comparator_family"":""df"",""candidate_seed"":3600011,""comparator_seed"":null,""candidate_train_count"":32,""comparator_train_count"":0,""candidate_parameters"":43,""comparator_parameters"":0,""candidate_cost_seconds"":0.020939929003361613,""comparator_cost_seconds"":0.012836668000090867,""candidate_schedule"":[0.03,0.03],""comparator_schedule"":[0.03,0.03],""candidate_selected_state"":""TRAINED_CHECKPOINT"",""comparator_selected_state"":""ANALYTIC_CONTROL"",""candidate_updates_selected"":200,""comparator_updates_selected"":0,""practical_speedup_threshold"":1.2,""baseline_competitiveness_established"":false,""observed_threshold_passed"":false,""evidence_scope"":""observed interleaved median ratio against frozen local controls on one paired workload; no confidence-interval, FNO-adequacy, paper-competitiveness or universal superiority claim""}"
scaling_comparisons,continuum,rank1,etdrk4,,3600011,64,[64],0.06,,2e-05,2e-05,both reference-uncertainty-inclusive RMS and maximum error must meet target before cost ranking,"[""field-3550000""]",1,"[""continuum/rank1/n8/seed3600011"",""continuum/rank1/n32/seed3600011""]","[""continuum/etdrk4/n0/seedNone""]","{""candidate"":[0.03,0.03],""comparator"":[0.03,0.03]}",.runtime/frontier-full-review-20261009/extracted/fedora-frontier-20261009T005435342501Z/report/figures/chart-data.json.gz,/scaling_comparisons/27,"{""track"":""continuum"",""grid"":64,""batch_size"":1,""final_time"":0.06,""target"":2e-05,""independent_fields"":[""field-3550000""],""candidate"":""continuum/rank1/n32/seed3600011"",""comparator"":""continuum/etdrk4/n0/seedNone"",""candidate_accuracy"":true,""comparator_accuracy"":true,""speed_ratio"":0.18502078113661552,""matched_accuracy"":true,""valid_timing"":true,""status"":""ELIGIBLE"",""throughput_advantage_established"":false,""claim_scope"":""descriptive paired workload; speed ratio alone is not a robust superiority claim"",""comparison_kind"":""classical"",""candidate_family"":""rank1"",""comparator_family"":""etdrk4"",""candidate_seed"":3600011,""comparator_seed"":null,""candidate_train_count"":32,""comparator_train_count"":0,""candidate_parameters"":43,""comparator_parameters"":0,""candidate_cost_seconds"":0.020939929003361613,""comparator_cost_seconds"":0.0038743220211472362,""candidate_schedule"":[0.03,0.03],""comparator_schedule"":[0.03,0.03],""candidate_selected_state"":""TRAINED_CHECKPOINT"",""comparator_selected_state"":""ANALYTIC_CONTROL"",""candidate_updates_selected"":200,""comparator_updates_selected"":0,""practical_speedup_threshold"":1.2,""baseline_competitiveness_established"":false,""observed_threshold_passed"":false,""evidence_scope"":""observed interleaved median ratio against frozen local controls on one paired workload; no confidence-interval, FNO-adequacy, paper-competitiveness or universal superiority claim""}"
scaling_comparisons,continuum,rank1,fno_small,,3600011,64,[64],0.06,,2e-05,2e-05,both reference-uncertainty-inclusive RMS and maximum error must meet target before cost ranking,"[""field-3550000"",""field-3550001"",""field-3550002"",""field-3550003""]",1,"[""continuum/rank1/n8/seed3600011"",""continuum/rank1/n32/seed3600011""]","[""continuum/fno_small/n8/seed3600011"",""continuum/fno_small/n32/seed3600011""]","{""candidate"":[0.03,0.03],""comparator"":[0.03,0.03]}",.runtime/frontier-full-review-20261009/extracted/fedora-frontier-20261009T005435342501Z/report/figures/chart-data.json.gz,/scaling_comparisons/28,"{""track"":""continuum"",""grid"":64,""batch_size"":4,""final_time"":0.06,""target"":2e-05,""independent_fields"":[""field-3550000"",""field-3550001"",""field-3550002"",""field-3550003""],""candidate"":""continuum/rank1/n32/seed3600011"",""comparator"":""continuum/fno_small/n32/seed3600011"",""candidate_accuracy"":true,""comparator_accuracy"":true,""speed_ratio"":0.7304325754314073,""matched_accuracy"":true,""valid_timing"":true,""status"":""ELIGIBLE"",""throughput_advantage_established"":false,""claim_scope"":""descriptive paired workload; speed ratio alone is not a robust superiority claim"",""comparison_kind"":""neural"",""candidate_family"":""rank1"",""comparator_family"":""fno_small"",""candidate_seed"":3600011,""comparator_seed"":3600011,""candidate_train_count"":32,""comparator_train_count"":32,""candidate_parameters"":43,""comparator_parameters"":47057,""candidate_cost_seconds"":0.022302219993434846,""comparator_cost_seconds"":0.016290267987642437,""candidate_schedule"":[0.03,0.03],""comparator_schedule"":[0.03,0.03],""candidate_selected_state"":""TRAINED_CHECKPOINT"",""comparator_selected_state"":""TRAINED_CHECKPOINT"",""candidate_updates_selected"":200,""comparator_updates_selected"":150,""practical_speedup_threshold"":1.2,""baseline_competitiveness_established"":false,""observed_threshold_passed"":false,""evidence_scope"":""observed interleaved median ratio against frozen local controls on one paired workload; no confidence-interval, FNO-adequacy, paper-competitiveness or universal superiority claim""}"
scaling_comparisons,continuum,rank1,fno_standard,,3600011,64,[64],0.06,,2e-05,2e-05,both reference-uncertainty-inclusive RMS and maximum error must meet target before cost ranking,"[""field-3550000"",""field-3550001"",""field-3550002"",""field-3550003""]",1,"[""continuum/rank1/n8/seed3600011"",""continuum/rank1/n32/seed3600011""]","[""continuum/fno_standard/n8/seed3600011"",""continuum/fno_standard/n32/seed3600011""]","{""candidate"":[0.03,0.03],""comparator"":[0.03,0.03]}",.runtime/frontier-full-review-20261009/extracted/fedora-frontier-20261009T005435342501Z/report/figures/chart-data.json.gz,/scaling_comparisons/29,"{""track"":""continuum"",""grid"":64,""batch_size"":4,""final_time"":0.06,""target"":2e-05,""independent_fields"":[""field-3550000"",""field-3550001"",""field-3550002"",""field-3550003""],""candidate"":""continuum/rank1/n32/seed3600011"",""comparator"":""continuum/fno_standard/n32/seed3600011"",""candidate_accuracy"":true,""comparator_accuracy"":true,""speed_ratio"":0.7892234947563067,""matched_accuracy"":true,""valid_timing"":true,""status"":""ELIGIBLE"",""throughput_advantage_established"":false,""claim_scope"":""descriptive paired workload; speed ratio alone is not a robust superiority claim"",""comparison_kind"":""neural"",""candidate_family"":""rank1"",""comparator_family"":""fno_standard"",""candidate_seed"":3600011,""comparator_seed"":3600011,""candidate_train_count"":32,""comparator_train_count"":32,""candidate_parameters"":43,""comparator_parameters"":1258977,""candidate_cost_seconds"":0.022302219993434846,""comparator_cost_seconds"":0.017601436004042625,""candidate_schedule"":[0.03,0.03],""comparator_schedule"":[0.03,0.03],""candidate_selected_state"":""TRAINED_CHECKPOINT"",""comparator_selected_state"":""TRAINED_CHECKPOINT"",""candidate_updates_selected"":200,""comparator_updates_selected"":100,""practical_speedup_threshold"":1.2,""baseline_competitiveness_established"":false,""observed_threshold_passed"":false,""evidence_scope"":""observed interleaved median ratio against frozen local controls on one paired workload; no confidence-interval, FNO-adequacy, paper-competitiveness or universal superiority claim""}"
scaling_comparisons,continuum,rank1,df,,3600011,64,[64],0.06,,2e-05,2e-05,both reference-uncertainty-inclusive RMS and maximum error must meet target before cost ranking,"[""field-3550000"",""field-3550001"",""field-3550002"",""field-3550003""]",1,"[""continuum/rank1/n8/seed3600011"",""continuum/rank1/n32/seed3600011""]","[""continuum/df/n0/seedNone""]","{""candidate"":[0.03,0.03],""comparator"":[0.03,0.03]}",.runtime/frontier-full-review-20261009/extracted/fedora-frontier-20261009T005435342501Z/report/figures/chart-data.json.gz,/scaling_comparisons/30,"{""track"":""continuum"",""grid"":64,""batch_size"":4,""final_time"":0.06,""target"":2e-05,""independent_fields"":[""field-3550000"",""field-3550001"",""field-3550002"",""field-3550003""],""candidate"":""continuum/rank1/n32/seed3600011"",""comparator"":""continuum/df/n0/seedNone"",""candidate_accuracy"":true,""comparator_accuracy"":true,""speed_ratio"":0.6426694740880878,""matched_accuracy"":true,""valid_timing"":true,""status"":""ELIGIBLE"",""throughput_advantage_established"":false,""claim_scope"":""descriptive paired workload; speed ratio alone is not a robust superiority claim"",""comparison_kind"":""classical"",""candidate_family"":""rank1"",""comparator_family"":""df"",""candidate_seed"":3600011,""comparator_seed"":null,""candidate_train_count"":32,""comparator_train_count"":0,""candidate_parameters"":43,""comparator_parameters"":0,""candidate_cost_seconds"":0.022302219993434846,""comparator_cost_seconds"":0.01433295599417761,""candidate_schedule"":[0.03,0.03],""comparator_schedule"":[0.03,0.03],""candidate_selected_state"":""TRAINED_CHECKPOINT"",""comparator_selected_state"":""ANALYTIC_CONTROL"",""candidate_updates_selected"":200,""comparator_updates_selected"":0,""practical_speedup_threshold"":1.2,""baseline_competitiveness_established"":false,""observed_threshold_passed"":false,""evidence_scope"":""observed interleaved median ratio against frozen local controls on one paired workload; no confidence-interval, FNO-adequacy, paper-competitiveness or universal superiority claim""}"
scaling_comparisons,continuum,rank1,etdrk4,,3600011,64,[64],0.06,,2e-05,2e-05,both reference-uncertainty-inclusive RMS and maximum error must meet target before cost ranking,"[""field-3550000"",""field-3550001"",""field-3550002"",""field-3550003""]",1,"[""continuum/rank1/n8/seed3600011"",""continuum/rank1/n32/seed3600011""]","[""continuum/etdrk4/n0/seedNone""]","{""candidate"":[0.03,0.03],""comparator"":[0.03,0.03]}",.runtime/frontier-full-review-20261009/extracted/fedora-frontier-20261009T005435342501Z/report/figures/chart-data.json.gz,/scaling_comparisons/31,"{""track"":""continuum"",""grid"":64,""batch_size"":4,""final_time"":0.06,""target"":2e-05,""independent_fields"":[""field-3550000"",""field-3550001"",""field-3550002"",""field-3550003""],""candidate"":""continuum/rank1/n32/seed3600011"",""comparator"":""continuum/etdrk4/n0/seedNone"",""candidate_accuracy"":true,""comparator_accuracy"":true,""speed_ratio"":0.19558891470227233,""matched_accuracy"":true,""valid_timing"":true,""status"":""ELIGIBLE"",""throughput_advantage_established"":false,""claim_scope"":""descriptive paired workload; speed ratio alone is not a robust superiority claim"",""comparison_kind"":""classical"",""candidate_family"":""rank1"",""comparator_family"":""etdrk4"",""candidate_seed"":3600011,""comparator_seed"":null,""candidate_train_count"":32,""comparator_train_count"":0,""candidate_parameters"":43,""comparator_parameters"":0,""candidate_cost_seconds"":0.022302219993434846,""comparator_cost_seconds"":0.0043620670039672405,""candidate_schedule"":[0.03,0.03],""comparator_schedule"":[0.03,0.03],""candidate_selected_state"":""TRAINED_CHECKPOINT"",""comparator_selected_state"":""ANALYTIC_CONTROL"",""candidate_updates_selected"":200,""comparator_updates_selected"":0,""practical_speedup_threshold"":1.2,""baseline_competitiveness_established"":false,""observed_threshold_passed"":false,""evidence_scope"":""observed interleaved median ratio against frozen local controls on one paired workload; no confidence-interval, FNO-adequacy, paper-competitiveness or universal superiority claim""}"
scaling_comparisons,continuum,rank1,fno_small,,3600011,128,[128],0.06,,2e-05,2e-05,both reference-uncertainty-inclusive RMS and maximum error must meet target before cost ranking,"[""field-3550000""]",1,"[""continuum/rank1/n8/seed3600011"",""continuum/rank1/n32/seed3600011""]","[""continuum/fno_small/n8/seed3600011"",""continuum/fno_small/n32/seed3600011""]","{""candidate"":[0.03,0.03],""comparator"":[0.03,0.03]}",.runtime/frontier-full-review-20261009/extracted/fedora-frontier-20261009T005435342501Z/report/figures/chart-data.json.gz,/scaling_comparisons/32,"{""track"":""continuum"",""grid"":128,""batch_size"":1,""final_time"":0.06,""target"":2e-05,""independent_fields"":[""field-3550000""],""candidate"":""continuum/rank1/n32/seed3600011"",""comparator"":""continuum/fno_small/n32/seed3600011"",""candidate_accuracy"":true,""comparator_accuracy"":true,""speed_ratio"":0.7701989247145329,""matched_accuracy"":true,""valid_timing"":true,""status"":""ELIGIBLE"",""throughput_advantage_established"":false,""claim_scope"":""descriptive paired workload; speed ratio alone is not a robust superiority claim"",""comparison_kind"":""neural"",""candidate_family"":""rank1"",""comparator_family"":""fno_small"",""candidate_seed"":3600011,""comparator_seed"":3600011,""candidate_train_count"":32,""comparator_train_count"":32,""candidate_parameters"":43,""comparator_parameters"":47057,""candidate_cost_seconds"":0.0207785319944378,""comparator_cost_seconds"":0.01600360299926251,""candidate_schedule"":[0.03,0.03],""comparator_schedule"":[0.03,0.03],""candidate_selected_state"":""TRAINED_CHECKPOINT"",""comparator_selected_state"":""TRAINED_CHECKPOINT"",""candidate_updates_selected"":200,""comparator_updates_selected"":150,""practical_speedup_threshold"":1.2,""baseline_competitiveness_established"":false,""observed_threshold_passed"":false,""evidence_scope"":""observed interleaved median ratio against frozen local controls on one paired workload; no confidence-interval, FNO-adequacy, paper-competitiveness or universal superiority claim""}"
scaling_comparisons,continuum,rank1,fno_standard,,3600011,128,[128],0.06,,2e-05,2e-05,both reference-uncertainty-inclusive RMS and maximum error must meet target before cost ranking,"[""field-3550000""]",1,"[""continuum/rank1/n8/seed3600011"",""continuum/rank1/n32/seed3600011""]","[""continuum/fno_standard/n8/seed3600011"",""continuum/fno_standard/n32/seed3600011""]","{""candidate"":[0.03,0.03],""comparator"":[0.03,0.03]}",.runtime/frontier-full-review-20261009/extracted/fedora-frontier-20261009T005435342501Z/report/figures/chart-data.json.gz,/scaling_comparisons/33,"{""track"":""continuum"",""grid"":128,""batch_size"":1,""final_time"":0.06,""target"":2e-05,""independent_fields"":[""field-3550000""],""candidate"":""continuum/rank1/n32/seed3600011"",""comparator"":""continuum/fno_standard/n32/seed3600011"",""candidate_accuracy"":true,""comparator_accuracy"":true,""speed_ratio"":0.8310962006798948,""matched_accuracy"":true,""valid_timing"":true,""status"":""ELIGIBLE"",""throughput_advantage_established"":false,""claim_scope"":""descriptive paired workload; speed ratio alone is not a robust superiority claim"",""comparison_kind"":""neural"",""candidate_family"":""rank1"",""comparator_family"":""fno_standard"",""candidate_seed"":3600011,""comparator_seed"":3600011,""candidate_train_count"":32,""comparator_train_count"":32,""candidate_parameters"":43,""comparator_parameters"":1258977,""candidate_cost_seconds"":0.0207785319944378,""comparator_cost_seconds"":0.01726895899628289,""candidate_schedule"":[0.03,0.03],""comparator_schedule"":[0.03,0.03],""candidate_selected_state"":""TRAINED_CHECKPOINT"",""comparator_selected_state"":""TRAINED_CHECKPOINT"",""candidate_updates_selected"":200,""comparator_updates_selected"":100,""practical_speedup_threshold"":1.2,""baseline_competitiveness_established"":false,""observed_threshold_passed"":false,""evidence_scope"":""observed interleaved median ratio against frozen local controls on one paired workload; no confidence-interval, FNO-adequacy, paper-competitiveness or universal superiority claim""}"
scaling_comparisons,continuum,rank1,df,,3600011,128,[128],0.06,,2e-05,2e-05,both reference-uncertainty-inclusive RMS and maximum error must meet target before cost ranking,"[""field-3550000""]",1,"[""continuum/rank1/n8/seed3600011"",""continuum/rank1/n32/seed3600011""]","[""continuum/df/n0/seedNone""]","{""candidate"":[0.03,0.03],""comparator"":[0.03,0.03]}",.runtime/frontier-full-review-20261009/extracted/fedora-frontier-20261009T005435342501Z/report/figures/chart-data.json.gz,/scaling_comparisons/34,"{""track"":""continuum"",""grid"":128,""batch_size"":1,""final_time"":0.06,""target"":2e-05,""independent_fields"":[""field-3550000""],""candidate"":""continuum/rank1/n32/seed3600011"",""comparator"":""continuum/df/n0/seedNone"",""candidate_accuracy"":true,""comparator_accuracy"":true,""speed_ratio"":0.6570921844064994,""matched_accuracy"":true,""valid_timing"":true,""status"":""ELIGIBLE"",""throughput_advantage_established"":false,""claim_scope"":""descriptive paired workload; speed ratio alone is not a robust superiority claim"",""comparison_kind"":""classical"",""candidate_family"":""rank1"",""comparator_family"":""df"",""candidate_seed"":3600011,""comparator_seed"":null,""candidate_train_count"":32,""comparator_train_count"":0,""candidate_parameters"":43,""comparator_parameters"":0,""candidate_cost_seconds"":0.0207785319944378,""comparator_cost_seconds"":0.01365341097698547,""candidate_schedule"":[0.03,0.03],""comparator_schedule"":[0.03,0.03],""candidate_selected_state"":""TRAINED_CHECKPOINT"",""comparator_selected_state"":""ANALYTIC_CONTROL"",""candidate_updates_selected"":200,""comparator_updates_selected"":0,""practical_speedup_threshold"":1.2,""baseline_competitiveness_established"":false,""observed_threshold_passed"":false,""evidence_scope"":""observed interleaved median ratio against frozen local controls on one paired workload; no confidence-interval, FNO-adequacy, paper-competitiveness or universal superiority claim""}"
scaling_comparisons,continuum,rank1,etdrk4,,3600011,128,[128],0.06,,2e-05,2e-05,both reference-uncertainty-inclusive RMS and maximum error must meet target before cost ranking,"[""field-3550000""]",1,"[""continuum/rank1/n8/seed3600011"",""continuum/rank1/n32/seed3600011""]","[""continuum/etdrk4/n0/seedNone""]","{""candidate"":[0.03,0.03],""comparator"":[0.03,0.03]}",.runtime/frontier-full-review-20261009/extracted/fedora-frontier-20261009T005435342501Z/report/figures/chart-data.json.gz,/scaling_comparisons/35,"{""track"":""continuum"",""grid"":128,""batch_size"":1,""final_time"":0.06,""target"":2e-05,""independent_fields"":[""field-3550000""],""candidate"":""continuum/rank1/n32/seed3600011"",""comparator"":""continuum/etdrk4/n0/seedNone"",""candidate_accuracy"":true,""comparator_accuracy"":true,""speed_ratio"":0.2034681770543244,""matched_accuracy"":true,""valid_timing"":true,""status"":""ELIGIBLE"",""throughput_advantage_established"":false,""claim_scope"":""descriptive paired workload; speed ratio alone is not a robust superiority claim"",""comparison_kind"":""classical"",""candidate_family"":""rank1"",""comparator_family"":""etdrk4"",""candidate_seed"":3600011,""comparator_seed"":null,""candidate_train_count"":32,""comparator_train_count"":0,""candidate_parameters"":43,""comparator_parameters"":0,""candidate_cost_seconds"":0.0207785319944378,""comparator_cost_seconds"":0.004227770026773214,""candidate_schedule"":[0.03,0.03],""comparator_schedule"":[0.03,0.03],""candidate_selected_state"":""TRAINED_CHECKPOINT"",""comparator_selected_state"":""ANALYTIC_CONTROL"",""candidate_updates_selected"":200,""comparator_updates_selected"":0,""practical_speedup_threshold"":1.2,""baseline_competitiveness_established"":false,""observed_threshold_passed"":false,""evidence_scope"":""observed interleaved median ratio against frozen local controls on one paired workload; no confidence-interval, FNO-adequacy, paper-competitiveness or universal superiority claim""}"
scaling_comparisons,continuum,rank1,fno_small,,3600011,128,[128],0.06,,2e-05,2e-05,both reference-uncertainty-inclusive RMS and maximum error must meet target before cost ranking,"[""field-3550000"",""field-3550001"",""field-3550002"",""field-3550003""]",1,"[""continuum/rank1/n8/seed3600011"",""continuum/rank1/n32/seed3600011""]","[""continuum/fno_small/n8/seed3600011"",""continuum/fno_small/n32/seed3600011""]","{""candidate"":[0.03,0.03],""comparator"":[0.03,0.03]}",.runtime/frontier-full-review-20261009/extracted/fedora-frontier-20261009T005435342501Z/report/figures/chart-data.json.gz,/scaling_comparisons/36,"{""track"":""continuum"",""grid"":128,""batch_size"":4,""final_time"":0.06,""target"":2e-05,""independent_fields"":[""field-3550000"",""field-3550001"",""field-3550002"",""field-3550003""],""candidate"":""continuum/rank1/n32/seed3600011"",""comparator"":""continuum/fno_small/n32/seed3600011"",""candidate_accuracy"":true,""comparator_accuracy"":true,""speed_ratio"":0.7456873304567091,""matched_accuracy"":true,""valid_timing"":true,""status"":""ELIGIBLE"",""throughput_advantage_established"":false,""claim_scope"":""descriptive paired workload; speed ratio alone is not a robust superiority claim"",""comparison_kind"":""neural"",""candidate_family"":""rank1"",""comparator_family"":""fno_small"",""candidate_seed"":3600011,""comparator_seed"":3600011,""candidate_train_count"":32,""comparator_train_count"":32,""candidate_parameters"":43,""comparator_parameters"":47057,""candidate_cost_seconds"":0.022494820994324982,""comparator_cost_seconds"":0.01677410301635973,""candidate_schedule"":[0.03,0.03],""comparator_schedule"":[0.03,0.03],""candidate_selected_state"":""TRAINED_CHECKPOINT"",""comparator_selected_state"":""TRAINED_CHECKPOINT"",""candidate_updates_selected"":200,""comparator_updates_selected"":150,""practical_speedup_threshold"":1.2,""baseline_competitiveness_established"":false,""observed_threshold_passed"":false,""evidence_scope"":""observed interleaved median ratio against frozen local controls on one paired workload; no confidence-interval, FNO-adequacy, paper-competitiveness or universal superiority claim""}"
scaling_comparisons,continuum,rank1,fno_standard,,3600011,128,[128],0.06,,2e-05,2e-05,both reference-uncertainty-inclusive RMS and maximum error must meet target before cost ranking,"[""field-3550000"",""field-3550001"",""field-3550002"",""field-3550003""]",1,"[""continuum/rank1/n8/seed3600011"",""continuum/rank1/n32/seed3600011""]","[""continuum/fno_standard/n8/seed3600011"",""continuum/fno_standard/n32/seed3600011""]","{""candidate"":[0.03,0.03],""comparator"":[0.03,0.03]}",.runtime/frontier-full-review-20261009/extracted/fedora-frontier-20261009T005435342501Z/report/figures/chart-data.json.gz,/scaling_comparisons/37,"{""track"":""continuum"",""grid"":128,""batch_size"":4,""final_time"":0.06,""target"":2e-05,""independent_fields"":[""field-3550000"",""field-3550001"",""field-3550002"",""field-3550003""],""candidate"":""continuum/rank1/n32/seed3600011"",""comparator"":""continuum/fno_standard/n32/seed3600011"",""candidate_accuracy"":true,""comparator_accuracy"":true,""speed_ratio"":0.7858293244336911,""matched_accuracy"":true,""valid_timing"":true,""status"":""ELIGIBLE"",""throughput_advantage_established"":false,""claim_scope"":""descriptive paired workload; speed ratio alone is not a robust superiority claim"",""comparison_kind"":""neural"",""candidate_family"":""rank1"",""comparator_family"":""fno_standard"",""candidate_seed"":3600011,""comparator_seed"":3600011,""candidate_train_count"":32,""comparator_train_count"":32,""candidate_parameters"":43,""comparator_parameters"":1258977,""candidate_cost_seconds"":0.022494820994324982,""comparator_cost_seconds"":0.017677089985227212,""candidate_schedule"":[0.03,0.03],""comparator_schedule"":[0.03,0.03],""candidate_selected_state"":""TRAINED_CHECKPOINT"",""comparator_selected_state"":""TRAINED_CHECKPOINT"",""candidate_updates_selected"":200,""comparator_updates_selected"":100,""practical_speedup_threshold"":1.2,""baseline_competitiveness_established"":false,""observed_threshold_passed"":false,""evidence_scope"":""observed interleaved median ratio against frozen local controls on one paired workload; no confidence-interval, FNO-adequacy, paper-competitiveness or universal superiority claim""}"
scaling_comparisons,continuum,rank1,df,,3600011,128,[128],0.06,,2e-05,2e-05,both reference-uncertainty-inclusive RMS and maximum error must meet target before cost ranking,"[""field-3550000"",""field-3550001"",""field-3550002"",""field-3550003""]",1,"[""continuum/rank1/n8/seed3600011"",""continuum/rank1/n32/seed3600011""]","[""continuum/df/n0/seedNone""]","{""candidate"":[0.03,0.03],""comparator"":[0.03,0.03]}",.runtime/frontier-full-review-20261009/extracted/fedora-frontier-20261009T005435342501Z/report/figures/chart-data.json.gz,/scaling_comparisons/38,"{""track"":""continuum"",""grid"":128,""batch_size"":4,""final_time"":0.06,""target"":2e-05,""independent_fields"":[""field-3550000"",""field-3550001"",""field-3550002"",""field-3550003""],""candidate"":""continuum/rank1/n32/seed3600011"",""comparator"":""continuum/df/n0/seedNone"",""candidate_accuracy"":true,""comparator_accuracy"":true,""speed_ratio"":0.6542139633658897,""matched_accuracy"":true,""valid_timing"":true,""status"":""ELIGIBLE"",""throughput_advantage_established"":false,""claim_scope"":""descriptive paired workload; speed ratio alone is not a robust superiority claim"",""comparison_kind"":""classical"",""candidate_family"":""rank1"",""comparator_family"":""df"",""candidate_seed"":3600011,""comparator_seed"":null,""candidate_train_count"":32,""comparator_train_count"":0,""candidate_parameters"":43,""comparator_parameters"":0,""candidate_cost_seconds"":0.022494820994324982,""comparator_cost_seconds"":0.01471642599790357,""candidate_schedule"":[0.03,0.03],""comparator_schedule"":[0.03,0.03],""candidate_selected_state"":""TRAINED_CHECKPOINT"",""comparator_selected_state"":""ANALYTIC_CONTROL"",""candidate_updates_selected"":200,""comparator_updates_selected"":0,""practical_speedup_threshold"":1.2,""baseline_competitiveness_established"":false,""observed_threshold_passed"":false,""evidence_scope"":""observed interleaved median ratio against frozen local controls on one paired workload; no confidence-interval, FNO-adequacy, paper-competitiveness or universal superiority claim""}"
scaling_comparisons,continuum,rank1,etdrk4,,3600011,128,[128],0.06,,2e-05,2e-05,both reference-uncertainty-inclusive RMS and maximum error must meet target before cost ranking,"[""field-3550000"",""field-3550001"",""field-3550002"",""field-3550003""]",1,"[""continuum/rank1/n8/seed3600011"",""continuum/rank1/n32/seed3600011""]","[""continuum/etdrk4/n0/seedNone""]","{""candidate"":[0.03,0.03],""comparator"":[0.03,0.03]}",.runtime/frontier-full-review-20261009/extracted/fedora-frontier-20261009T005435342501Z/report/figures/chart-data.json.gz,/scaling_comparisons/39,"{""track"":""continuum"",""grid"":128,""batch_size"":4,""final_time"":0.06,""target"":2e-05,""independent_fields"":[""field-3550000"",""field-3550001"",""field-3550002"",""field-3550003""],""candidate"":""continuum/rank1/n32/seed3600011"",""comparator"":""continuum/etdrk4/n0/seedNone"",""candidate_accuracy"":true,""comparator_accuracy"":true,""speed_ratio"":0.1974219315201176,""matched_accuracy"":true,""valid_timing"":true,""status"":""ELIGIBLE"",""throughput_advantage_established"":false,""claim_scope"":""descriptive paired workload; speed ratio alone is not a robust superiority claim"",""comparison_kind"":""classical"",""candidate_family"":""rank1"",""comparator_family"":""etdrk4"",""candidate_seed"":3600011,""comparator_seed"":null,""candidate_train_count"":32,""comparator_train_count"":0,""candidate_parameters"":43,""comparator_parameters"":0,""candidate_cost_seconds"":0.022494820994324982,""comparator_cost_seconds"":0.004440971009898931,""candidate_schedule"":[0.03,0.03],""comparator_schedule"":[0.03,0.03],""candidate_selected_state"":""TRAINED_CHECKPOINT"",""comparator_selected_state"":""ANALYTIC_CONTROL"",""candidate_updates_selected"":200,""comparator_updates_selected"":0,""practical_speedup_threshold"":1.2,""baseline_competitiveness_established"":false,""observed_threshold_passed"":false,""evidence_scope"":""observed interleaved median ratio against frozen local controls on one paired workload; no confidence-interval, FNO-adequacy, paper-competitiveness or universal superiority claim""}"
scaling_comparisons,continuum,rank1,fno_small,,3600011,256,[256],0.06,,2e-05,2e-05,both reference-uncertainty-inclusive RMS and maximum error must meet target before cost ranking,"[""field-3550000""]",1,"[""continuum/rank1/n8/seed3600011"",""continuum/rank1/n32/seed3600011""]","[""continuum/fno_small/n8/seed3600011"",""continuum/fno_small/n32/seed3600011""]","{""candidate"":[0.03,0.03],""comparator"":[0.03,0.03]}",.runtime/frontier-full-review-20261009/extracted/fedora-frontier-20261009T005435342501Z/report/figures/chart-data.json.gz,/scaling_comparisons/40,"{""track"":""continuum"",""grid"":256,""batch_size"":1,""final_time"":0.06,""target"":2e-05,""independent_fields"":[""field-3550000""],""candidate"":""continuum/rank1/n32/seed3600011"",""comparator"":""continuum/fno_small/n32/seed3600011"",""candidate_accuracy"":true,""comparator_accuracy"":true,""speed_ratio"":0.7164540089083091,""matched_accuracy"":true,""valid_timing"":true,""status"":""ELIGIBLE"",""throughput_advantage_established"":false,""claim_scope"":""descriptive paired workload; speed ratio alone is not a robust superiority claim"",""comparison_kind"":""neural"",""candidate_family"":""rank1"",""comparator_family"":""fno_small"",""candidate_seed"":3600011,""comparator_seed"":3600011,""candidate_train_count"":32,""comparator_train_count"":32,""candidate_parameters"":43,""comparator_parameters"":47057,""candidate_cost_seconds"":0.02136565197724849,""comparator_cost_seconds"":0.015307507012039423,""candidate_schedule"":[0.03,0.03],""comparator_schedule"":[0.03,0.03],""candidate_selected_state"":""TRAINED_CHECKPOINT"",""comparator_selected_state"":""TRAINED_CHECKPOINT"",""candidate_updates_selected"":200,""comparator_updates_selected"":150,""practical_speedup_threshold"":1.2,""baseline_competitiveness_established"":false,""observed_threshold_passed"":false,""evidence_scope"":""observed interleaved median ratio against frozen local controls on one paired workload; no confidence-interval, FNO-adequacy, paper-competitiveness or universal superiority claim""}"
scaling_comparisons,continuum,rank1,fno_standard,,3600011,256,[256],0.06,,2e-05,2e-05,both reference-uncertainty-inclusive RMS and maximum error must meet target before cost ranking,"[""field-3550000""]",1,"[""continuum/rank1/n8/seed3600011"",""continuum/rank1/n32/seed3600011""]","[""continuum/fno_standard/n8/seed3600011"",""continuum/fno_standard/n32/seed3600011""]","{""candidate"":[0.03,0.03],""comparator"":[0.03,0.03]}",.runtime/frontier-full-review-20261009/extracted/fedora-frontier-20261009T005435342501Z/report/figures/chart-data.json.gz,/scaling_comparisons/41,"{""track"":""continuum"",""grid"":256,""batch_size"":1,""final_time"":0.06,""target"":2e-05,""independent_fields"":[""field-3550000""],""candidate"":""continuum/rank1/n32/seed3600011"",""comparator"":""continuum/fno_standard/n32/seed3600011"",""candidate_accuracy"":true,""comparator_accuracy"":true,""speed_ratio"":0.7787216604292607,""matched_accuracy"":true,""valid_timing"":true,""status"":""ELIGIBLE"",""throughput_advantage_established"":false,""claim_scope"":""descriptive paired workload; speed ratio alone is not a robust superiority claim"",""comparison_kind"":""neural"",""candidate_family"":""rank1"",""comparator_family"":""fno_standard"",""candidate_seed"":3600011,""comparator_seed"":3600011,""candidate_train_count"":32,""comparator_train_count"":32,""candidate_parameters"":43,""comparator_parameters"":1258977,""candidate_cost_seconds"":0.02136565197724849,""comparator_cost_seconds"":0.01663789598387666,""candidate_schedule"":[0.03,0.03],""comparator_schedule"":[0.03,0.03],""candidate_selected_state"":""TRAINED_CHECKPOINT"",""comparator_selected_state"":""TRAINED_CHECKPOINT"",""candidate_updates_selected"":200,""comparator_updates_selected"":100,""practical_speedup_threshold"":1.2,""baseline_competitiveness_established"":false,""observed_threshold_passed"":false,""evidence_scope"":""observed interleaved median ratio against frozen local controls on one paired workload; no confidence-interval, FNO-adequacy, paper-competitiveness or universal superiority claim""}"
scaling_comparisons,continuum,rank1,df,,3600011,256,[256],0.06,,2e-05,2e-05,both reference-uncertainty-inclusive RMS and maximum error must meet target before cost ranking,"[""field-3550000""]",1,"[""continuum/rank1/n8/seed3600011"",""continuum/rank1/n32/seed3600011""]","[""continuum/df/n0/seedNone""]","{""candidate"":[0.03,0.03],""comparator"":[0.03,0.03]}",.runtime/frontier-full-review-20261009/extracted/fedora-frontier-20261009T005435342501Z/report/figures/chart-data.json.gz,/scaling_comparisons/42,"{""track"":""continuum"",""grid"":256,""batch_size"":1,""final_time"":0.06,""target"":2e-05,""independent_fields"":[""field-3550000""],""candidate"":""continuum/rank1/n32/seed3600011"",""comparator"":""continuum/df/n0/seedNone"",""candidate_accuracy"":true,""comparator_accuracy"":true,""speed_ratio"":0.5961490436365854,""matched_accuracy"":true,""valid_timing"":true,""status"":""ELIGIBLE"",""throughput_advantage_established"":false,""claim_scope"":""descriptive paired workload; speed ratio alone is not a robust superiority claim"",""comparison_kind"":""classical"",""candidate_family"":""rank1"",""comparator_family"":""df"",""candidate_seed"":3600011,""comparator_seed"":null,""candidate_train_count"":32,""comparator_train_count"":0,""candidate_parameters"":43,""comparator_parameters"":0,""candidate_cost_seconds"":0.02136565197724849,""comparator_cost_seconds"":0.012737112992908806,""candidate_schedule"":[0.03,0.03],""comparator_schedule"":[0.03,0.03],""candidate_selected_state"":""TRAINED_CHECKPOINT"",""comparator_selected_state"":""ANALYTIC_CONTROL"",""candidate_updates_selected"":200,""comparator_updates_selected"":0,""practical_speedup_threshold"":1.2,""baseline_competitiveness_established"":false,""observed_threshold_passed"":false,""evidence_scope"":""observed interleaved median ratio against frozen local controls on one paired workload; no confidence-interval, FNO-adequacy, paper-competitiveness or universal superiority claim""}"
scaling_comparisons,continuum,rank1,etdrk4,,3600011,256,[256],0.06,,2e-05,2e-05,both reference-uncertainty-inclusive RMS and maximum error must meet target before cost ranking,"[""field-3550000""]",1,"[""continuum/rank1/n8/seed3600011"",""continuum/rank1/n32/seed3600011""]","[""continuum/etdrk4/n0/seedNone""]","{""candidate"":[0.03,0.03],""comparator"":[0.03,0.03]}",.runtime/frontier-full-review-20261009/extracted/fedora-frontier-20261009T005435342501Z/report/figures/chart-data.json.gz,/scaling_comparisons/43,"{""track"":""continuum"",""grid"":256,""batch_size"":1,""final_time"":0.06,""target"":2e-05,""independent_fields"":[""field-3550000""],""candidate"":""continuum/rank1/n32/seed3600011"",""comparator"":""continuum/etdrk4/n0/seedNone"",""candidate_accuracy"":true,""comparator_accuracy"":true,""speed_ratio"":0.19956573288226773,""matched_accuracy"":true,""valid_timing"":true,""status"":""ELIGIBLE"",""throughput_advantage_established"":false,""claim_scope"":""descriptive paired workload; speed ratio alone is not a robust superiority claim"",""comparison_kind"":""classical"",""candidate_family"":""rank1"",""comparator_family"":""etdrk4"",""candidate_seed"":3600011,""comparator_seed"":null,""candidate_train_count"":32,""comparator_train_count"":0,""candidate_parameters"":43,""comparator_parameters"":0,""candidate_cost_seconds"":0.02136565197724849,""comparator_cost_seconds"":0.004263851995347068,""candidate_schedule"":[0.03,0.03],""comparator_schedule"":[0.03,0.03],""candidate_selected_state"":""TRAINED_CHECKPOINT"",""comparator_selected_state"":""ANALYTIC_CONTROL"",""candidate_updates_selected"":200,""comparator_updates_selected"":0,""practical_speedup_threshold"":1.2,""baseline_competitiveness_established"":false,""observed_threshold_passed"":false,""evidence_scope"":""observed interleaved median ratio against frozen local controls on one paired workload; no confidence-interval, FNO-adequacy, paper-competitiveness or universal superiority claim""}"
scaling_comparisons,continuum,rank1,fno_small,,3600011,256,[256],0.06,,2e-05,2e-05,both reference-uncertainty-inclusive RMS and maximum error must meet target before cost ranking,"[""field-3550000"",""field-3550001"",""field-3550002"",""field-3550003""]",1,"[""continuum/rank1/n8/seed3600011"",""continuum/rank1/n32/seed3600011""]","[""continuum/fno_small/n8/seed3600011"",""continuum/fno_small/n32/seed3600011""]","{""candidate"":[0.03,0.03],""comparator"":[0.03,0.03]}",.runtime/frontier-full-review-20261009/extracted/fedora-frontier-20261009T005435342501Z/report/figures/chart-data.json.gz,/scaling_comparisons/44,"{""track"":""continuum"",""grid"":256,""batch_size"":4,""final_time"":0.06,""target"":2e-05,""independent_fields"":[""field-3550000"",""field-3550001"",""field-3550002"",""field-3550003""],""candidate"":""continuum/rank1/n32/seed3600011"",""comparator"":""continuum/fno_small/n32/seed3600011"",""candidate_accuracy"":true,""comparator_accuracy"":true,""speed_ratio"":0.7363124948732785,""matched_accuracy"":true,""valid_timing"":true,""status"":""ELIGIBLE"",""throughput_advantage_established"":false,""claim_scope"":""descriptive paired workload; speed ratio alone is not a robust superiority claim"",""comparison_kind"":""neural"",""candidate_family"":""rank1"",""comparator_family"":""fno_small"",""candidate_seed"":3600011,""comparator_seed"":3600011,""candidate_train_count"":32,""comparator_train_count"":32,""candidate_parameters"":43,""comparator_parameters"":47057,""candidate_cost_seconds"":0.022458129009464756,""comparator_cost_seconds"":0.016536201001144946,""candidate_schedule"":[0.03,0.03],""comparator_schedule"":[0.03,0.03],""candidate_selected_state"":""TRAINED_CHECKPOINT"",""comparator_selected_state"":""TRAINED_CHECKPOINT"",""candidate_updates_selected"":200,""comparator_updates_selected"":150,""practical_speedup_threshold"":1.2,""baseline_competitiveness_established"":false,""observed_threshold_passed"":false,""evidence_scope"":""observed interleaved median ratio against frozen local controls on one paired workload; no confidence-interval, FNO-adequacy, paper-competitiveness or universal superiority claim""}"
scaling_comparisons,continuum,rank1,fno_standard,,3600011,256,[256],0.06,,2e-05,2e-05,both reference-uncertainty-inclusive RMS and maximum error must meet target before cost ranking,"[""field-3550000"",""field-3550001"",""field-3550002"",""field-3550003""]",1,"[""continuum/rank1/n8/seed3600011"",""continuum/rank1/n32/seed3600011""]","[""continuum/fno_standard/n8/seed3600011"",""continuum/fno_standard/n32/seed3600011""]","{""candidate"":[0.03,0.03],""comparator"":[0.03,0.03]}",.runtime/frontier-full-review-20261009/extracted/fedora-frontier-20261009T005435342501Z/report/figures/chart-data.json.gz,/scaling_comparisons/45,"{""track"":""continuum"",""grid"":256,""batch_size"":4,""final_time"":0.06,""target"":2e-05,""independent_fields"":[""field-3550000"",""field-3550001"",""field-3550002"",""field-3550003""],""candidate"":""continuum/rank1/n32/seed3600011"",""comparator"":""continuum/fno_standard/n32/seed3600011"",""candidate_accuracy"":true,""comparator_accuracy"":true,""speed_ratio"":0.8512728291707741,""matched_accuracy"":true,""valid_timing"":true,""status"":""ELIGIBLE"",""throughput_advantage_established"":false,""claim_scope"":""descriptive paired workload; speed ratio alone is not a robust superiority claim"",""comparison_kind"":""neural"",""candidate_family"":""rank1"",""comparator_family"":""fno_standard"",""candidate_seed"":3600011,""comparator_seed"":3600011,""candidate_train_count"":32,""comparator_train_count"":32,""candidate_parameters"":43,""comparator_parameters"":1258977,""candidate_cost_seconds"":0.022458129009464756,""comparator_cost_seconds"":0.019117995019769296,""candidate_schedule"":[0.03,0.03],""comparator_schedule"":[0.03,0.03],""candidate_selected_state"":""TRAINED_CHECKPOINT"",""comparator_selected_state"":""TRAINED_CHECKPOINT"",""candidate_updates_selected"":200,""comparator_updates_selected"":100,""practical_speedup_threshold"":1.2,""baseline_competitiveness_established"":false,""observed_threshold_passed"":false,""evidence_scope"":""observed interleaved median ratio against frozen local controls on one paired workload; no confidence-interval, FNO-adequacy, paper-competitiveness or universal superiority claim""}"
scaling_comparisons,continuum,rank1,df,,3600011,256,[256],0.06,,2e-05,2e-05,both reference-uncertainty-inclusive RMS and maximum error must meet target before cost ranking,"[""field-3550000"",""field-3550001"",""field-3550002"",""field-3550003""]",1,"[""continuum/rank1/n8/seed3600011"",""continuum/rank1/n32/seed3600011""]","[""continuum/df/n0/seedNone""]","{""candidate"":[0.03,0.03],""comparator"":[0.03,0.03]}",.runtime/frontier-full-review-20261009/extracted/fedora-frontier-20261009T005435342501Z/report/figures/chart-data.json.gz,/scaling_comparisons/46,"{""track"":""continuum"",""grid"":256,""batch_size"":4,""final_time"":0.06,""target"":2e-05,""independent_fields"":[""field-3550000"",""field-3550001"",""field-3550002"",""field-3550003""],""candidate"":""continuum/rank1/n32/seed3600011"",""comparator"":""continuum/df/n0/seedNone"",""candidate_accuracy"":true,""comparator_accuracy"":true,""speed_ratio"":0.6484221363686187,""matched_accuracy"":true,""valid_timing"":true,""status"":""ELIGIBLE"",""throughput_advantage_established"":false,""claim_scope"":""descriptive paired workload; speed ratio alone is not a robust superiority claim"",""comparison_kind"":""classical"",""candidate_family"":""rank1"",""comparator_family"":""df"",""candidate_seed"":3600011,""comparator_seed"":null,""candidate_train_count"":32,""comparator_train_count"":0,""candidate_parameters"":43,""comparator_parameters"":0,""candidate_cost_seconds"":0.022458129009464756,""comparator_cost_seconds"":0.014562347991159186,""candidate_schedule"":[0.03,0.03],""comparator_schedule"":[0.03,0.03],""candidate_selected_state"":""TRAINED_CHECKPOINT"",""comparator_selected_state"":""ANALYTIC_CONTROL"",""candidate_updates_selected"":200,""comparator_updates_selected"":0,""practical_speedup_threshold"":1.2,""baseline_competitiveness_established"":false,""observed_threshold_passed"":false,""evidence_scope"":""observed interleaved median ratio against frozen local controls on one paired workload; no confidence-interval, FNO-adequacy, paper-competitiveness or universal superiority claim""}"
scaling_comparisons,continuum,rank1,etdrk4,,3600011,256,[256],0.06,,2e-05,2e-05,both reference-uncertainty-inclusive RMS and maximum error must meet target before cost ranking,"[""field-3550000"",""field-3550001"",""field-3550002"",""field-3550003""]",1,"[""continuum/rank1/n8/seed3600011"",""continuum/rank1/n32/seed3600011""]","[""continuum/etdrk4/n0/seedNone""]","{""candidate"":[0.03,0.03],""comparator"":[0.03,0.03]}",.runtime/frontier-full-review-20261009/extracted/fedora-frontier-20261009T005435342501Z/report/figures/chart-data.json.gz,/scaling_comparisons/47,"{""track"":""continuum"",""grid"":256,""batch_size"":4,""final_time"":0.06,""target"":2e-05,""independent_fields"":[""field-3550000"",""field-3550001"",""field-3550002"",""field-3550003""],""candidate"":""continuum/rank1/n32/seed3600011"",""comparator"":""continuum/etdrk4/n0/seedNone"",""candidate_accuracy"":true,""comparator_accuracy"":true,""speed_ratio"":0.18453166811549337,""matched_accuracy"":true,""valid_timing"":true,""status"":""ELIGIBLE"",""throughput_advantage_established"":false,""claim_scope"":""descriptive paired workload; speed ratio alone is not a robust superiority claim"",""comparison_kind"":""classical"",""candidate_family"":""rank1"",""comparator_family"":""etdrk4"",""candidate_seed"":3600011,""comparator_seed"":null,""candidate_train_count"":32,""comparator_train_count"":0,""candidate_parameters"":43,""comparator_parameters"":0,""candidate_cost_seconds"":0.022458129009464756,""comparator_cost_seconds"":0.004144236008869484,""candidate_schedule"":[0.03,0.03],""comparator_schedule"":[0.03,0.03],""candidate_selected_state"":""TRAINED_CHECKPOINT"",""comparator_selected_state"":""ANALYTIC_CONTROL"",""candidate_updates_selected"":200,""comparator_updates_selected"":0,""practical_speedup_threshold"":1.2,""baseline_competitiveness_established"":false,""observed_threshold_passed"":false,""evidence_scope"":""observed interleaved median ratio against frozen local controls on one paired workload; no confidence-interval, FNO-adequacy, paper-competitiveness or universal superiority claim""}"
native_paired_field_summaries,continuum,rank1,analytic_quad,8,,32,[32],0.12,,2e-05,2e-05,feasibility/pass counts only; error/cost ratios are descriptive across matching primary schedules,24,216,"[""continuum/rank1/n8/seed3600011"",""continuum/rank1/n8/seed3600021"",""continuum/rank1/n8/seed3600031""]","[""continuum/analytic_quad/n0/seedNone""]","{""primary"":[[0.02,0.04,0.06],[0.06,0.04,0.02],[0.03,0.03,0.03,0.03]]}",.runtime/frontier-full-review-20261009/extracted/fedora-frontier-20261009T005435342501Z/report/figures/chart-data.json.gz,/comparison_document/paired_field_summaries/0,"{""track"":""continuum"",""final_time"":0.12,""grid"":32,""train_count"":8,""family"":""rank1"",""competitor"":""analytic_quad"",""independent_fields"":24,""paired_rows"":216,""independence_unit"":""field_cluster; physics/grids/schedules/seeds averaged within field"",""training_seed_scope"":""registered seeds are fixed; field interval is conditional on their ensemble"",""inference"":""descriptive paired cluster bootstrap; no multiple-comparison superiority declaration"",""error_ratio"":0.4665081213519839,""error_ratio_ci95"":[0.29532665697728355,0.6958682589931996],""speed_ratio"":1.131784161383726,""speed_ratio_ci95"":[1.1276498187614046,1.1364048463112524]}"
native_paired_field_summaries,continuum,rank1,analytic_quad_cubic,8,,32,[32],0.12,,2e-05,2e-05,feasibility/pass counts only; error/cost ratios are descriptive across matching primary schedules,24,216,"[""continuum/rank1/n8/seed3600011"",""continuum/rank1/n8/seed3600021"",""continuum/rank1/n8/seed3600031""]","[""continuum/analytic_quad_cubic/n0/seedNone""]","{""primary"":[[0.02,0.04,0.06],[0.06,0.04,0.02],[0.03,0.03,0.03,0.03]]}",.runtime/frontier-full-review-20261009/extracted/fedora-frontier-20261009T005435342501Z/report/figures/chart-data.json.gz,/comparison_document/paired_field_summaries/1,"{""track"":""continuum"",""final_time"":0.12,""grid"":32,""train_count"":8,""family"":""rank1"",""competitor"":""analytic_quad_cubic"",""independent_fields"":24,""paired_rows"":216,""independence_unit"":""field_cluster; physics/grids/schedules/seeds averaged within field"",""training_seed_scope"":""registered seeds are fixed; field interval is conditional on their ensemble"",""inference"":""descriptive paired cluster bootstrap; no multiple-comparison superiority declaration"",""error_ratio"":0.3411021059973072,""error_ratio_ci95"":[0.19718671232632684,0.5224658959804849],""speed_ratio"":3.642332561840735,""speed_ratio_ci95"":[3.6308866011627146,3.6532147580785628]}"
native_paired_field_summaries,continuum,rank1,df,8,,32,[32],0.12,,2e-05,2e-05,feasibility/pass counts only; error/cost ratios are descriptive across matching primary schedules,24,216,"[""continuum/rank1/n8/seed3600011"",""continuum/rank1/n8/seed3600021"",""continuum/rank1/n8/seed3600031""]","[""continuum/df/n0/seedNone""]","{""primary"":[[0.02,0.04,0.06],[0.06,0.04,0.02],[0.03,0.03,0.03,0.03]]}",.runtime/frontier-full-review-20261009/extracted/fedora-frontier-20261009T005435342501Z/report/figures/chart-data.json.gz,/comparison_document/paired_field_summaries/2,"{""track"":""continuum"",""final_time"":0.12,""grid"":32,""train_count"":8,""family"":""rank1"",""competitor"":""df"",""independent_fields"":24,""paired_rows"":216,""independence_unit"":""field_cluster; physics/grids/schedules/seeds averaged within field"",""training_seed_scope"":""registered seeds are fixed; field interval is conditional on their ensemble"",""inference"":""descriptive paired cluster bootstrap; no multiple-comparison superiority declaration"",""error_ratio"":4.2926095771937,""error_ratio_ci95"":[2.6057208852841662,6.894322782706982],""speed_ratio"":0.6278796410046168,""speed_ratio_ci95"":[0.625525525401119,0.6301828130980336]}"
native_paired_field_summaries,continuum,rank1,direct_fno,8,,32,[32],0.12,,2e-05,2e-05,feasibility/pass counts only; error/cost ratios are descriptive across matching primary schedules,24,216,"[""continuum/rank1/n8/seed3600011"",""continuum/rank1/n8/seed3600021"",""continuum/rank1/n8/seed3600031""]","[""continuum/direct_fno/n8/seed3600011"",""continuum/direct_fno/n8/seed3600021"",""continuum/direct_fno/n8/seed3600031""]","{""primary"":[[0.02,0.04,0.06],[0.06,0.04,0.02],[0.03,0.03,0.03,0.03]]}",.runtime/frontier-full-review-20261009/extracted/fedora-frontier-20261009T005435342501Z/report/figures/chart-data.json.gz,/comparison_document/paired_field_summaries/3,"{""track"":""continuum"",""final_time"":0.12,""grid"":32,""train_count"":8,""family"":""rank1"",""competitor"":""direct_fno"",""independent_fields"":24,""paired_rows"":216,""independence_unit"":""field_cluster; physics/grids/schedules/seeds averaged within field"",""training_seed_scope"":""registered seeds are fixed; field interval is conditional on their ensemble"",""inference"":""descriptive paired cluster bootstrap; no multiple-comparison superiority declaration"",""error_ratio"":50851.985235510416,""error_ratio_ci95"":[29651.19400755376,84151.45924666073],""speed_ratio"":0.14309369003791644,""speed_ratio_ci95"":[0.14241935322565363,0.14378989615690102]}"
native_paired_field_summaries,continuum,rank1,etdrk4,8,,32,[32],0.12,,2e-05,2e-05,feasibility/pass counts only; error/cost ratios are descriptive across matching primary schedules,24,216,"[""continuum/rank1/n8/seed3600011"",""continuum/rank1/n8/seed3600021"",""continuum/rank1/n8/seed3600031""]","[""continuum/etdrk4/n0/seedNone""]","{""primary"":[[0.02,0.04,0.06],[0.06,0.04,0.02],[0.03,0.03,0.03,0.03]]}",.runtime/frontier-full-review-20261009/extracted/fedora-frontier-20261009T005435342501Z/report/figures/chart-data.json.gz,/comparison_document/paired_field_summaries/4,"{""track"":""continuum"",""final_time"":0.12,""grid"":32,""train_count"":8,""family"":""rank1"",""competitor"":""etdrk4"",""independent_fields"":24,""paired_rows"":216,""independence_unit"":""field_cluster; physics/grids/schedules/seeds averaged within field"",""training_seed_scope"":""registered seeds are fixed; field interval is conditional on their ensemble"",""inference"":""descriptive paired cluster bootstrap; no multiple-comparison superiority declaration"",""error_ratio"":3.5387904974918922,""error_ratio_ci95"":[2.0400542872080516,6.386063965344635],""speed_ratio"":0.19141314189753628,""speed_ratio_ci95"":[0.19044905075112878,0.19255085218162465]}"
native_paired_field_summaries,continuum,rank1,fno_small,8,,32,[32],0.12,,2e-05,2e-05,feasibility/pass counts only; error/cost ratios are descriptive across matching primary schedules,24,216,"[""continuum/rank1/n8/seed3600011"",""continuum/rank1/n8/seed3600021"",""continuum/rank1/n8/seed3600031""]","[""continuum/fno_small/n8/seed3600011"",""continuum/fno_small/n8/seed3600021"",""continuum/fno_small/n8/seed3600031""]","{""primary"":[[0.02,0.04,0.06],[0.06,0.04,0.02],[0.03,0.03,0.03,0.03]]}",.runtime/frontier-full-review-20261009/extracted/fedora-frontier-20261009T005435342501Z/report/figures/chart-data.json.gz,/comparison_document/paired_field_summaries/5,"{""track"":""continuum"",""final_time"":0.12,""grid"":32,""train_count"":8,""family"":""rank1"",""competitor"":""fno_small"",""independent_fields"":24,""paired_rows"":216,""independence_unit"":""field_cluster; physics/grids/schedules/seeds averaged within field"",""training_seed_scope"":""registered seeds are fixed; field interval is conditional on their ensemble"",""inference"":""descriptive paired cluster bootstrap; no multiple-comparison superiority declaration"",""error_ratio"":11.113488200643452,""error_ratio_ci95"":[6.782159614189911,17.67577901697794],""speed_ratio"":0.731298372735787,""speed_ratio_ci95"":[0.729461986995745,0.7332033130078377]}"
native_paired_field_summaries,continuum,rank1,fno_standard,8,,32,[32],0.12,,2e-05,2e-05,feasibility/pass counts only; error/cost ratios are descriptive across matching primary schedules,24,216,"[""continuum/rank1/n8/seed3600011"",""continuum/rank1/n8/seed3600021"",""continuum/rank1/n8/seed3600031""]","[""continuum/fno_standard/n8/seed3600011"",""continuum/fno_standard/n8/seed3600021"",""continuum/fno_standard/n8/seed3600031""]","{""primary"":[[0.02,0.04,0.06],[0.06,0.04,0.02],[0.03,0.03,0.03,0.03]]}",.runtime/frontier-full-review-20261009/extracted/fedora-frontier-20261009T005435342501Z/report/figures/chart-data.json.gz,/comparison_document/paired_field_summaries/6,"{""track"":""continuum"",""final_time"":0.12,""grid"":32,""train_count"":8,""family"":""rank1"",""competitor"":""fno_standard"",""independent_fields"":24,""paired_rows"":216,""independence_unit"":""field_cluster; physics/grids/schedules/seeds averaged within field"",""training_seed_scope"":""registered seeds are fixed; field interval is conditional on their ensemble"",""inference"":""descriptive paired cluster bootstrap; no multiple-comparison superiority declaration"",""error_ratio"":14.125436674574237,""error_ratio_ci95"":[8.785287076539722,22.936765959571936],""speed_ratio"":0.7882377455223859,""speed_ratio_ci95"":[0.786370831343525,0.7900398955425947]}"
native_paired_field_summaries,continuum,rank1,rank1_frozen,8,,32,[32],0.12,,2e-05,2e-05,feasibility/pass counts only; error/cost ratios are descriptive across matching primary schedules,24,216,"[""continuum/rank1/n8/seed3600011"",""continuum/rank1/n8/seed3600021"",""continuum/rank1/n8/seed3600031""]","[""continuum/rank1_frozen/n8/seed3600011"",""continuum/rank1_frozen/n8/seed3600021"",""continuum/rank1_frozen/n8/seed3600031""]","{""primary"":[[0.02,0.04,0.06],[0.06,0.04,0.02],[0.03,0.03,0.03,0.03]]}",.runtime/frontier-full-review-20261009/extracted/fedora-frontier-20261009T005435342501Z/report/figures/chart-data.json.gz,/comparison_document/paired_field_summaries/7,"{""track"":""continuum"",""final_time"":0.12,""grid"":32,""train_count"":8,""family"":""rank1"",""competitor"":""rank1_frozen"",""independent_fields"":24,""paired_rows"":216,""independence_unit"":""field_cluster; physics/grids/schedules/seeds averaged within field"",""training_seed_scope"":""registered seeds are fixed; field interval is conditional on their ensemble"",""inference"":""descriptive paired cluster bootstrap; no multiple-comparison superiority declaration"",""error_ratio"":2.934557763412628,""error_ratio_ci95"":[1.9649796170192009,4.437377352539661],""speed_ratio"":0.998735528792523,""speed_ratio_ci95"":[0.9964106402306288,1.0011148470477562]}"
native_paired_field_summaries,continuum,rank1,rank1_postcompression,8,,32,[32],0.12,,2e-05,2e-05,feasibility/pass counts only; error/cost ratios are descriptive across matching primary schedules,24,216,"[""continuum/rank1/n8/seed3600011"",""continuum/rank1/n8/seed3600021"",""continuum/rank1/n8/seed3600031""]","[""continuum/rank1_postcompression/n8/seed3600011"",""continuum/rank1_postcompression/n8/seed3600021"",""continuum/rank1_postcompression/n8/seed3600031""]","{""primary"":[[0.02,0.04,0.06],[0.06,0.04,0.02],[0.03,0.03,0.03,0.03]]}",.runtime/frontier-full-review-20261009/extracted/fedora-frontier-20261009T005435342501Z/report/figures/chart-data.json.gz,/comparison_document/paired_field_summaries/8,"{""track"":""continuum"",""final_time"":0.12,""grid"":32,""train_count"":8,""family"":""rank1"",""competitor"":""rank1_postcompression"",""independent_fields"":24,""paired_rows"":216,""independence_unit"":""field_cluster; physics/grids/schedules/seeds averaged within field"",""training_seed_scope"":""registered seeds are fixed; field interval is conditional on their ensemble"",""inference"":""descriptive paired cluster bootstrap; no multiple-comparison superiority declaration"",""error_ratio"":2.6941992765157634,""error_ratio_ci95"":[1.6015958203159881,4.628334088272324],""speed_ratio"":1.010218729949489,""speed_ratio_ci95"":[1.007107100645234,1.0135184286054]}"
native_paired_field_summaries,continuum,rank1,analytic_quad,32,,32,[32],0.12,,2e-05,2e-05,feasibility/pass counts only; error/cost ratios are descriptive across matching primary schedules,24,216,"[""continuum/rank1/n32/seed3600011"",""continuum/rank1/n32/seed3600021"",""continuum/rank1/n32/seed3600031""]","[""continuum/analytic_quad/n0/seedNone""]","{""primary"":[[0.02,0.04,0.06],[0.06,0.04,0.02],[0.03,0.03,0.03,0.03]]}",.runtime/frontier-full-review-20261009/extracted/fedora-frontier-20261009T005435342501Z/report/figures/chart-data.json.gz,/comparison_document/paired_field_summaries/9,"{""track"":""continuum"",""final_time"":0.12,""grid"":32,""train_count"":32,""family"":""rank1"",""competitor"":""analytic_quad"",""independent_fields"":24,""paired_rows"":216,""independence_unit"":""field_cluster; physics/grids/schedules/seeds averaged within field"",""training_seed_scope"":""registered seeds are fixed; field interval is conditional on their ensemble"",""inference"":""descriptive paired cluster bootstrap; no multiple-comparison superiority declaration"",""error_ratio"":0.4230509852852834,""error_ratio_ci95"":[0.2733130423623566,0.6222357979789759],""speed_ratio"":1.1324080401535397,""speed_ratio_ci95"":[1.1283537855956574,1.136683419600397]}"
native_paired_field_summaries,continuum,rank1,analytic_quad_cubic,32,,32,[32],0.12,,2e-05,2e-05,feasibility/pass counts only; error/cost ratios are descriptive across matching primary schedules,24,216,"[""continuum/rank1/n32/seed3600011"",""continuum/rank1/n32/seed3600021"",""continuum/rank1/n32/seed3600031""]","[""continuum/analytic_quad_cubic/n0/seedNone""]","{""primary"":[[0.02,0.04,0.06],[0.06,0.04,0.02],[0.03,0.03,0.03,0.03]]}",.runtime/frontier-full-review-20261009/extracted/fedora-frontier-20261009T005435342501Z/report/figures/chart-data.json.gz,/comparison_document/paired_field_summaries/10,"{""track"":""continuum"",""final_time"":0.12,""grid"":32,""train_count"":32,""family"":""rank1"",""competitor"":""analytic_quad_cubic"",""independent_fields"":24,""paired_rows"":216,""independence_unit"":""field_cluster; physics/grids/schedules/seeds averaged within field"",""training_seed_scope"":""registered seeds are fixed; field interval is conditional on their ensemble"",""inference"":""descriptive paired cluster bootstrap; no multiple-comparison superiority declaration"",""error_ratio"":0.3093270522426079,""error_ratio_ci95"":[0.19080714877245478,0.48023805225596644],""speed_ratio"":3.6443403421538605,""speed_ratio_ci95"":[3.6315766208821745,3.656972815458065]}"
native_paired_field_summaries,continuum,rank1,df,32,,32,[32],0.12,,2e-05,2e-05,feasibility/pass counts only; error/cost ratios are descriptive across matching primary schedules,24,216,"[""continuum/rank1/n32/seed3600011"",""continuum/rank1/n32/seed3600021"",""continuum/rank1/n32/seed3600031""]","[""continuum/df/n0/seedNone""]","{""primary"":[[0.02,0.04,0.06],[0.06,0.04,0.02],[0.03,0.03,0.03,0.03]]}",.runtime/frontier-full-review-20261009/extracted/fedora-frontier-20261009T005435342501Z/report/figures/chart-data.json.gz,/comparison_document/paired_field_summaries/11,"{""track"":""continuum"",""final_time"":0.12,""grid"":32,""train_count"":32,""family"":""rank1"",""competitor"":""df"",""independent_fields"":24,""paired_rows"":216,""independence_unit"":""field_cluster; physics/grids/schedules/seeds averaged within field"",""training_seed_scope"":""registered seeds are fixed; field interval is conditional on their ensemble"",""inference"":""descriptive paired cluster bootstrap; no multiple-comparison superiority declaration"",""error_ratio"":3.892735470100548,""error_ratio_ci95"":[2.6061546877859976,5.962137404592801],""speed_ratio"":0.6282257500874141,""speed_ratio_ci95"":[0.6263362414482077,0.6303274496419305]}"
native_paired_field_summaries,continuum,rank1,direct_fno,32,,32,[32],0.12,,2e-05,2e-05,feasibility/pass counts only; error/cost ratios are descriptive across matching primary schedules,24,216,"[""continuum/rank1/n32/seed3600011"",""continuum/rank1/n32/seed3600021"",""continuum/rank1/n32/seed3600031""]","[""continuum/direct_fno/n32/seed3600011"",""continuum/direct_fno/n32/seed3600021"",""continuum/direct_fno/n32/seed3600031""]","{""primary"":[[0.02,0.04,0.06],[0.06,0.04,0.02],[0.03,0.03,0.03,0.03]]}",.runtime/frontier-full-review-20261009/extracted/fedora-frontier-20261009T005435342501Z/report/figures/chart-data.json.gz,/comparison_document/paired_field_summaries/12,"{""track"":""continuum"",""final_time"":0.12,""grid"":32,""train_count"":32,""family"":""rank1"",""competitor"":""direct_fno"",""independent_fields"":24,""paired_rows"":216,""independence_unit"":""field_cluster; physics/grids/schedules/seeds averaged within field"",""training_seed_scope"":""registered seeds are fixed; field interval is conditional on their ensemble"",""inference"":""descriptive paired cluster bootstrap; no multiple-comparison superiority declaration"",""error_ratio"":44654.175007057274,""error_ratio_ci95"":[29634.630078533613,68801.38587497169],""speed_ratio"":0.14388876764890615,""speed_ratio_ci95"":[0.14275486265561735,0.14504177425645304]}"
native_paired_field_summaries,continuum,rank1,etdrk4,32,,32,[32],0.12,,2e-05,2e-05,feasibility/pass counts only; error/cost ratios are descriptive across matching primary schedules,24,216,"[""continuum/rank1/n32/seed3600011"",""continuum/rank1/n32/seed3600021"",""continuum/rank1/n32/seed3600031""]","[""continuum/etdrk4/n0/seedNone""]","{""primary"":[[0.02,0.04,0.06],[0.06,0.04,0.02],[0.03,0.03,0.03,0.03]]}",.runtime/frontier-full-review-20261009/extracted/fedora-frontier-20261009T005435342501Z/report/figures/chart-data.json.gz,/comparison_document/paired_field_summaries/13,"{""track"":""continuum"",""final_time"":0.12,""grid"":32,""train_count"":32,""family"":""rank1"",""competitor"":""etdrk4"",""independent_fields"":24,""paired_rows"":216,""independence_unit"":""field_cluster; physics/grids/schedules/seeds averaged within field"",""training_seed_scope"":""registered seeds are fixed; field interval is conditional on their ensemble"",""inference"":""descriptive paired cluster bootstrap; no multiple-comparison superiority declaration"",""error_ratio"":3.2091377152094176,""error_ratio_ci95"":[1.8794849129489701,5.796696650853177],""speed_ratio"":0.19151865547474275,""speed_ratio_ci95"":[0.1904527116940921,0.1926579177024924]}"
native_paired_field_summaries,continuum,rank1,fno_small,32,,32,[32],0.12,,2e-05,2e-05,feasibility/pass counts only; error/cost ratios are descriptive across matching primary schedules,24,216,"[""continuum/rank1/n32/seed3600011"",""continuum/rank1/n32/seed3600021"",""continuum/rank1/n32/seed3600031""]","[""continuum/fno_small/n32/seed3600011"",""continuum/fno_small/n32/seed3600021"",""continuum/fno_small/n32/seed3600031""]","{""primary"":[[0.02,0.04,0.06],[0.06,0.04,0.02],[0.03,0.03,0.03,0.03]]}",.runtime/frontier-full-review-20261009/extracted/fedora-frontier-20261009T005435342501Z/report/figures/chart-data.json.gz,/comparison_document/paired_field_summaries/14,"{""track"":""continuum"",""final_time"":0.12,""grid"":32,""train_count"":32,""family"":""rank1"",""competitor"":""fno_small"",""independent_fields"":24,""paired_rows"":216,""independence_unit"":""field_cluster; physics/grids/schedules/seeds averaged within field"",""training_seed_scope"":""registered seeds are fixed; field interval is conditional on their ensemble"",""inference"":""descriptive paired cluster bootstrap; no multiple-comparison superiority declaration"",""error_ratio"":10.409726822551363,""error_ratio_ci95"":[6.431206892766755,15.657398675022604],""speed_ratio"":0.7326756152605417,""speed_ratio_ci95"":[0.7305050789192016,0.7346127397480546]}"
native_paired_field_summaries,continuum,rank1,fno_standard,32,,32,[32],0.12,,2e-05,2e-05,feasibility/pass counts only; error/cost ratios are descriptive across matching primary schedules,24,216,"[""continuum/rank1/n32/seed3600011"",""continuum/rank1/n32/seed3600021"",""continuum/rank1/n32/seed3600031""]","[""continuum/fno_standard/n32/seed3600011"",""continuum/fno_standard/n32/seed3600021"",""continuum/fno_standard/n32/seed3600031""]","{""primary"":[[0.02,0.04,0.06],[0.06,0.04,0.02],[0.03,0.03,0.03,0.03]]}",.runtime/frontier-full-review-20261009/extracted/fedora-frontier-20261009T005435342501Z/report/figures/chart-data.json.gz,/comparison_document/paired_field_summaries/15,"{""track"":""continuum"",""final_time"":0.12,""grid"":32,""train_count"":32,""family"":""rank1"",""competitor"":""fno_standard"",""independent_fields"":24,""paired_rows"":216,""independence_unit"":""field_cluster; physics/grids/schedules/seeds averaged within field"",""training_seed_scope"":""registered seeds are fixed; field interval is conditional on their ensemble"",""inference"":""descriptive paired cluster bootstrap; no multiple-comparison superiority declaration"",""error_ratio"":12.26085564953983,""error_ratio_ci95"":[8.419902426464644,17.238381566158058],""speed_ratio"":0.7898971168979115,""speed_ratio_ci95"":[0.7882870570492594,0.7912743777956864]}"
native_paired_field_summaries,continuum,rank1,rank1_frozen,32,,32,[32],0.12,,2e-05,2e-05,feasibility/pass counts only; error/cost ratios are descriptive across matching primary schedules,24,216,"[""continuum/rank1/n32/seed3600011"",""continuum/rank1/n32/seed3600021"",""continuum/rank1/n32/seed3600031""]","[""continuum/rank1_frozen/n32/seed3600011"",""continuum/rank1_frozen/n32/seed3600021"",""continuum/rank1_frozen/n32/seed3600031""]","{""primary"":[[0.02,0.04,0.06],[0.06,0.04,0.02],[0.03,0.03,0.03,0.03]]}",.runtime/frontier-full-review-20261009/extracted/fedora-frontier-20261009T005435342501Z/report/figures/chart-data.json.gz,/comparison_document/paired_field_summaries/16,"{""track"":""continuum"",""final_time"":0.12,""grid"":32,""train_count"":32,""family"":""rank1"",""competitor"":""rank1_frozen"",""independent_fields"":24,""paired_rows"":216,""independence_unit"":""field_cluster; physics/grids/schedules/seeds averaged within field"",""training_seed_scope"":""registered seeds are fixed; field interval is conditional on their ensemble"",""inference"":""descriptive paired cluster bootstrap; no multiple-comparison superiority declaration"",""error_ratio"":2.6611917271459316,""error_ratio_ci95"":[1.8973481961292,3.65720520820161],""speed_ratio"":1.000510981719569,""speed_ratio_ci95"":[0.9974886055079386,1.0033280238147742]}"
native_paired_field_summaries,continuum,rank1,rank1_postcompression,32,,32,[32],0.12,,2e-05,2e-05,feasibility/pass counts only; error/cost ratios are descriptive across matching primary schedules,24,216,"[""continuum/rank1/n32/seed3600011"",""continuum/rank1/n32/seed3600021"",""continuum/rank1/n32/seed3600031""]","[""continuum/rank1_postcompression/n32/seed3600011"",""continuum/rank1_postcompression/n32/seed3600021"",""continuum/rank1_postcompression/n32/seed3600031""]","{""primary"":[[0.02,0.04,0.06],[0.06,0.04,0.02],[0.03,0.03,0.03,0.03]]}",.runtime/frontier-full-review-20261009/extracted/fedora-frontier-20261009T005435342501Z/report/figures/chart-data.json.gz,/comparison_document/paired_field_summaries/17,"{""track"":""continuum"",""final_time"":0.12,""grid"":32,""train_count"":32,""family"":""rank1"",""competitor"":""rank1_postcompression"",""independent_fields"":24,""paired_rows"":216,""independence_unit"":""field_cluster; physics/grids/schedules/seeds averaged within field"",""training_seed_scope"":""registered seeds are fixed; field interval is conditional on their ensemble"",""inference"":""descriptive paired cluster bootstrap; no multiple-comparison superiority declaration"",""error_ratio"":2.262355199918076,""error_ratio_ci95"":[1.420620721791265,3.6345707599619543],""speed_ratio"":1.0131007677156936,""speed_ratio_ci95"":[1.0100444812153666,1.0160157710711146]}"
native_paired_field_summaries,continuum,rank1,analytic_quad,8,,64,[64],0.12,,2e-05,2e-05,feasibility/pass counts only; error/cost ratios are descriptive across matching primary schedules,24,216,"[""continuum/rank1/n8/seed3600011"",""continuum/rank1/n8/seed3600021"",""continuum/rank1/n8/seed3600031""]","[""continuum/analytic_quad/n0/seedNone""]","{""primary"":[[0.02,0.04,0.06],[0.06,0.04,0.02],[0.03,0.03,0.03,0.03]]}",.runtime/frontier-full-review-20261009/extracted/fedora-frontier-20261009T005435342501Z/report/figures/chart-data.json.gz,/comparison_document/paired_field_summaries/18,"{""track"":""continuum"",""final_time"":0.12,""grid"":64,""train_count"":8,""family"":""rank1"",""competitor"":""analytic_quad"",""independent_fields"":24,""paired_rows"":216,""independence_unit"":""field_cluster; physics/grids/schedules/seeds averaged within field"",""training_seed_scope"":""registered seeds are fixed; field interval is conditional on their ensemble"",""inference"":""descriptive paired cluster bootstrap; no multiple-comparison superiority declaration"",""error_ratio"":0.4050195526264027,""error_ratio_ci95"":[0.2515513476009617,0.6247022617270536],""speed_ratio"":1.1358080757798612,""speed_ratio_ci95"":[1.1319683131043596,1.1400395381996746]}"
native_paired_field_summaries,continuum,rank1,analytic_quad_cubic,8,,64,[64],0.12,,2e-05,2e-05,feasibility/pass counts only; error/cost ratios are descriptive across matching primary schedules,24,216,"[""continuum/rank1/n8/seed3600011"",""continuum/rank1/n8/seed3600021"",""continuum/rank1/n8/seed3600031""]","[""continuum/analytic_quad_cubic/n0/seedNone""]","{""primary"":[[0.02,0.04,0.06],[0.06,0.04,0.02],[0.03,0.03,0.03,0.03]]}",.runtime/frontier-full-review-20261009/extracted/fedora-frontier-20261009T005435342501Z/report/figures/chart-data.json.gz,/comparison_document/paired_field_summaries/19,"{""track"":""continuum"",""final_time"":0.12,""grid"":64,""train_count"":8,""family"":""rank1"",""competitor"":""analytic_quad_cubic"",""independent_fields"":24,""paired_rows"":216,""independence_unit"":""field_cluster; physics/grids/schedules/seeds averaged within field"",""training_seed_scope"":""registered seeds are fixed; field interval is conditional on their ensemble"",""inference"":""descriptive paired cluster bootstrap; no multiple-comparison superiority declaration"",""error_ratio"":0.2929049227955934,""error_ratio_ci95"":[0.18292699515014912,0.4540173761478583],""speed_ratio"":3.648622025931031,""speed_ratio_ci95"":[3.6371092287317164,3.6602355987978643]}"
native_paired_field_summaries,continuum,rank1,df,8,,64,[64],0.12,,2e-05,2e-05,feasibility/pass counts only; error/cost ratios are descriptive across matching primary schedules,24,216,"[""continuum/rank1/n8/seed3600011"",""continuum/rank1/n8/seed3600021"",""continuum/rank1/n8/seed3600031""]","[""continuum/df/n0/seedNone""]","{""primary"":[[0.02,0.04,0.06],[0.06,0.04,0.02],[0.03,0.03,0.03,0.03]]}",.runtime/frontier-full-review-20261009/extracted/fedora-frontier-20261009T005435342501Z/report/figures/chart-data.json.gz,/comparison_document/paired_field_summaries/20,"{""track"":""continuum"",""final_time"":0.12,""grid"":64,""train_count"":8,""family"":""rank1"",""competitor"":""df"",""independent_fields"":24,""paired_rows"":216,""independence_unit"":""field_cluster; physics/grids/schedules/seeds averaged within field"",""training_seed_scope"":""registered seeds are fixed; field interval is conditional on their ensemble"",""inference"":""descriptive paired cluster bootstrap; no multiple-comparison superiority declaration"",""error_ratio"":4.5710073299581335,""error_ratio_ci95"":[2.9284596732396473,7.336004678668881],""speed_ratio"":0.6301496089743525,""speed_ratio_ci95"":[0.6282750492844975,0.6320573410942003]}"
native_paired_field_summaries,continuum,rank1,direct_fno,8,,64,[64],0.12,,2e-05,2e-05,feasibility/pass counts only; error/cost ratios are descriptive across matching primary schedules,24,216,"[""continuum/rank1/n8/seed3600011"",""continuum/rank1/n8/seed3600021"",""continuum/rank1/n8/seed3600031""]","[""continuum/direct_fno/n8/seed3600011"",""continuum/direct_fno/n8/seed3600021"",""continuum/direct_fno/n8/seed3600031""]","{""primary"":[[0.02,0.04,0.06],[0.06,0.04,0.02],[0.03,0.03,0.03,0.03]]}",.runtime/frontier-full-review-20261009/extracted/fedora-frontier-20261009T005435342501Z/report/figures/chart-data.json.gz,/comparison_document/paired_field_summaries/21,"{""track"":""continuum"",""final_time"":0.12,""grid"":64,""train_count"":8,""family"":""rank1"",""competitor"":""direct_fno"",""independent_fields"":24,""paired_rows"":216,""independence_unit"":""field_cluster; physics/grids/schedules/seeds averaged within field"",""training_seed_scope"":""registered seeds are fixed; field interval is conditional on their ensemble"",""inference"":""descriptive paired cluster bootstrap; no multiple-comparison superiority declaration"",""error_ratio"":56787.85360337582,""error_ratio_ci95"":[31739.743852256674,93633.51110316066],""speed_ratio"":0.14366352656784942,""speed_ratio_ci95"":[0.14291751247510337,0.14447004057888718]}"
native_paired_field_summaries,continuum,rank1,etdrk4,8,,64,[64],0.12,,2e-05,2e-05,feasibility/pass counts only; error/cost ratios are descriptive across matching primary schedules,24,216,"[""continuum/rank1/n8/seed3600011"",""continuum/rank1/n8/seed3600021"",""continuum/rank1/n8/seed3600031""]","[""continuum/etdrk4/n0/seedNone""]","{""primary"":[[0.02,0.04,0.06],[0.06,0.04,0.02],[0.03,0.03,0.03,0.03]]}",.runtime/frontier-full-review-20261009/extracted/fedora-frontier-20261009T005435342501Z/report/figures/chart-data.json.gz,/comparison_document/paired_field_summaries/22,"{""track"":""continuum"",""final_time"":0.12,""grid"":64,""train_count"":8,""family"":""rank1"",""competitor"":""etdrk4"",""independent_fields"":24,""paired_rows"":216,""independence_unit"":""field_cluster; physics/grids/schedules/seeds averaged within field"",""training_seed_scope"":""registered seeds are fixed; field interval is conditional on their ensemble"",""inference"":""descriptive paired cluster bootstrap; no multiple-comparison superiority declaration"",""error_ratio"":3.2045029463388848,""error_ratio_ci95"":[1.673121431352922,6.480229831837839],""speed_ratio"":0.19280626885795846,""speed_ratio_ci95"":[0.19176243996296458,0.19383328697221938]}"
native_paired_field_summaries,continuum,rank1,fno_small,8,,64,[64],0.12,,2e-05,2e-05,feasibility/pass counts only; error/cost ratios are descriptive across matching primary schedules,24,216,"[""continuum/rank1/n8/seed3600011"",""continuum/rank1/n8/seed3600021"",""continuum/rank1/n8/seed3600031""]","[""continuum/fno_small/n8/seed3600011"",""continuum/fno_small/n8/seed3600021"",""continuum/fno_small/n8/seed3600031""]","{""primary"":[[0.02,0.04,0.06],[0.06,0.04,0.02],[0.03,0.03,0.03,0.03]]}",.runtime/frontier-full-review-20261009/extracted/fedora-frontier-20261009T005435342501Z/report/figures/chart-data.json.gz,/comparison_document/paired_field_summaries/23,"{""track"":""continuum"",""final_time"":0.12,""grid"":64,""train_count"":8,""family"":""rank1"",""competitor"":""fno_small"",""independent_fields"":24,""paired_rows"":216,""independence_unit"":""field_cluster; physics/grids/schedules/seeds averaged within field"",""training_seed_scope"":""registered seeds are fixed; field interval is conditional on their ensemble"",""inference"":""descriptive paired cluster bootstrap; no multiple-comparison superiority declaration"",""error_ratio"":12.390228536765886,""error_ratio_ci95"":[7.351471199705459,20.393268584861094],""speed_ratio"":0.7323230221861896,""speed_ratio_ci95"":[0.7299625278360405,0.7345361525289685]}"
native_paired_field_summaries,continuum,rank1,fno_standard,8,,64,[64],0.12,,2e-05,2e-05,feasibility/pass counts only; error/cost ratios are descriptive across matching primary schedules,24,216,"[""continuum/rank1/n8/seed3600011"",""continuum/rank1/n8/seed3600021"",""continuum/rank1/n8/seed3600031""]","[""continuum/fno_standard/n8/seed3600011"",""continuum/fno_standard/n8/seed3600021"",""continuum/fno_standard/n8/seed3600031""]","{""primary"":[[0.02,0.04,0.06],[0.06,0.04,0.02],[0.03,0.03,0.03,0.03]]}",.runtime/frontier-full-review-20261009/extracted/fedora-frontier-20261009T005435342501Z/report/figures/chart-data.json.gz,/comparison_document/paired_field_summaries/24,"{""track"":""continuum"",""final_time"":0.12,""grid"":64,""train_count"":8,""family"":""rank1"",""competitor"":""fno_standard"",""independent_fields"":24,""paired_rows"":216,""independence_unit"":""field_cluster; physics/grids/schedules/seeds averaged within field"",""training_seed_scope"":""registered seeds are fixed; field interval is conditional on their ensemble"",""inference"":""descriptive paired cluster bootstrap; no multiple-comparison superiority declaration"",""error_ratio"":15.121499033270704,""error_ratio_ci95"":[9.173859826177146,24.803909422272955],""speed_ratio"":0.7903635634966908,""speed_ratio_ci95"":[0.7879515878134212,0.7926279207918246]}"
native_paired_field_summaries,continuum,rank1,rank1_frozen,8,,64,[64],0.12,,2e-05,2e-05,feasibility/pass counts only; error/cost ratios are descriptive across matching primary schedules,24,216,"[""continuum/rank1/n8/seed3600011"",""continuum/rank1/n8/seed3600021"",""continuum/rank1/n8/seed3600031""]","[""continuum/rank1_frozen/n8/seed3600011"",""continuum/rank1_frozen/n8/seed3600021"",""continuum/rank1_frozen/n8/seed3600031""]","{""primary"":[[0.02,0.04,0.06],[0.06,0.04,0.02],[0.03,0.03,0.03,0.03]]}",.runtime/frontier-full-review-20261009/extracted/fedora-frontier-20261009T005435342501Z/report/figures/chart-data.json.gz,/comparison_document/paired_field_summaries/25,"{""track"":""continuum"",""final_time"":0.12,""grid"":64,""train_count"":8,""family"":""rank1"",""competitor"":""rank1_frozen"",""independent_fields"":24,""paired_rows"":216,""independence_unit"":""field_cluster; physics/grids/schedules/seeds averaged within field"",""training_seed_scope"":""registered seeds are fixed; field interval is conditional on their ensemble"",""inference"":""descriptive paired cluster bootstrap; no multiple-comparison superiority declaration"",""error_ratio"":3.0395266547119855,""error_ratio_ci95"":[2.1550860750130423,4.780816528582633],""speed_ratio"":1.0008907187031844,""speed_ratio_ci95"":[0.9983082497847869,1.0039412163424832]}"
native_paired_field_summaries,continuum,rank1,rank1_postcompression,8,,64,[64],0.12,,2e-05,2e-05,feasibility/pass counts only; error/cost ratios are descriptive across matching primary schedules,24,216,"[""continuum/rank1/n8/seed3600011"",""continuum/rank1/n8/seed3600021"",""continuum/rank1/n8/seed3600031""]","[""continuum/rank1_postcompression/n8/seed3600011"",""continuum/rank1_postcompression/n8/seed3600021"",""continuum/rank1_postcompression/n8/seed3600031""]","{""primary"":[[0.02,0.04,0.06],[0.06,0.04,0.02],[0.03,0.03,0.03,0.03]]}",.runtime/frontier-full-review-20261009/extracted/fedora-frontier-20261009T005435342501Z/report/figures/chart-data.json.gz,/comparison_document/paired_field_summaries/26,"{""track"":""continuum"",""final_time"":0.12,""grid"":64,""train_count"":8,""family"":""rank1"",""competitor"":""rank1_postcompression"",""independent_fields"":24,""paired_rows"":216,""independence_unit"":""field_cluster; physics/grids/schedules/seeds averaged within field"",""training_seed_scope"":""registered seeds are fixed; field interval is conditional on their ensemble"",""inference"":""descriptive paired cluster bootstrap; no multiple-comparison superiority declaration"",""error_ratio"":2.778790636508671,""error_ratio_ci95"":[1.6943396899671643,4.853666197346676],""speed_ratio"":1.01134134206433,""speed_ratio_ci95"":[1.008228591648352,1.0138855871800765]}"
native_paired_field_summaries,continuum,rank1,analytic_quad,32,,64,[64],0.12,,2e-05,2e-05,feasibility/pass counts only; error/cost ratios are descriptive across matching primary schedules,24,216,"[""continuum/rank1/n32/seed3600011"",""continuum/rank1/n32/seed3600021"",""continuum/rank1/n32/seed3600031""]","[""continuum/analytic_quad/n0/seedNone""]","{""primary"":[[0.02,0.04,0.06],[0.06,0.04,0.02],[0.03,0.03,0.03,0.03]]}",.runtime/frontier-full-review-20261009/extracted/fedora-frontier-20261009T005435342501Z/report/figures/chart-data.json.gz,/comparison_document/paired_field_summaries/27,"{""track"":""continuum"",""final_time"":0.12,""grid"":64,""train_count"":32,""family"":""rank1"",""competitor"":""analytic_quad"",""independent_fields"":24,""paired_rows"":216,""independence_unit"":""field_cluster; physics/grids/schedules/seeds averaged within field"",""training_seed_scope"":""registered seeds are fixed; field interval is conditional on their ensemble"",""inference"":""descriptive paired cluster bootstrap; no multiple-comparison superiority declaration"",""error_ratio"":0.3649438776398356,""error_ratio_ci95"":[0.22125582640951064,0.5476658659275264],""speed_ratio"":1.1353806727956854,""speed_ratio_ci95"":[1.1311766755600243,1.1397063334111106]}"
native_paired_field_summaries,continuum,rank1,analytic_quad_cubic,32,,64,[64],0.12,,2e-05,2e-05,feasibility/pass counts only; error/cost ratios are descriptive across matching primary schedules,24,216,"[""continuum/rank1/n32/seed3600011"",""continuum/rank1/n32/seed3600021"",""continuum/rank1/n32/seed3600031""]","[""continuum/analytic_quad_cubic/n0/seedNone""]","{""primary"":[[0.02,0.04,0.06],[0.06,0.04,0.02],[0.03,0.03,0.03,0.03]]}",.runtime/frontier-full-review-20261009/extracted/fedora-frontier-20261009T005435342501Z/report/figures/chart-data.json.gz,/comparison_document/paired_field_summaries/28,"{""track"":""continuum"",""final_time"":0.12,""grid"":64,""train_count"":32,""family"":""rank1"",""competitor"":""analytic_quad_cubic"",""independent_fields"":24,""paired_rows"":216,""independence_unit"":""field_cluster; physics/grids/schedules/seeds averaged within field"",""training_seed_scope"":""registered seeds are fixed; field interval is conditional on their ensemble"",""inference"":""descriptive paired cluster bootstrap; no multiple-comparison superiority declaration"",""error_ratio"":0.26392271092013514,""error_ratio_ci95"":[0.17012084354373758,0.4006772123244593],""speed_ratio"":3.6472490545855494,""speed_ratio_ci95"":[3.6370229556869798,3.6567512256808397]}"
native_paired_field_summaries,continuum,rank1,df,32,,64,[64],0.12,,2e-05,2e-05,feasibility/pass counts only; error/cost ratios are descriptive across matching primary schedules,24,216,"[""continuum/rank1/n32/seed3600011"",""continuum/rank1/n32/seed3600021"",""continuum/rank1/n32/seed3600031""]","[""continuum/df/n0/seedNone""]","{""primary"":[[0.02,0.04,0.06],[0.06,0.04,0.02],[0.03,0.03,0.03,0.03]]}",.runtime/frontier-full-review-20261009/extracted/fedora-frontier-20261009T005435342501Z/report/figures/chart-data.json.gz,/comparison_document/paired_field_summaries/29,"{""track"":""continuum"",""final_time"":0.12,""grid"":64,""train_count"":32,""family"":""rank1"",""competitor"":""df"",""independent_fields"":24,""paired_rows"":216,""independence_unit"":""field_cluster; physics/grids/schedules/seeds averaged within field"",""training_seed_scope"":""registered seeds are fixed; field interval is conditional on their ensemble"",""inference"":""descriptive paired cluster bootstrap; no multiple-comparison superiority declaration"",""error_ratio"":4.118717550541996,""error_ratio_ci95"":[2.783177968254013,6.0984196966219715],""speed_ratio"":0.6299124845612618,""speed_ratio_ci95"":[0.6274297557437974,0.6326522236919591]}"
native_paired_field_summaries,continuum,rank1,direct_fno,32,,64,[64],0.12,,2e-05,2e-05,feasibility/pass counts only; error/cost ratios are descriptive across matching primary schedules,24,216,"[""continuum/rank1/n32/seed3600011"",""continuum/rank1/n32/seed3600021"",""continuum/rank1/n32/seed3600031""]","[""continuum/direct_fno/n32/seed3600011"",""continuum/direct_fno/n32/seed3600021"",""continuum/direct_fno/n32/seed3600031""]","{""primary"":[[0.02,0.04,0.06],[0.06,0.04,0.02],[0.03,0.03,0.03,0.03]]}",.runtime/frontier-full-review-20261009/extracted/fedora-frontier-20261009T005435342501Z/report/figures/chart-data.json.gz,/comparison_document/paired_field_summaries/30,"{""track"":""continuum"",""final_time"":0.12,""grid"":64,""train_count"":32,""family"":""rank1"",""competitor"":""direct_fno"",""independent_fields"":24,""paired_rows"":216,""independence_unit"":""field_cluster; physics/grids/schedules/seeds averaged within field"",""training_seed_scope"":""registered seeds are fixed; field interval is conditional on their ensemble"",""inference"":""descriptive paired cluster bootstrap; no multiple-comparison superiority declaration"",""error_ratio"":49587.86557748395,""error_ratio_ci95"":[31399.34827141245,74193.59064177514],""speed_ratio"":0.1439064184327477,""speed_ratio_ci95"":[0.143134907706746,0.1447903957857223]}"
native_paired_field_summaries,continuum,rank1,etdrk4,32,,64,[64],0.12,,2e-05,2e-05,feasibility/pass counts only; error/cost ratios are descriptive across matching primary schedules,24,216,"[""continuum/rank1/n32/seed3600011"",""continuum/rank1/n32/seed3600021"",""continuum/rank1/n32/seed3600031""]","[""continuum/etdrk4/n0/seedNone""]","{""primary"":[[0.02,0.04,0.06],[0.06,0.04,0.02],[0.03,0.03,0.03,0.03]]}",.runtime/frontier-full-review-20261009/extracted/fedora-frontier-20261009T005435342501Z/report/figures/chart-data.json.gz,/comparison_document/paired_field_summaries/31,"{""track"":""continuum"",""final_time"":0.12,""grid"":64,""train_count"":32,""family"":""rank1"",""competitor"":""etdrk4"",""independent_fields"":24,""paired_rows"":216,""independence_unit"":""field_cluster; physics/grids/schedules/seeds averaged within field"",""training_seed_scope"":""registered seeds are fixed; field interval is conditional on their ensemble"",""inference"":""descriptive paired cluster bootstrap; no multiple-comparison superiority declaration"",""error_ratio"":2.8874253688782394,""error_ratio_ci95"":[1.5505055017505065,5.662517095421383],""speed_ratio"":0.19273371612969833,""speed_ratio_ci95"":[0.19171371973334245,0.19376935144144833]}"
native_paired_field_summaries,continuum,rank1,fno_small,32,,64,[64],0.12,,2e-05,2e-05,feasibility/pass counts only; error/cost ratios are descriptive across matching primary schedules,24,216,"[""continuum/rank1/n32/seed3600011"",""continuum/rank1/n32/seed3600021"",""continuum/rank1/n32/seed3600031""]","[""continuum/fno_small/n32/seed3600011"",""continuum/fno_small/n32/seed3600021"",""continuum/fno_small/n32/seed3600031""]","{""primary"":[[0.02,0.04,0.06],[0.06,0.04,0.02],[0.03,0.03,0.03,0.03]]}",.runtime/frontier-full-review-20261009/extracted/fedora-frontier-20261009T005435342501Z/report/figures/chart-data.json.gz,/comparison_document/paired_field_summaries/32,"{""track"":""continuum"",""final_time"":0.12,""grid"":64,""train_count"":32,""family"":""rank1"",""competitor"":""fno_small"",""independent_fields"":24,""paired_rows"":216,""independence_unit"":""field_cluster; physics/grids/schedules/seeds averaged within field"",""training_seed_scope"":""registered seeds are fixed; field interval is conditional on their ensemble"",""inference"":""descriptive paired cluster bootstrap; no multiple-comparison superiority declaration"",""error_ratio"":11.602240363816227,""error_ratio_ci95"":[7.2038998714461275,18.516372089965593],""speed_ratio"":0.7319155520496436,""speed_ratio_ci95"":[0.7302453056230706,0.733583903647858]}"
native_paired_field_summaries,continuum,rank1,fno_standard,32,,64,[64],0.12,,2e-05,2e-05,feasibility/pass counts only; error/cost ratios are descriptive across matching primary schedules,24,216,"[""continuum/rank1/n32/seed3600011"",""continuum/rank1/n32/seed3600021"",""continuum/rank1/n32/seed3600031""]","[""continuum/fno_standard/n32/seed3600011"",""continuum/fno_standard/n32/seed3600021"",""continuum/fno_standard/n32/seed3600031""]","{""primary"":[[0.02,0.04,0.06],[0.06,0.04,0.02],[0.03,0.03,0.03,0.03]]}",.runtime/frontier-full-review-20261009/extracted/fedora-frontier-20261009T005435342501Z/report/figures/chart-data.json.gz,/comparison_document/paired_field_summaries/33,"{""track"":""continuum"",""final_time"":0.12,""grid"":64,""train_count"":32,""family"":""rank1"",""competitor"":""fno_standard"",""independent_fields"":24,""paired_rows"":216,""independence_unit"":""field_cluster; physics/grids/schedules/seeds averaged within field"",""training_seed_scope"":""registered seeds are fixed; field interval is conditional on their ensemble"",""inference"":""descriptive paired cluster bootstrap; no multiple-comparison superiority declaration"",""error_ratio"":13.705293555872725,""error_ratio_ci95"":[9.167419809260032,20.47396290252107],""speed_ratio"":0.7888059669634584,""speed_ratio_ci95"":[0.7868046780484639,0.7907110382436193]}"
native_paired_field_summaries,continuum,rank1,rank1_frozen,32,,64,[64],0.12,,2e-05,2e-05,feasibility/pass counts only; error/cost ratios are descriptive across matching primary schedules,24,216,"[""continuum/rank1/n32/seed3600011"",""continuum/rank1/n32/seed3600021"",""continuum/rank1/n32/seed3600031""]","[""continuum/rank1_frozen/n32/seed3600011"",""continuum/rank1_frozen/n32/seed3600021"",""continuum/rank1_frozen/n32/seed3600031""]","{""primary"":[[0.02,0.04,0.06],[0.06,0.04,0.02],[0.03,0.03,0.03,0.03]]}",.runtime/frontier-full-review-20261009/extracted/fedora-frontier-20261009T005435342501Z/report/figures/chart-data.json.gz,/comparison_document/paired_field_summaries/34,"{""track"":""continuum"",""final_time"":0.12,""grid"":64,""train_count"":32,""family"":""rank1"",""competitor"":""rank1_frozen"",""independent_fields"":24,""paired_rows"":216,""independence_unit"":""field_cluster; physics/grids/schedules/seeds averaged within field"",""training_seed_scope"":""registered seeds are fixed; field interval is conditional on their ensemble"",""inference"":""descriptive paired cluster bootstrap; no multiple-comparison superiority declaration"",""error_ratio"":2.7387730700088637,""error_ratio_ci95"":[1.978029285275563,3.752761828427941],""speed_ratio"":0.9999044509093409,""speed_ratio_ci95"":[0.9969389798010299,1.002933818164629]}"
native_paired_field_summaries,continuum,rank1,rank1_postcompression,32,,64,[64],0.12,,2e-05,2e-05,feasibility/pass counts only; error/cost ratios are descriptive across matching primary schedules,24,216,"[""continuum/rank1/n32/seed3600011"",""continuum/rank1/n32/seed3600021"",""continuum/rank1/n32/seed3600031""]","[""continuum/rank1_postcompression/n32/seed3600011"",""continuum/rank1_postcompression/n32/seed3600021"",""continuum/rank1_postcompression/n32/seed3600031""]","{""primary"":[[0.02,0.04,0.06],[0.06,0.04,0.02],[0.03,0.03,0.03,0.03]]}",.runtime/frontier-full-review-20261009/extracted/fedora-frontier-20261009T005435342501Z/report/figures/chart-data.json.gz,/comparison_document/paired_field_summaries/35,"{""track"":""continuum"",""final_time"":0.12,""grid"":64,""train_count"":32,""family"":""rank1"",""competitor"":""rank1_postcompression"",""independent_fields"":24,""paired_rows"":216,""independence_unit"":""field_cluster; physics/grids/schedules/seeds averaged within field"",""training_seed_scope"":""registered seeds are fixed; field interval is conditional on their ensemble"",""inference"":""descriptive paired cluster bootstrap; no multiple-comparison superiority declaration"",""error_ratio"":2.295295580381142,""error_ratio_ci95"":[1.4486338263904261,3.9762818252074625],""speed_ratio"":1.0113250060300805,""speed_ratio_ci95"":[1.009068066140436,1.0137418430762262]}"
native_paired_field_summaries,continuum,rank1,analytic_quad,8,,32,[32],0.24,,2e-05,2e-05,feasibility/pass counts only; error/cost ratios are descriptive across matching primary schedules,24,144,"[""continuum/rank1/n8/seed3600011"",""continuum/rank1/n8/seed3600021"",""continuum/rank1/n8/seed3600031""]","[""continuum/analytic_quad/n0/seedNone""]","{""primary"":[[0.04,0.08,0.12],[0.12,0.08,0.04]]}",.runtime/frontier-full-review-20261009/extracted/fedora-frontier-20261009T005435342501Z/report/figures/chart-data.json.gz,/comparison_document/paired_field_summaries/36,"{""track"":""continuum"",""final_time"":0.24,""grid"":32,""train_count"":8,""family"":""rank1"",""competitor"":""analytic_quad"",""independent_fields"":24,""paired_rows"":144,""independence_unit"":""field_cluster; physics/grids/schedules/seeds averaged within field"",""training_seed_scope"":""registered seeds are fixed; field interval is conditional on their ensemble"",""inference"":""descriptive paired cluster bootstrap; no multiple-comparison superiority declaration"",""error_ratio"":0.4799187485127577,""error_ratio_ci95"":[0.30010221821894256,0.7128580708000946],""speed_ratio"":1.1302559073902951,""speed_ratio_ci95"":[1.1241001306064204,1.1362988955845539]}"
native_paired_field_summaries,continuum,rank1,analytic_quad_cubic,8,,32,[32],0.24,,2e-05,2e-05,feasibility/pass counts only; error/cost ratios are descriptive across matching primary schedules,24,144,"[""continuum/rank1/n8/seed3600011"",""continuum/rank1/n8/seed3600021"",""continuum/rank1/n8/seed3600031""]","[""continuum/analytic_quad_cubic/n0/seedNone""]","{""primary"":[[0.04,0.08,0.12],[0.12,0.08,0.04]]}",.runtime/frontier-full-review-20261009/extracted/fedora-frontier-20261009T005435342501Z/report/figures/chart-data.json.gz,/comparison_document/paired_field_summaries/37,"{""track"":""continuum"",""final_time"":0.24,""grid"":32,""train_count"":8,""family"":""rank1"",""competitor"":""analytic_quad_cubic"",""independent_fields"":24,""paired_rows"":144,""independence_unit"":""field_cluster; physics/grids/schedules/seeds averaged within field"",""training_seed_scope"":""registered seeds are fixed; field interval is conditional on their ensemble"",""inference"":""descriptive paired cluster bootstrap; no multiple-comparison superiority declaration"",""error_ratio"":0.35311439315700816,""error_ratio_ci95"":[0.23084696837582852,0.5449661578663683],""speed_ratio"":3.5826543936965782,""speed_ratio_ci95"":[3.5364960600642323,3.618972569283781]}"
native_paired_field_summaries,continuum,rank1,df,8,,32,[32],0.24,,2e-05,2e-05,feasibility/pass counts only; error/cost ratios are descriptive across matching primary schedules,24,144,"[""continuum/rank1/n8/seed3600011"",""continuum/rank1/n8/seed3600021"",""continuum/rank1/n8/seed3600031""]","[""continuum/df/n0/seedNone""]","{""primary"":[[0.04,0.08,0.12],[0.12,0.08,0.04]]}",.runtime/frontier-full-review-20261009/extracted/fedora-frontier-20261009T005435342501Z/report/figures/chart-data.json.gz,/comparison_document/paired_field_summaries/38,"{""track"":""continuum"",""final_time"":0.24,""grid"":32,""train_count"":8,""family"":""rank1"",""competitor"":""df"",""independent_fields"":24,""paired_rows"":144,""independence_unit"":""field_cluster; physics/grids/schedules/seeds averaged within field"",""training_seed_scope"":""registered seeds are fixed; field interval is conditional on their ensemble"",""inference"":""descriptive paired cluster bootstrap; no multiple-comparison superiority declaration"",""error_ratio"":4.83858335736977,""error_ratio_ci95"":[3.004105849753732,7.592947460585574],""speed_ratio"":0.638552979992423,""speed_ratio_ci95"":[0.6317509855423837,0.6462876084528413]}"
native_paired_field_summaries,continuum,rank1,direct_fno,8,,32,[32],0.24,,2e-05,2e-05,feasibility/pass counts only; error/cost ratios are descriptive across matching primary schedules,24,144,"[""continuum/rank1/n8/seed3600011"",""continuum/rank1/n8/seed3600021"",""continuum/rank1/n8/seed3600031""]","[""continuum/direct_fno/n8/seed3600011"",""continuum/direct_fno/n8/seed3600021"",""continuum/direct_fno/n8/seed3600031""]","{""primary"":[[0.04,0.08,0.12],[0.12,0.08,0.04]]}",.runtime/frontier-full-review-20261009/extracted/fedora-frontier-20261009T005435342501Z/report/figures/chart-data.json.gz,/comparison_document/paired_field_summaries/39,"{""track"":""continuum"",""final_time"":0.24,""grid"":32,""train_count"":8,""family"":""rank1"",""competitor"":""direct_fno"",""independent_fields"":24,""paired_rows"":144,""independence_unit"":""field_cluster; physics/grids/schedules/seeds averaged within field"",""training_seed_scope"":""registered seeds are fixed; field interval is conditional on their ensemble"",""inference"":""descriptive paired cluster bootstrap; no multiple-comparison superiority declaration"",""error_ratio"":44422.94511788117,""error_ratio_ci95"":[25378.500050935858,74319.59143331155],""speed_ratio"":0.13980348295388825,""speed_ratio_ci95"":[0.1366980368519649,0.14221789044237448]}"
native_paired_field_summaries,continuum,rank1,etdrk4,8,,32,[32],0.24,,2e-05,2e-05,feasibility/pass counts only; error/cost ratios are descriptive across matching primary schedules,24,144,"[""continuum/rank1/n8/seed3600011"",""continuum/rank1/n8/seed3600021"",""continuum/rank1/n8/seed3600031""]","[""continuum/etdrk4/n0/seedNone""]","{""primary"":[[0.04,0.08,0.12],[0.12,0.08,0.04]]}",.runtime/frontier-full-review-20261009/extracted/fedora-frontier-20261009T005435342501Z/report/figures/chart-data.json.gz,/comparison_document/paired_field_summaries/40,"{""track"":""continuum"",""final_time"":0.24,""grid"":32,""train_count"":8,""family"":""rank1"",""competitor"":""etdrk4"",""independent_fields"":24,""paired_rows"":144,""independence_unit"":""field_cluster; physics/grids/schedules/seeds averaged within field"",""training_seed_scope"":""registered seeds are fixed; field interval is conditional on their ensemble"",""inference"":""descriptive paired cluster bootstrap; no multiple-comparison superiority declaration"",""error_ratio"":14.863018315340025,""error_ratio_ci95"":[5.572784241776706,41.93654804939305],""speed_ratio"":0.1872887152010998,""speed_ratio_ci95"":[0.18361303895698636,0.18993812505084623]}"
native_paired_field_summaries,continuum,rank1,fno_small,8,,32,[32],0.24,,2e-05,2e-05,feasibility/pass counts only; error/cost ratios are descriptive across matching primary schedules,24,144,"[""continuum/rank1/n8/seed3600011"",""continuum/rank1/n8/seed3600021"",""continuum/rank1/n8/seed3600031""]","[""continuum/fno_small/n8/seed3600011"",""continuum/fno_small/n8/seed3600021"",""continuum/fno_small/n8/seed3600031""]","{""primary"":[[0.04,0.08,0.12],[0.12,0.08,0.04]]}",.runtime/frontier-full-review-20261009/extracted/fedora-frontier-20261009T005435342501Z/report/figures/chart-data.json.gz,/comparison_document/paired_field_summaries/41,"{""track"":""continuum"",""final_time"":0.24,""grid"":32,""train_count"":8,""family"":""rank1"",""competitor"":""fno_small"",""independent_fields"":24,""paired_rows"":144,""independence_unit"":""field_cluster; physics/grids/schedules/seeds averaged within field"",""training_seed_scope"":""registered seeds are fixed; field interval is conditional on their ensemble"",""inference"":""descriptive paired cluster bootstrap; no multiple-comparison superiority declaration"",""error_ratio"":34.06498973121288,""error_ratio_ci95"":[19.524517325182003,61.014516532722894],""speed_ratio"":0.7392541878730943,""speed_ratio_ci95"":[0.7338482410950277,0.7451673581194064]}"
native_paired_field_summaries,continuum,rank1,fno_standard,8,,32,[32],0.24,,2e-05,2e-05,feasibility/pass counts only; error/cost ratios are descriptive across matching primary schedules,24,144,"[""continuum/rank1/n8/seed3600011"",""continuum/rank1/n8/seed3600021"",""continuum/rank1/n8/seed3600031""]","[""continuum/fno_standard/n8/seed3600011"",""continuum/fno_standard/n8/seed3600021"",""continuum/fno_standard/n8/seed3600031""]","{""primary"":[[0.04,0.08,0.12],[0.12,0.08,0.04]]}",.runtime/frontier-full-review-20261009/extracted/fedora-frontier-20261009T005435342501Z/report/figures/chart-data.json.gz,/comparison_document/paired_field_summaries/42,"{""track"":""continuum"",""final_time"":0.24,""grid"":32,""train_count"":8,""family"":""rank1"",""competitor"":""fno_standard"",""independent_fields"":24,""paired_rows"":144,""independence_unit"":""field_cluster; physics/grids/schedules/seeds averaged within field"",""training_seed_scope"":""registered seeds are fixed; field interval is conditional on their ensemble"",""inference"":""descriptive paired cluster bootstrap; no multiple-comparison superiority declaration"",""error_ratio"":23.85415826283363,""error_ratio_ci95"":[13.361017655581302,44.74333957693605],""speed_ratio"":0.7932216457325902,""speed_ratio_ci95"":[0.7886343049976441,0.7988457026303919]}"
native_paired_field_summaries,continuum,rank1,rank1_frozen,8,,32,[32],0.24,,2e-05,2e-05,feasibility/pass counts only; error/cost ratios are descriptive across matching primary schedules,24,144,"[""continuum/rank1/n8/seed3600011"",""continuum/rank1/n8/seed3600021"",""continuum/rank1/n8/seed3600031""]","[""continuum/rank1_frozen/n8/seed3600011"",""continuum/rank1_frozen/n8/seed3600021"",""continuum/rank1_frozen/n8/seed3600031""]","{""primary"":[[0.04,0.08,0.12],[0.12,0.08,0.04]]}",.runtime/frontier-full-review-20261009/extracted/fedora-frontier-20261009T005435342501Z/report/figures/chart-data.json.gz,/comparison_document/paired_field_summaries/43,"{""track"":""continuum"",""final_time"":0.24,""grid"":32,""train_count"":8,""family"":""rank1"",""competitor"":""rank1_frozen"",""independent_fields"":24,""paired_rows"":144,""independence_unit"":""field_cluster; physics/grids/schedules/seeds averaged within field"",""training_seed_scope"":""registered seeds are fixed; field interval is conditional on their ensemble"",""inference"":""descriptive paired cluster bootstrap; no multiple-comparison superiority declaration"",""error_ratio"":3.10976399590723,""error_ratio_ci95"":[2.041697968756027,4.649710832507987],""speed_ratio"":0.9980353586901284,""speed_ratio_ci95"":[0.993428567682933,1.0016311608533381]}"
native_paired_field_summaries,continuum,rank1,rank1_postcompression,8,,32,[32],0.24,,2e-05,2e-05,feasibility/pass counts only; error/cost ratios are descriptive across matching primary schedules,24,144,"[""continuum/rank1/n8/seed3600011"",""continuum/rank1/n8/seed3600021"",""continuum/rank1/n8/seed3600031""]","[""continuum/rank1_postcompression/n8/seed3600011"",""continuum/rank1_postcompression/n8/seed3600021"",""continuum/rank1_postcompression/n8/seed3600031""]","{""primary"":[[0.04,0.08,0.12],[0.12,0.08,0.04]]}",.runtime/frontier-full-review-20261009/extracted/fedora-frontier-20261009T005435342501Z/report/figures/chart-data.json.gz,/comparison_document/paired_field_summaries/44,"{""track"":""continuum"",""final_time"":0.24,""grid"":32,""train_count"":8,""family"":""rank1"",""competitor"":""rank1_postcompression"",""independent_fields"":24,""paired_rows"":144,""independence_unit"":""field_cluster; physics/grids/schedules/seeds averaged within field"",""training_seed_scope"":""registered seeds are fixed; field interval is conditional on their ensemble"",""inference"":""descriptive paired cluster bootstrap; no multiple-comparison superiority declaration"",""error_ratio"":2.359491302328743,""error_ratio_ci95"":[1.3940536228484952,4.113545788488043],""speed_ratio"":1.010557052196744,""speed_ratio_ci95"":[1.00732624830416,1.0139209750515037]}"
native_paired_field_summaries,continuum,rank1,analytic_quad,32,,32,[32],0.24,,2e-05,2e-05,feasibility/pass counts only; error/cost ratios are descriptive across matching primary schedules,24,144,"[""continuum/rank1/n32/seed3600011"",""continuum/rank1/n32/seed3600021"",""continuum/rank1/n32/seed3600031""]","[""continuum/analytic_quad/n0/seedNone""]","{""primary"":[[0.04,0.08,0.12],[0.12,0.08,0.04]]}",.runtime/frontier-full-review-20261009/extracted/fedora-frontier-20261009T005435342501Z/report/figures/chart-data.json.gz,/comparison_document/paired_field_summaries/45,"{""track"":""continuum"",""final_time"":0.24,""grid"":32,""train_count"":32,""family"":""rank1"",""competitor"":""analytic_quad"",""independent_fields"":24,""paired_rows"":144,""independence_unit"":""field_cluster; physics/grids/schedules/seeds averaged within field"",""training_seed_scope"":""registered seeds are fixed; field interval is conditional on their ensemble"",""inference"":""descriptive paired cluster bootstrap; no multiple-comparison superiority declaration"",""error_ratio"":0.4064487893665622,""error_ratio_ci95"":[0.23839286978268476,0.6215232568454824],""speed_ratio"":1.1325471476565607,""speed_ratio_ci95"":[1.1273401619686163,1.1387930319716382]}"
native_paired_field_summaries,continuum,rank1,analytic_quad_cubic,32,,32,[32],0.24,,2e-05,2e-05,feasibility/pass counts only; error/cost ratios are descriptive across matching primary schedules,24,144,"[""continuum/rank1/n32/seed3600011"",""continuum/rank1/n32/seed3600021"",""continuum/rank1/n32/seed3600031""]","[""continuum/analytic_quad_cubic/n0/seedNone""]","{""primary"":[[0.04,0.08,0.12],[0.12,0.08,0.04]]}",.runtime/frontier-full-review-20261009/extracted/fedora-frontier-20261009T005435342501Z/report/figures/chart-data.json.gz,/comparison_document/paired_field_summaries/46,"{""track"":""continuum"",""final_time"":0.24,""grid"":32,""train_count"":32,""family"":""rank1"",""competitor"":""analytic_quad_cubic"",""independent_fields"":24,""paired_rows"":144,""independence_unit"":""field_cluster; physics/grids/schedules/seeds averaged within field"",""training_seed_scope"":""registered seeds are fixed; field interval is conditional on their ensemble"",""inference"":""descriptive paired cluster bootstrap; no multiple-comparison superiority declaration"",""error_ratio"":0.2990567008506003,""error_ratio_ci95"":[0.18123385319025176,0.4611158011597715],""speed_ratio"":3.589917104692626,""speed_ratio_ci95"":[3.541565867727879,3.6280056323877115]}"
native_paired_field_summaries,continuum,rank1,df,32,,32,[32],0.24,,2e-05,2e-05,feasibility/pass counts only; error/cost ratios are descriptive across matching primary schedules,24,144,"[""continuum/rank1/n32/seed3600011"",""continuum/rank1/n32/seed3600021"",""continuum/rank1/n32/seed3600031""]","[""continuum/df/n0/seedNone""]","{""primary"":[[0.04,0.08,0.12],[0.12,0.08,0.04]]}",.runtime/frontier-full-review-20261009/extracted/fedora-frontier-20261009T005435342501Z/report/figures/chart-data.json.gz,/comparison_document/paired_field_summaries/47,"{""track"":""continuum"",""final_time"":0.24,""grid"":32,""train_count"":32,""family"":""rank1"",""competitor"":""df"",""independent_fields"":24,""paired_rows"":144,""independence_unit"":""field_cluster; physics/grids/schedules/seeds averaged within field"",""training_seed_scope"":""registered seeds are fixed; field interval is conditional on their ensemble"",""inference"":""descriptive paired cluster bootstrap; no multiple-comparison superiority declaration"",""error_ratio"":4.097852717666562,""error_ratio_ci95"":[2.6635946550395393,5.979974656490448],""speed_ratio"":0.639847446396302,""speed_ratio_ci95"":[0.6334646579840632,0.6471809221300647]}"
native_paired_field_summaries,continuum,rank1,direct_fno,32,,32,[32],0.24,,2e-05,2e-05,feasibility/pass counts only; error/cost ratios are descriptive across matching primary schedules,24,144,"[""continuum/rank1/n32/seed3600011"",""continuum/rank1/n32/seed3600021"",""continuum/rank1/n32/seed3600031""]","[""continuum/direct_fno/n32/seed3600011"",""continuum/direct_fno/n32/seed3600021"",""continuum/direct_fno/n32/seed3600031""]","{""primary"":[[0.04,0.08,0.12],[0.12,0.08,0.04]]}",.runtime/frontier-full-review-20261009/extracted/fedora-frontier-20261009T005435342501Z/report/figures/chart-data.json.gz,/comparison_document/paired_field_summaries/48,"{""track"":""continuum"",""final_time"":0.24,""grid"":32,""train_count"":32,""family"":""rank1"",""competitor"":""direct_fno"",""independent_fields"":24,""paired_rows"":144,""independence_unit"":""field_cluster; physics/grids/schedules/seeds averaged within field"",""training_seed_scope"":""registered seeds are fixed; field interval is conditional on their ensemble"",""inference"":""descriptive paired cluster bootstrap; no multiple-comparison superiority declaration"",""error_ratio"":38685.72869948567,""error_ratio_ci95"":[22458.48690667236,65100.93703505229],""speed_ratio"":0.13989753780519548,""speed_ratio_ci95"":[0.13680334867193789,0.1422538570274304]}"
native_paired_field_summaries,continuum,rank1,etdrk4,32,,32,[32],0.24,,2e-05,2e-05,feasibility/pass counts only; error/cost ratios are descriptive across matching primary schedules,24,144,"[""continuum/rank1/n32/seed3600011"",""continuum/rank1/n32/seed3600021"",""continuum/rank1/n32/seed3600031""]","[""continuum/etdrk4/n0/seedNone""]","{""primary"":[[0.04,0.08,0.12],[0.12,0.08,0.04]]}",.runtime/frontier-full-review-20261009/extracted/fedora-frontier-20261009T005435342501Z/report/figures/chart-data.json.gz,/comparison_document/paired_field_summaries/49,"{""track"":""continuum"",""final_time"":0.24,""grid"":32,""train_count"":32,""family"":""rank1"",""competitor"":""etdrk4"",""independent_fields"":24,""paired_rows"":144,""independence_unit"":""field_cluster; physics/grids/schedules/seeds averaged within field"",""training_seed_scope"":""registered seeds are fixed; field interval is conditional on their ensemble"",""inference"":""descriptive paired cluster bootstrap; no multiple-comparison superiority declaration"",""error_ratio"":12.587663681245838,""error_ratio_ci95"":[4.396308850354769,35.27888355531423],""speed_ratio"":0.1876683844803135,""speed_ratio_ci95"":[0.18422060678167523,0.1903828844886317]}"
native_paired_field_summaries,continuum,rank1,fno_small,32,,32,[32],0.24,,2e-05,2e-05,feasibility/pass counts only; error/cost ratios are descriptive across matching primary schedules,24,144,"[""continuum/rank1/n32/seed3600011"",""continuum/rank1/n32/seed3600021"",""continuum/rank1/n32/seed3600031""]","[""continuum/fno_small/n32/seed3600011"",""continuum/fno_small/n32/seed3600021"",""continuum/fno_small/n32/seed3600031""]","{""primary"":[[0.04,0.08,0.12],[0.12,0.08,0.04]]}",.runtime/frontier-full-review-20261009/extracted/fedora-frontier-20261009T005435342501Z/report/figures/chart-data.json.gz,/comparison_document/paired_field_summaries/50,"{""track"":""continuum"",""final_time"":0.24,""grid"":32,""train_count"":32,""family"":""rank1"",""competitor"":""fno_small"",""independent_fields"":24,""paired_rows"":144,""independence_unit"":""field_cluster; physics/grids/schedules/seeds averaged within field"",""training_seed_scope"":""registered seeds are fixed; field interval is conditional on their ensemble"",""inference"":""descriptive paired cluster bootstrap; no multiple-comparison superiority declaration"",""error_ratio"":22.827652802119253,""error_ratio_ci95"":[12.751341610496024,41.93582234380819],""speed_ratio"":0.7393599988301454,""speed_ratio_ci95"":[0.7343003533002556,0.7448653380703284]}"
native_paired_field_summaries,continuum,rank1,fno_standard,32,,32,[32],0.24,,2e-05,2e-05,feasibility/pass counts only; error/cost ratios are descriptive across matching primary schedules,24,144,"[""continuum/rank1/n32/seed3600011"",""continuum/rank1/n32/seed3600021"",""continuum/rank1/n32/seed3600031""]","[""continuum/fno_standard/n32/seed3600011"",""continuum/fno_standard/n32/seed3600021"",""continuum/fno_standard/n32/seed3600031""]","{""primary"":[[0.04,0.08,0.12],[0.12,0.08,0.04]]}",.runtime/frontier-full-review-20261009/extracted/fedora-frontier-20261009T005435342501Z/report/figures/chart-data.json.gz,/comparison_document/paired_field_summaries/51,"{""track"":""continuum"",""final_time"":0.24,""grid"":32,""train_count"":32,""family"":""rank1"",""competitor"":""fno_standard"",""independent_fields"":24,""paired_rows"":144,""independence_unit"":""field_cluster; physics/grids/schedules/seeds averaged within field"",""training_seed_scope"":""registered seeds are fixed; field interval is conditional on their ensemble"",""inference"":""descriptive paired cluster bootstrap; no multiple-comparison superiority declaration"",""error_ratio"":24.520857340741923,""error_ratio_ci95"":[13.453193335308068,45.35845364071522],""speed_ratio"":0.7976001545748153,""speed_ratio_ci95"":[0.7929718221153924,0.8021903845797564]}"
native_paired_field_summaries,continuum,rank1,rank1_frozen,32,,32,[32],0.24,,2e-05,2e-05,feasibility/pass counts only; error/cost ratios are descriptive across matching primary schedules,24,144,"[""continuum/rank1/n32/seed3600011"",""continuum/rank1/n32/seed3600021"",""continuum/rank1/n32/seed3600031""]","[""continuum/rank1_frozen/n32/seed3600011"",""continuum/rank1_frozen/n32/seed3600021"",""continuum/rank1_frozen/n32/seed3600031""]","{""primary"":[[0.04,0.08,0.12],[0.12,0.08,0.04]]}",.runtime/frontier-full-review-20261009/extracted/fedora-frontier-20261009T005435342501Z/report/figures/chart-data.json.gz,/comparison_document/paired_field_summaries/52,"{""track"":""continuum"",""final_time"":0.24,""grid"":32,""train_count"":32,""family"":""rank1"",""competitor"":""rank1_frozen"",""independent_fields"":24,""paired_rows"":144,""independence_unit"":""field_cluster; physics/grids/schedules/seeds averaged within field"",""training_seed_scope"":""registered seeds are fixed; field interval is conditional on their ensemble"",""inference"":""descriptive paired cluster bootstrap; no multiple-comparison superiority declaration"",""error_ratio"":2.6336954229630742,""error_ratio_ci95"":[1.9180308924421032,3.7025494447154643],""speed_ratio"":1.0008391308199462,""speed_ratio_ci95"":[0.9978621923153989,1.0036252908415764]}"
native_paired_field_summaries,continuum,rank1,rank1_postcompression,32,,32,[32],0.24,,2e-05,2e-05,feasibility/pass counts only; error/cost ratios are descriptive across matching primary schedules,24,144,"[""continuum/rank1/n32/seed3600011"",""continuum/rank1/n32/seed3600021"",""continuum/rank1/n32/seed3600031""]","[""continuum/rank1_postcompression/n32/seed3600011"",""continuum/rank1_postcompression/n32/seed3600021"",""continuum/rank1_postcompression/n32/seed3600031""]","{""primary"":[[0.04,0.08,0.12],[0.12,0.08,0.04]]}",.runtime/frontier-full-review-20261009/extracted/fedora-frontier-20261009T005435342501Z/report/figures/chart-data.json.gz,/comparison_document/paired_field_summaries/53,"{""track"":""continuum"",""final_time"":0.24,""grid"":32,""train_count"":32,""family"":""rank1"",""competitor"":""rank1_postcompression"",""independent_fields"":24,""paired_rows"":144,""independence_unit"":""field_cluster; physics/grids/schedules/seeds averaged within field"",""training_seed_scope"":""registered seeds are fixed; field interval is conditional on their ensemble"",""inference"":""descriptive paired cluster bootstrap; no multiple-comparison superiority declaration"",""error_ratio"":1.914917747642951,""error_ratio_ci95"":[1.2215038875558846,3.033369918471442],""speed_ratio"":1.0137828830249018,""speed_ratio_ci95"":[1.0109467916857897,1.0168820649374155]}"
native_paired_field_summaries,continuum,rank1,analytic_quad,8,,64,[64],0.24,,2e-05,2e-05,feasibility/pass counts only; error/cost ratios are descriptive across matching primary schedules,24,144,"[""continuum/rank1/n8/seed3600011"",""continuum/rank1/n8/seed3600021"",""continuum/rank1/n8/seed3600031""]","[""continuum/analytic_quad/n0/seedNone""]","{""primary"":[[0.04,0.08,0.12],[0.12,0.08,0.04]]}",.runtime/frontier-full-review-20261009/extracted/fedora-frontier-20261009T005435342501Z/report/figures/chart-data.json.gz,/comparison_document/paired_field_summaries/54,"{""track"":""continuum"",""final_time"":0.24,""grid"":64,""train_count"":8,""family"":""rank1"",""competitor"":""analytic_quad"",""independent_fields"":24,""paired_rows"":144,""independence_unit"":""field_cluster; physics/grids/schedules/seeds averaged within field"",""training_seed_scope"":""registered seeds are fixed; field interval is conditional on their ensemble"",""inference"":""descriptive paired cluster bootstrap; no multiple-comparison superiority declaration"",""error_ratio"":0.4272375972868982,""error_ratio_ci95"":[0.26527891139555876,0.6611830988364967],""speed_ratio"":1.1272243870744871,""speed_ratio_ci95"":[1.121717206212103,1.1323981867568589]}"
native_paired_field_summaries,continuum,rank1,analytic_quad_cubic,8,,64,[64],0.24,,2e-05,2e-05,feasibility/pass counts only; error/cost ratios are descriptive across matching primary schedules,24,144,"[""continuum/rank1/n8/seed3600011"",""continuum/rank1/n8/seed3600021"",""continuum/rank1/n8/seed3600031""]","[""continuum/analytic_quad_cubic/n0/seedNone""]","{""primary"":[[0.04,0.08,0.12],[0.12,0.08,0.04]]}",.runtime/frontier-full-review-20261009/extracted/fedora-frontier-20261009T005435342501Z/report/figures/chart-data.json.gz,/comparison_document/paired_field_summaries/55,"{""track"":""continuum"",""final_time"":0.24,""grid"":64,""train_count"":8,""family"":""rank1"",""competitor"":""analytic_quad_cubic"",""independent_fields"":24,""paired_rows"":144,""independence_unit"":""field_cluster; physics/grids/schedules/seeds averaged within field"",""training_seed_scope"":""registered seeds are fixed; field interval is conditional on their ensemble"",""inference"":""descriptive paired cluster bootstrap; no multiple-comparison superiority declaration"",""error_ratio"":0.3108128832916411,""error_ratio_ci95"":[0.1924223999999061,0.473785178634609],""speed_ratio"":3.5766825258918953,""speed_ratio_ci95"":[3.5232896054488347,3.624568837666744]}"
native_paired_field_summaries,continuum,rank1,df,8,,64,[64],0.24,,2e-05,2e-05,feasibility/pass counts only; error/cost ratios are descriptive across matching primary schedules,24,144,"[""continuum/rank1/n8/seed3600011"",""continuum/rank1/n8/seed3600021"",""continuum/rank1/n8/seed3600031""]","[""continuum/df/n0/seedNone""]","{""primary"":[[0.04,0.08,0.12],[0.12,0.08,0.04]]}",.runtime/frontier-full-review-20261009/extracted/fedora-frontier-20261009T005435342501Z/report/figures/chart-data.json.gz,/comparison_document/paired_field_summaries/56,"{""track"":""continuum"",""final_time"":0.24,""grid"":64,""train_count"":8,""family"":""rank1"",""competitor"":""df"",""independent_fields"":24,""paired_rows"":144,""independence_unit"":""field_cluster; physics/grids/schedules/seeds averaged within field"",""training_seed_scope"":""registered seeds are fixed; field interval is conditional on their ensemble"",""inference"":""descriptive paired cluster bootstrap; no multiple-comparison superiority declaration"",""error_ratio"":5.011087576549412,""error_ratio_ci95"":[3.2271504002740024,8.150713910894943],""speed_ratio"":0.6392413775709969,""speed_ratio_ci95"":[0.6335322740003139,0.6461455815436342]}"
native_paired_field_summaries,continuum,rank1,direct_fno,8,,64,[64],0.24,,2e-05,2e-05,feasibility/pass counts only; error/cost ratios are descriptive across matching primary schedules,24,144,"[""continuum/rank1/n8/seed3600011"",""continuum/rank1/n8/seed3600021"",""continuum/rank1/n8/seed3600031""]","[""continuum/direct_fno/n8/seed3600011"",""continuum/direct_fno/n8/seed3600021"",""continuum/direct_fno/n8/seed3600031""]","{""primary"":[[0.04,0.08,0.12],[0.12,0.08,0.04]]}",.runtime/frontier-full-review-20261009/extracted/fedora-frontier-20261009T005435342501Z/report/figures/chart-data.json.gz,/comparison_document/paired_field_summaries/57,"{""track"":""continuum"",""final_time"":0.24,""grid"":64,""train_count"":8,""family"":""rank1"",""competitor"":""direct_fno"",""independent_fields"":24,""paired_rows"":144,""independence_unit"":""field_cluster; physics/grids/schedules/seeds averaged within field"",""training_seed_scope"":""registered seeds are fixed; field interval is conditional on their ensemble"",""inference"":""descriptive paired cluster bootstrap; no multiple-comparison superiority declaration"",""error_ratio"":47709.904679468134,""error_ratio_ci95"":[26178.832331251113,79751.95295982319],""speed_ratio"":0.14014760244988597,""speed_ratio_ci95"":[0.13707558619555318,0.14245802604562302]}"
native_paired_field_summaries,continuum,rank1,etdrk4,8,,64,[64],0.24,,2e-05,2e-05,feasibility/pass counts only; error/cost ratios are descriptive across matching primary schedules,24,144,"[""continuum/rank1/n8/seed3600011"",""continuum/rank1/n8/seed3600021"",""continuum/rank1/n8/seed3600031""]","[""continuum/etdrk4/n0/seedNone""]","{""primary"":[[0.04,0.08,0.12],[0.12,0.08,0.04]]}",.runtime/frontier-full-review-20261009/extracted/fedora-frontier-20261009T005435342501Z/report/figures/chart-data.json.gz,/comparison_document/paired_field_summaries/58,"{""track"":""continuum"",""final_time"":0.24,""grid"":64,""train_count"":8,""family"":""rank1"",""competitor"":""etdrk4"",""independent_fields"":24,""paired_rows"":144,""independence_unit"":""field_cluster; physics/grids/schedules/seeds averaged within field"",""training_seed_scope"":""registered seeds are fixed; field interval is conditional on their ensemble"",""inference"":""descriptive paired cluster bootstrap; no multiple-comparison superiority declaration"",""error_ratio"":15.52571856212717,""error_ratio_ci95"":[6.098110180575777,44.96742609803206],""speed_ratio"":0.18725596282598803,""speed_ratio_ci95"":[0.18374241194032667,0.19030465365327984]}"
native_paired_field_summaries,continuum,rank1,fno_small,8,,64,[64],0.24,,2e-05,2e-05,feasibility/pass counts only; error/cost ratios are descriptive across matching primary schedules,24,144,"[""continuum/rank1/n8/seed3600011"",""continuum/rank1/n8/seed3600021"",""continuum/rank1/n8/seed3600031""]","[""continuum/fno_small/n8/seed3600011"",""continuum/fno_small/n8/seed3600021"",""continuum/fno_small/n8/seed3600031""]","{""primary"":[[0.04,0.08,0.12],[0.12,0.08,0.04]]}",.runtime/frontier-full-review-20261009/extracted/fedora-frontier-20261009T005435342501Z/report/figures/chart-data.json.gz,/comparison_document/paired_field_summaries/59,"{""track"":""continuum"",""final_time"":0.24,""grid"":64,""train_count"":8,""family"":""rank1"",""competitor"":""fno_small"",""independent_fields"":24,""paired_rows"":144,""independence_unit"":""field_cluster; physics/grids/schedules/seeds averaged within field"",""training_seed_scope"":""registered seeds are fixed; field interval is conditional on their ensemble"",""inference"":""descriptive paired cluster bootstrap; no multiple-comparison superiority declaration"",""error_ratio"":37.832876333814504,""error_ratio_ci95"":[19.95230165545259,74.83404949473153],""speed_ratio"":0.737279074024214,""speed_ratio_ci95"":[0.7324160688835228,0.7424242043155121]}"
native_paired_field_summaries,continuum,rank1,fno_standard,8,,64,[64],0.24,,2e-05,2e-05,feasibility/pass counts only; error/cost ratios are descriptive across matching primary schedules,24,144,"[""continuum/rank1/n8/seed3600011"",""continuum/rank1/n8/seed3600021"",""continuum/rank1/n8/seed3600031""]","[""continuum/fno_standard/n8/seed3600011"",""continuum/fno_standard/n8/seed3600021"",""continuum/fno_standard/n8/seed3600031""]","{""primary"":[[0.04,0.08,0.12],[0.12,0.08,0.04]]}",.runtime/frontier-full-review-20261009/extracted/fedora-frontier-20261009T005435342501Z/report/figures/chart-data.json.gz,/comparison_document/paired_field_summaries/60,"{""track"":""continuum"",""final_time"":0.24,""grid"":64,""train_count"":8,""family"":""rank1"",""competitor"":""fno_standard"",""independent_fields"":24,""paired_rows"":144,""independence_unit"":""field_cluster; physics/grids/schedules/seeds averaged within field"",""training_seed_scope"":""registered seeds are fixed; field interval is conditional on their ensemble"",""inference"":""descriptive paired cluster bootstrap; no multiple-comparison superiority declaration"",""error_ratio"":23.782131916536066,""error_ratio_ci95"":[11.860518547591608,46.11354473895533],""speed_ratio"":0.7942941029213325,""speed_ratio_ci95"":[0.7888289035299049,0.8002684336884262]}"
native_paired_field_summaries,continuum,rank1,rank1_frozen,8,,64,[64],0.24,,2e-05,2e-05,feasibility/pass counts only; error/cost ratios are descriptive across matching primary schedules,24,144,"[""continuum/rank1/n8/seed3600011"",""continuum/rank1/n8/seed3600021"",""continuum/rank1/n8/seed3600031""]","[""continuum/rank1_frozen/n8/seed3600011"",""continuum/rank1_frozen/n8/seed3600021"",""continuum/rank1_frozen/n8/seed3600031""]","{""primary"":[[0.04,0.08,0.12],[0.12,0.08,0.04]]}",.runtime/frontier-full-review-20261009/extracted/fedora-frontier-20261009T005435342501Z/report/figures/chart-data.json.gz,/comparison_document/paired_field_summaries/61,"{""track"":""continuum"",""final_time"":0.24,""grid"":64,""train_count"":8,""family"":""rank1"",""competitor"":""rank1_frozen"",""independent_fields"":24,""paired_rows"":144,""independence_unit"":""field_cluster; physics/grids/schedules/seeds averaged within field"",""training_seed_scope"":""registered seeds are fixed; field interval is conditional on their ensemble"",""inference"":""descriptive paired cluster bootstrap; no multiple-comparison superiority declaration"",""error_ratio"":3.1433763189201844,""error_ratio_ci95"":[2.0898106701607655,4.710494388062058],""speed_ratio"":1.0002223299509299,""speed_ratio_ci95"":[0.9980868375101032,1.0024913179833561]}"
native_paired_field_summaries,continuum,rank1,rank1_postcompression,8,,64,[64],0.24,,2e-05,2e-05,feasibility/pass counts only; error/cost ratios are descriptive across matching primary schedules,24,144,"[""continuum/rank1/n8/seed3600011"",""continuum/rank1/n8/seed3600021"",""continuum/rank1/n8/seed3600031""]","[""continuum/rank1_postcompression/n8/seed3600011"",""continuum/rank1_postcompression/n8/seed3600021"",""continuum/rank1_postcompression/n8/seed3600031""]","{""primary"":[[0.04,0.08,0.12],[0.12,0.08,0.04]]}",.runtime/frontier-full-review-20261009/extracted/fedora-frontier-20261009T005435342501Z/report/figures/chart-data.json.gz,/comparison_document/paired_field_summaries/62,"{""track"":""continuum"",""final_time"":0.24,""grid"":64,""train_count"":8,""family"":""rank1"",""competitor"":""rank1_postcompression"",""independent_fields"":24,""paired_rows"":144,""independence_unit"":""field_cluster; physics/grids/schedules/seeds averaged within field"",""training_seed_scope"":""registered seeds are fixed; field interval is conditional on their ensemble"",""inference"":""descriptive paired cluster bootstrap; no multiple-comparison superiority declaration"",""error_ratio"":2.410213274921919,""error_ratio_ci95"":[1.4331216542359326,4.139213165857763],""speed_ratio"":1.0102850852524103,""speed_ratio_ci95"":[1.0075292611123952,1.012800614349148]}"
native_paired_field_summaries,continuum,rank1,analytic_quad,32,,64,[64],0.24,,2e-05,2e-05,feasibility/pass counts only; error/cost ratios are descriptive across matching primary schedules,24,144,"[""continuum/rank1/n32/seed3600011"",""continuum/rank1/n32/seed3600021"",""continuum/rank1/n32/seed3600031""]","[""continuum/analytic_quad/n0/seedNone""]","{""primary"":[[0.04,0.08,0.12],[0.12,0.08,0.04]]}",.runtime/frontier-full-review-20261009/extracted/fedora-frontier-20261009T005435342501Z/report/figures/chart-data.json.gz,/comparison_document/paired_field_summaries/63,"{""track"":""continuum"",""final_time"":0.24,""grid"":64,""train_count"":32,""family"":""rank1"",""competitor"":""analytic_quad"",""independent_fields"":24,""paired_rows"":144,""independence_unit"":""field_cluster; physics/grids/schedules/seeds averaged within field"",""training_seed_scope"":""registered seeds are fixed; field interval is conditional on their ensemble"",""inference"":""descriptive paired cluster bootstrap; no multiple-comparison superiority declaration"",""error_ratio"":0.37153240988719644,""error_ratio_ci95"":[0.21670705556761846,0.5992682098257583],""speed_ratio"":1.12821482351761,""speed_ratio_ci95"":[1.1224410627733554,1.1342236427209058]}"
native_paired_field_summaries,continuum,rank1,analytic_quad_cubic,32,,64,[64],0.24,,2e-05,2e-05,feasibility/pass counts only; error/cost ratios are descriptive across matching primary schedules,24,144,"[""continuum/rank1/n32/seed3600011"",""continuum/rank1/n32/seed3600021"",""continuum/rank1/n32/seed3600031""]","[""continuum/analytic_quad_cubic/n0/seedNone""]","{""primary"":[[0.04,0.08,0.12],[0.12,0.08,0.04]]}",.runtime/frontier-full-review-20261009/extracted/fedora-frontier-20261009T005435342501Z/report/figures/chart-data.json.gz,/comparison_document/paired_field_summaries/64,"{""track"":""continuum"",""final_time"":0.24,""grid"":64,""train_count"":32,""family"":""rank1"",""competitor"":""analytic_quad_cubic"",""independent_fields"":24,""paired_rows"":144,""independence_unit"":""field_cluster; physics/grids/schedules/seeds averaged within field"",""training_seed_scope"":""registered seeds are fixed; field interval is conditional on their ensemble"",""inference"":""descriptive paired cluster bootstrap; no multiple-comparison superiority declaration"",""error_ratio"":0.27028768134323705,""error_ratio_ci95"":[0.1611768004655962,0.43129126235861626],""speed_ratio"":3.5798251803267576,""speed_ratio_ci95"":[3.5193586739258707,3.624170976269601]}"
native_paired_field_summaries,continuum,rank1,df,32,,64,[64],0.24,,2e-05,2e-05,feasibility/pass counts only; error/cost ratios are descriptive across matching primary schedules,24,144,"[""continuum/rank1/n32/seed3600011"",""continuum/rank1/n32/seed3600021"",""continuum/rank1/n32/seed3600031""]","[""continuum/df/n0/seedNone""]","{""primary"":[[0.04,0.08,0.12],[0.12,0.08,0.04]]}",.runtime/frontier-full-review-20261009/extracted/fedora-frontier-20261009T005435342501Z/report/figures/chart-data.json.gz,/comparison_document/paired_field_summaries/65,"{""track"":""continuum"",""final_time"":0.24,""grid"":64,""train_count"":32,""family"":""rank1"",""competitor"":""df"",""independent_fields"":24,""paired_rows"":144,""independence_unit"":""field_cluster; physics/grids/schedules/seeds averaged within field"",""training_seed_scope"":""registered seeds are fixed; field interval is conditional on their ensemble"",""inference"":""descriptive paired cluster bootstrap; no multiple-comparison superiority declaration"",""error_ratio"":4.35771911295759,""error_ratio_ci95"":[2.8475526539555007,6.557056900817598],""speed_ratio"":0.6398030474244513,""speed_ratio_ci95"":[0.6341765834625616,0.6477112562857169]}"
native_paired_field_summaries,continuum,rank1,direct_fno,32,,64,[64],0.24,,2e-05,2e-05,feasibility/pass counts only; error/cost ratios are descriptive across matching primary schedules,24,144,"[""continuum/rank1/n32/seed3600011"",""continuum/rank1/n32/seed3600021"",""continuum/rank1/n32/seed3600031""]","[""continuum/direct_fno/n32/seed3600011"",""continuum/direct_fno/n32/seed3600021"",""continuum/direct_fno/n32/seed3600031""]","{""primary"":[[0.04,0.08,0.12],[0.12,0.08,0.04]]}",.runtime/frontier-full-review-20261009/extracted/fedora-frontier-20261009T005435342501Z/report/figures/chart-data.json.gz,/comparison_document/paired_field_summaries/66,"{""track"":""continuum"",""final_time"":0.24,""grid"":64,""train_count"":32,""family"":""rank1"",""competitor"":""direct_fno"",""independent_fields"":24,""paired_rows"":144,""independence_unit"":""field_cluster; physics/grids/schedules/seeds averaged within field"",""training_seed_scope"":""registered seeds are fixed; field interval is conditional on their ensemble"",""inference"":""descriptive paired cluster bootstrap; no multiple-comparison superiority declaration"",""error_ratio"":42719.13255522618,""error_ratio_ci95"":[23843.04382230846,73002.66212824524],""speed_ratio"":0.14077911471507545,""speed_ratio_ci95"":[0.13818552913685328,0.1429758837926682]}"
native_paired_field_summaries,continuum,rank1,etdrk4,32,,64,[64],0.24,,2e-05,2e-05,feasibility/pass counts only; error/cost ratios are descriptive across matching primary schedules,24,144,"[""continuum/rank1/n32/seed3600011"",""continuum/rank1/n32/seed3600021"",""continuum/rank1/n32/seed3600031""]","[""continuum/etdrk4/n0/seedNone""]","{""primary"":[[0.04,0.08,0.12],[0.12,0.08,0.04]]}",.runtime/frontier-full-review-20261009/extracted/fedora-frontier-20261009T005435342501Z/report/figures/chart-data.json.gz,/comparison_document/paired_field_summaries/67,"{""track"":""continuum"",""final_time"":0.24,""grid"":64,""train_count"":32,""family"":""rank1"",""competitor"":""etdrk4"",""independent_fields"":24,""paired_rows"":144,""independence_unit"":""field_cluster; physics/grids/schedules/seeds averaged within field"",""training_seed_scope"":""registered seeds are fixed; field interval is conditional on their ensemble"",""inference"":""descriptive paired cluster bootstrap; no multiple-comparison superiority declaration"",""error_ratio"":13.501404532859866,""error_ratio_ci95"":[5.027889167157575,37.57527186411674],""speed_ratio"":0.18742049539989394,""speed_ratio_ci95"":[0.18341841744279996,0.19056682145285306]}"
native_paired_field_summaries,continuum,rank1,fno_small,32,,64,[64],0.24,,2e-05,2e-05,feasibility/pass counts only; error/cost ratios are descriptive across matching primary schedules,24,144,"[""continuum/rank1/n32/seed3600011"",""continuum/rank1/n32/seed3600021"",""continuum/rank1/n32/seed3600031""]","[""continuum/fno_small/n32/seed3600011"",""continuum/fno_small/n32/seed3600021"",""continuum/fno_small/n32/seed3600031""]","{""primary"":[[0.04,0.08,0.12],[0.12,0.08,0.04]]}",.runtime/frontier-full-review-20261009/extracted/fedora-frontier-20261009T005435342501Z/report/figures/chart-data.json.gz,/comparison_document/paired_field_summaries/68,"{""track"":""continuum"",""final_time"":0.24,""grid"":64,""train_count"":32,""family"":""rank1"",""competitor"":""fno_small"",""independent_fields"":24,""paired_rows"":144,""independence_unit"":""field_cluster; physics/grids/schedules/seeds averaged within field"",""training_seed_scope"":""registered seeds are fixed; field interval is conditional on their ensemble"",""inference"":""descriptive paired cluster bootstrap; no multiple-comparison superiority declaration"",""error_ratio"":25.866197464956006,""error_ratio_ci95"":[13.847103919248534,47.886519007034344],""speed_ratio"":0.7392680505404811,""speed_ratio_ci95"":[0.7336931806485978,0.7453612540462106]}"
native_paired_field_summaries,continuum,rank1,fno_standard,32,,64,[64],0.24,,2e-05,2e-05,feasibility/pass counts only; error/cost ratios are descriptive across matching primary schedules,24,144,"[""continuum/rank1/n32/seed3600011"",""continuum/rank1/n32/seed3600021"",""continuum/rank1/n32/seed3600031""]","[""continuum/fno_standard/n32/seed3600011"",""continuum/fno_standard/n32/seed3600021"",""continuum/fno_standard/n32/seed3600031""]","{""primary"":[[0.04,0.08,0.12],[0.12,0.08,0.04]]}",.runtime/frontier-full-review-20261009/extracted/fedora-frontier-20261009T005435342501Z/report/figures/chart-data.json.gz,/comparison_document/paired_field_summaries/69,"{""track"":""continuum"",""final_time"":0.24,""grid"":64,""train_count"":32,""family"":""rank1"",""competitor"":""fno_standard"",""independent_fields"":24,""paired_rows"":144,""independence_unit"":""field_cluster; physics/grids/schedules/seeds averaged within field"",""training_seed_scope"":""registered seeds are fixed; field interval is conditional on their ensemble"",""inference"":""descriptive paired cluster bootstrap; no multiple-comparison superiority declaration"",""error_ratio"":29.131391343143925,""error_ratio_ci95"":[15.094813144444243,57.83593043095138],""speed_ratio"":0.7909407154621728,""speed_ratio_ci95"":[0.7865156906601832,0.7960084504226884]}"
native_paired_field_summaries,continuum,rank1,rank1_frozen,32,,64,[64],0.24,,2e-05,2e-05,feasibility/pass counts only; error/cost ratios are descriptive across matching primary schedules,24,144,"[""continuum/rank1/n32/seed3600011"",""continuum/rank1/n32/seed3600021"",""continuum/rank1/n32/seed3600031""]","[""continuum/rank1_frozen/n32/seed3600011"",""continuum/rank1_frozen/n32/seed3600021"",""continuum/rank1_frozen/n32/seed3600031""]","{""primary"":[[0.04,0.08,0.12],[0.12,0.08,0.04]]}",.runtime/frontier-full-review-20261009/extracted/fedora-frontier-20261009T005435342501Z/report/figures/chart-data.json.gz,/comparison_document/paired_field_summaries/70,"{""track"":""continuum"",""final_time"":0.24,""grid"":64,""train_count"":32,""family"":""rank1"",""competitor"":""rank1_frozen"",""independent_fields"":24,""paired_rows"":144,""independence_unit"":""field_cluster; physics/grids/schedules/seeds averaged within field"",""training_seed_scope"":""registered seeds are fixed; field interval is conditional on their ensemble"",""inference"":""descriptive paired cluster bootstrap; no multiple-comparison superiority declaration"",""error_ratio"":2.73352857137832,""error_ratio_ci95"":[2.0132193701673895,3.7713612419436733],""speed_ratio"":0.9984003689391379,""speed_ratio_ci95"":[0.9952853397573783,1.0013490266679812]}"
native_paired_field_summaries,continuum,rank1,rank1_postcompression,32,,64,[64],0.24,,2e-05,2e-05,feasibility/pass counts only; error/cost ratios are descriptive across matching primary schedules,24,144,"[""continuum/rank1/n32/seed3600011"",""continuum/rank1/n32/seed3600021"",""continuum/rank1/n32/seed3600031""]","[""continuum/rank1_postcompression/n32/seed3600011"",""continuum/rank1_postcompression/n32/seed3600021"",""continuum/rank1_postcompression/n32/seed3600031""]","{""primary"":[[0.04,0.08,0.12],[0.12,0.08,0.04]]}",.runtime/frontier-full-review-20261009/extracted/fedora-frontier-20261009T005435342501Z/report/figures/chart-data.json.gz,/comparison_document/paired_field_summaries/71,"{""track"":""continuum"",""final_time"":0.24,""grid"":64,""train_count"":32,""family"":""rank1"",""competitor"":""rank1_postcompression"",""independent_fields"":24,""paired_rows"":144,""independence_unit"":""field_cluster; physics/grids/schedules/seeds averaged within field"",""training_seed_scope"":""registered seeds are fixed; field interval is conditional on their ensemble"",""inference"":""descriptive paired cluster bootstrap; no multiple-comparison superiority declaration"",""error_ratio"":1.9944150932649027,""error_ratio_ci95"":[1.2730136999603552,3.2803836687237977],""speed_ratio"":1.0121045744184,""speed_ratio_ci95"":[1.0070485619451155,1.0178515704212736]}"
native_paired_field_summaries,discrete,rank1,analytic_quad,8,,32,[32],0.12,,2e-05,2e-05,feasibility/pass counts only; error/cost ratios are descriptive across matching primary schedules,24,216,"[""discrete/rank1/n8/seed3600011"",""discrete/rank1/n8/seed3600021"",""discrete/rank1/n8/seed3600031""]","[""discrete/analytic_quad/n0/seedNone""]","{""primary"":[[0.02,0.04,0.06],[0.06,0.04,0.02],[0.03,0.03,0.03,0.03]]}",.runtime/frontier-full-review-20261009/extracted/fedora-frontier-20261009T005435342501Z/report/figures/chart-data.json.gz,/comparison_document/paired_field_summaries/72,"{""track"":""discrete"",""final_time"":0.12,""grid"":32,""train_count"":8,""family"":""rank1"",""competitor"":""analytic_quad"",""independent_fields"":24,""paired_rows"":216,""independence_unit"":""field_cluster; physics/grids/schedules/seeds averaged within field"",""training_seed_scope"":""registered seeds are fixed; field interval is conditional on their ensemble"",""inference"":""descriptive paired cluster bootstrap; no multiple-comparison superiority declaration"",""error_ratio"":0.39264814367907064,""error_ratio_ci95"":[0.22565218909710663,0.622342552988438],""speed_ratio"":1.0686477064756668,""speed_ratio_ci95"":[1.062709099227055,1.0750242528194054]}"
native_paired_field_summaries,discrete,rank1,analytic_quad_cubic,8,,32,[32],0.12,,2e-05,2e-05,feasibility/pass counts only; error/cost ratios are descriptive across matching primary schedules,24,216,"[""discrete/rank1/n8/seed3600011"",""discrete/rank1/n8/seed3600021"",""discrete/rank1/n8/seed3600031""]","[""discrete/analytic_quad_cubic/n0/seedNone""]","{""primary"":[[0.02,0.04,0.06],[0.06,0.04,0.02],[0.03,0.03,0.03,0.03]]}",.runtime/frontier-full-review-20261009/extracted/fedora-frontier-20261009T005435342501Z/report/figures/chart-data.json.gz,/comparison_document/paired_field_summaries/73,"{""track"":""discrete"",""final_time"":0.12,""grid"":32,""train_count"":8,""family"":""rank1"",""competitor"":""analytic_quad_cubic"",""independent_fields"":24,""paired_rows"":216,""independence_unit"":""field_cluster; physics/grids/schedules/seeds averaged within field"",""training_seed_scope"":""registered seeds are fixed; field interval is conditional on their ensemble"",""inference"":""descriptive paired cluster bootstrap; no multiple-comparison superiority declaration"",""error_ratio"":0.26479479603738515,""error_ratio_ci95"":[0.1500709558736541,0.4528926902300817],""speed_ratio"":3.7128668998228083,""speed_ratio_ci95"":[3.6967077235975276,3.72683930816722]}"
native_paired_field_summaries,discrete,rank1,df,8,,32,[32],0.12,,2e-05,2e-05,feasibility/pass counts only; error/cost ratios are descriptive across matching primary schedules,24,216,"[""discrete/rank1/n8/seed3600011"",""discrete/rank1/n8/seed3600021"",""discrete/rank1/n8/seed3600031""]","[""discrete/df/n0/seedNone""]","{""primary"":[[0.02,0.04,0.06],[0.06,0.04,0.02],[0.03,0.03,0.03,0.03]]}",.runtime/frontier-full-review-20261009/extracted/fedora-frontier-20261009T005435342501Z/report/figures/chart-data.json.gz,/comparison_document/paired_field_summaries/74,"{""track"":""discrete"",""final_time"":0.12,""grid"":32,""train_count"":8,""family"":""rank1"",""competitor"":""df"",""independent_fields"":24,""paired_rows"":216,""independence_unit"":""field_cluster; physics/grids/schedules/seeds averaged within field"",""training_seed_scope"":""registered seeds are fixed; field interval is conditional on their ensemble"",""inference"":""descriptive paired cluster bootstrap; no multiple-comparison superiority declaration"",""error_ratio"":4.044293918437345,""error_ratio_ci95"":[2.504553689148163,6.160022608497276],""speed_ratio"":0.15376168798743142,""speed_ratio_ci95"":[0.1520484360055351,0.15595913613377116]}"
native_paired_field_summaries,discrete,rank1,direct_fno,8,,32,[32],0.12,,2e-05,2e-05,feasibility/pass counts only; error/cost ratios are descriptive across matching primary schedules,24,216,"[""discrete/rank1/n8/seed3600011"",""discrete/rank1/n8/seed3600021"",""discrete/rank1/n8/seed3600031""]","[""discrete/direct_fno/n8/seed3600011"",""discrete/direct_fno/n8/seed3600021"",""discrete/direct_fno/n8/seed3600031""]","{""primary"":[[0.02,0.04,0.06],[0.06,0.04,0.02],[0.03,0.03,0.03,0.03]]}",.runtime/frontier-full-review-20261009/extracted/fedora-frontier-20261009T005435342501Z/report/figures/chart-data.json.gz,/comparison_document/paired_field_summaries/75,"{""track"":""discrete"",""final_time"":0.12,""grid"":32,""train_count"":8,""family"":""rank1"",""competitor"":""direct_fno"",""independent_fields"":24,""paired_rows"":216,""independence_unit"":""field_cluster; physics/grids/schedules/seeds averaged within field"",""training_seed_scope"":""registered seeds are fixed; field interval is conditional on their ensemble"",""inference"":""descriptive paired cluster bootstrap; no multiple-comparison superiority declaration"",""error_ratio"":50060.84852973076,""error_ratio_ci95"":[31019.666598338936,80582.97683459552],""speed_ratio"":0.7102964852747787,""speed_ratio_ci95"":[0.7067725366995194,0.7140285919463731]}"
native_paired_field_summaries,discrete,rank1,etdrk4,8,,32,[32],0.12,,2e-05,2e-05,feasibility/pass counts only; error/cost ratios are descriptive across matching primary schedules,24,216,"[""discrete/rank1/n8/seed3600011"",""discrete/rank1/n8/seed3600021"",""discrete/rank1/n8/seed3600031""]","[""discrete/etdrk4/n0/seedNone""]","{""primary"":[[0.02,0.04,0.06],[0.06,0.04,0.02],[0.03,0.03,0.03,0.03]]}",.runtime/frontier-full-review-20261009/extracted/fedora-frontier-20261009T005435342501Z/report/figures/chart-data.json.gz,/comparison_document/paired_field_summaries/76,"{""track"":""discrete"",""final_time"":0.12,""grid"":32,""train_count"":8,""family"":""rank1"",""competitor"":""etdrk4"",""independent_fields"":24,""paired_rows"":216,""independence_unit"":""field_cluster; physics/grids/schedules/seeds averaged within field"",""training_seed_scope"":""registered seeds are fixed; field interval is conditional on their ensemble"",""inference"":""descriptive paired cluster bootstrap; no multiple-comparison superiority declaration"",""error_ratio"":2.368681908511729,""error_ratio_ci95"":[1.169902018751532,4.868448256221915],""speed_ratio"":0.22583509886072828,""speed_ratio_ci95"":[0.22374644349754652,0.22776157382239978]}"
native_paired_field_summaries,discrete,rank1,fno_small,8,,32,[32],0.12,,2e-05,2e-05,feasibility/pass counts only; error/cost ratios are descriptive across matching primary schedules,24,216,"[""discrete/rank1/n8/seed3600011"",""discrete/rank1/n8/seed3600021"",""discrete/rank1/n8/seed3600031""]","[""discrete/fno_small/n8/seed3600011"",""discrete/fno_small/n8/seed3600021"",""discrete/fno_small/n8/seed3600031""]","{""primary"":[[0.02,0.04,0.06],[0.06,0.04,0.02],[0.03,0.03,0.03,0.03]]}",.runtime/frontier-full-review-20261009/extracted/fedora-frontier-20261009T005435342501Z/report/figures/chart-data.json.gz,/comparison_document/paired_field_summaries/77,"{""track"":""discrete"",""final_time"":0.12,""grid"":32,""train_count"":8,""family"":""rank1"",""competitor"":""fno_small"",""independent_fields"":24,""paired_rows"":216,""independence_unit"":""field_cluster; physics/grids/schedules/seeds averaged within field"",""training_seed_scope"":""registered seeds are fixed; field interval is conditional on their ensemble"",""inference"":""descriptive paired cluster bootstrap; no multiple-comparison superiority declaration"",""error_ratio"":14.632948983888962,""error_ratio_ci95"":[10.408529572748494,20.423445775966567],""speed_ratio"":0.6502547138226119,""speed_ratio_ci95"":[0.64670418586073,0.6540866805169185]}"
native_paired_field_summaries,discrete,rank1,fno_standard,8,,32,[32],0.12,,2e-05,2e-05,feasibility/pass counts only; error/cost ratios are descriptive across matching primary schedules,24,216,"[""discrete/rank1/n8/seed3600011"",""discrete/rank1/n8/seed3600021"",""discrete/rank1/n8/seed3600031""]","[""discrete/fno_standard/n8/seed3600011"",""discrete/fno_standard/n8/seed3600021"",""discrete/fno_standard/n8/seed3600031""]","{""primary"":[[0.02,0.04,0.06],[0.06,0.04,0.02],[0.03,0.03,0.03,0.03]]}",.runtime/frontier-full-review-20261009/extracted/fedora-frontier-20261009T005435342501Z/report/figures/chart-data.json.gz,/comparison_document/paired_field_summaries/78,"{""track"":""discrete"",""final_time"":0.12,""grid"":32,""train_count"":8,""family"":""rank1"",""competitor"":""fno_standard"",""independent_fields"":24,""paired_rows"":216,""independence_unit"":""field_cluster; physics/grids/schedules/seeds averaged within field"",""training_seed_scope"":""registered seeds are fixed; field interval is conditional on their ensemble"",""inference"":""descriptive paired cluster bootstrap; no multiple-comparison superiority declaration"",""error_ratio"":9.685931871141628,""error_ratio_ci95"":[7.018661367304748,13.098038613928052],""speed_ratio"":0.9274302522123865,""speed_ratio_ci95"":[0.9236713754862338,0.9307922359001929]}"
native_paired_field_summaries,discrete,rank1,rank1_frozen,8,,32,[32],0.12,,2e-05,2e-05,feasibility/pass counts only; error/cost ratios are descriptive across matching primary schedules,24,216,"[""discrete/rank1/n8/seed3600011"",""discrete/rank1/n8/seed3600021"",""discrete/rank1/n8/seed3600031""]","[""discrete/rank1_frozen/n8/seed3600011"",""discrete/rank1_frozen/n8/seed3600021"",""discrete/rank1_frozen/n8/seed3600031""]","{""primary"":[[0.02,0.04,0.06],[0.06,0.04,0.02],[0.03,0.03,0.03,0.03]]}",.runtime/frontier-full-review-20261009/extracted/fedora-frontier-20261009T005435342501Z/report/figures/chart-data.json.gz,/comparison_document/paired_field_summaries/79,"{""track"":""discrete"",""final_time"":0.12,""grid"":32,""train_count"":8,""family"":""rank1"",""competitor"":""rank1_frozen"",""independent_fields"":24,""paired_rows"":216,""independence_unit"":""field_cluster; physics/grids/schedules/seeds averaged within field"",""training_seed_scope"":""registered seeds are fixed; field interval is conditional on their ensemble"",""inference"":""descriptive paired cluster bootstrap; no multiple-comparison superiority declaration"",""error_ratio"":2.7716605501839684,""error_ratio_ci95"":[1.982494687690762,3.8630590812685734],""speed_ratio"":1.004877144573225,""speed_ratio_ci95"":[0.9996660251772548,1.0094607659671888]}"
native_paired_field_summaries,discrete,rank1,rank1_postcompression,8,,32,[32],0.12,,2e-05,2e-05,feasibility/pass counts only; error/cost ratios are descriptive across matching primary schedules,24,216,"[""discrete/rank1/n8/seed3600011"",""discrete/rank1/n8/seed3600021"",""discrete/rank1/n8/seed3600031""]","[""discrete/rank1_postcompression/n8/seed3600011"",""discrete/rank1_postcompression/n8/seed3600021"",""discrete/rank1_postcompression/n8/seed3600031""]","{""primary"":[[0.02,0.04,0.06],[0.06,0.04,0.02],[0.03,0.03,0.03,0.03]]}",.runtime/frontier-full-review-20261009/extracted/fedora-frontier-20261009T005435342501Z/report/figures/chart-data.json.gz,/comparison_document/paired_field_summaries/80,"{""track"":""discrete"",""final_time"":0.12,""grid"":32,""train_count"":8,""family"":""rank1"",""competitor"":""rank1_postcompression"",""independent_fields"":24,""paired_rows"":216,""independence_unit"":""field_cluster; physics/grids/schedules/seeds averaged within field"",""training_seed_scope"":""registered seeds are fixed; field interval is conditional on their ensemble"",""inference"":""descriptive paired cluster bootstrap; no multiple-comparison superiority declaration"",""error_ratio"":2.7285005636033777,""error_ratio_ci95"":[1.845179089650931,4.263875606742599],""speed_ratio"":1.0695530482336935,""speed_ratio_ci95"":[1.0648103181212132,1.0745880219191364]}"
native_paired_field_summaries,discrete,rank1,analytic_quad,32,,32,[32],0.12,,2e-05,2e-05,feasibility/pass counts only; error/cost ratios are descriptive across matching primary schedules,24,216,"[""discrete/rank1/n32/seed3600011"",""discrete/rank1/n32/seed3600021"",""discrete/rank1/n32/seed3600031""]","[""discrete/analytic_quad/n0/seedNone""]","{""primary"":[[0.02,0.04,0.06],[0.06,0.04,0.02],[0.03,0.03,0.03,0.03]]}",.runtime/frontier-full-review-20261009/extracted/fedora-frontier-20261009T005435342501Z/report/figures/chart-data.json.gz,/comparison_document/paired_field_summaries/81,"{""track"":""discrete"",""final_time"":0.12,""grid"":32,""train_count"":32,""family"":""rank1"",""competitor"":""analytic_quad"",""independent_fields"":24,""paired_rows"":216,""independence_unit"":""field_cluster; physics/grids/schedules/seeds averaged within field"",""training_seed_scope"":""registered seeds are fixed; field interval is conditional on their ensemble"",""inference"":""descriptive paired cluster bootstrap; no multiple-comparison superiority declaration"",""error_ratio"":0.36955924627934583,""error_ratio_ci95"":[0.21168209997607648,0.6105429789859455],""speed_ratio"":1.0672968717068176,""speed_ratio_ci95"":[1.0607854540472024,1.0743058324367545]}"
native_paired_field_summaries,discrete,rank1,analytic_quad_cubic,32,,32,[32],0.12,,2e-05,2e-05,feasibility/pass counts only; error/cost ratios are descriptive across matching primary schedules,24,216,"[""discrete/rank1/n32/seed3600011"",""discrete/rank1/n32/seed3600021"",""discrete/rank1/n32/seed3600031""]","[""discrete/analytic_quad_cubic/n0/seedNone""]","{""primary"":[[0.02,0.04,0.06],[0.06,0.04,0.02],[0.03,0.03,0.03,0.03]]}",.runtime/frontier-full-review-20261009/extracted/fedora-frontier-20261009T005435342501Z/report/figures/chart-data.json.gz,/comparison_document/paired_field_summaries/82,"{""track"":""discrete"",""final_time"":0.12,""grid"":32,""train_count"":32,""family"":""rank1"",""competitor"":""analytic_quad_cubic"",""independent_fields"":24,""paired_rows"":216,""independence_unit"":""field_cluster; physics/grids/schedules/seeds averaged within field"",""training_seed_scope"":""registered seeds are fixed; field interval is conditional on their ensemble"",""inference"":""descriptive paired cluster bootstrap; no multiple-comparison superiority declaration"",""error_ratio"":0.24922406184161786,""error_ratio_ci95"":[0.139673817651588,0.4217123929853238],""speed_ratio"":3.708173613466607,""speed_ratio_ci95"":[3.690347204184613,3.725961740460313]}"
native_paired_field_summaries,discrete,rank1,df,32,,32,[32],0.12,,2e-05,2e-05,feasibility/pass counts only; error/cost ratios are descriptive across matching primary schedules,24,216,"[""discrete/rank1/n32/seed3600011"",""discrete/rank1/n32/seed3600021"",""discrete/rank1/n32/seed3600031""]","[""discrete/df/n0/seedNone""]","{""primary"":[[0.02,0.04,0.06],[0.06,0.04,0.02],[0.03,0.03,0.03,0.03]]}",.runtime/frontier-full-review-20261009/extracted/fedora-frontier-20261009T005435342501Z/report/figures/chart-data.json.gz,/comparison_document/paired_field_summaries/83,"{""track"":""discrete"",""final_time"":0.12,""grid"":32,""train_count"":32,""family"":""rank1"",""competitor"":""df"",""independent_fields"":24,""paired_rows"":216,""independence_unit"":""field_cluster; physics/grids/schedules/seeds averaged within field"",""training_seed_scope"":""registered seeds are fixed; field interval is conditional on their ensemble"",""inference"":""descriptive paired cluster bootstrap; no multiple-comparison superiority declaration"",""error_ratio"":3.8064772144993455,""error_ratio_ci95"":[2.487332320542955,5.748720381371941],""speed_ratio"":0.15356732399545192,""speed_ratio_ci95"":[0.15170018126533472,0.1556660534882227]}"
native_paired_field_summaries,discrete,rank1,direct_fno,32,,32,[32],0.12,,2e-05,2e-05,feasibility/pass counts only; error/cost ratios are descriptive across matching primary schedules,24,216,"[""discrete/rank1/n32/seed3600011"",""discrete/rank1/n32/seed3600021"",""discrete/rank1/n32/seed3600031""]","[""discrete/direct_fno/n32/seed3600011"",""discrete/direct_fno/n32/seed3600021"",""discrete/direct_fno/n32/seed3600031""]","{""primary"":[[0.02,0.04,0.06],[0.06,0.04,0.02],[0.03,0.03,0.03,0.03]]}",.runtime/frontier-full-review-20261009/extracted/fedora-frontier-20261009T005435342501Z/report/figures/chart-data.json.gz,/comparison_document/paired_field_summaries/84,"{""track"":""discrete"",""final_time"":0.12,""grid"":32,""train_count"":32,""family"":""rank1"",""competitor"":""direct_fno"",""independent_fields"":24,""paired_rows"":216,""independence_unit"":""field_cluster; physics/grids/schedules/seeds averaged within field"",""training_seed_scope"":""registered seeds are fixed; field interval is conditional on their ensemble"",""inference"":""descriptive paired cluster bootstrap; no multiple-comparison superiority declaration"",""error_ratio"":46137.749458797334,""error_ratio_ci95"":[29551.435849291425,69621.5484609545],""speed_ratio"":0.7123542433126036,""speed_ratio_ci95"":[0.7090361844168921,0.7156417721569895]}"
native_paired_field_summaries,discrete,rank1,etdrk4,32,,32,[32],0.12,,2e-05,2e-05,feasibility/pass counts only; error/cost ratios are descriptive across matching primary schedules,24,216,"[""discrete/rank1/n32/seed3600011"",""discrete/rank1/n32/seed3600021"",""discrete/rank1/n32/seed3600031""]","[""discrete/etdrk4/n0/seedNone""]","{""primary"":[[0.02,0.04,0.06],[0.06,0.04,0.02],[0.03,0.03,0.03,0.03]]}",.runtime/frontier-full-review-20261009/extracted/fedora-frontier-20261009T005435342501Z/report/figures/chart-data.json.gz,/comparison_document/paired_field_summaries/85,"{""track"":""discrete"",""final_time"":0.12,""grid"":32,""train_count"":32,""family"":""rank1"",""competitor"":""etdrk4"",""independent_fields"":24,""paired_rows"":216,""independence_unit"":""field_cluster; physics/grids/schedules/seeds averaged within field"",""training_seed_scope"":""registered seeds are fixed; field interval is conditional on their ensemble"",""inference"":""descriptive paired cluster bootstrap; no multiple-comparison superiority declaration"",""error_ratio"":2.2293962543232997,""error_ratio_ci95"":[1.0781517103162463,4.873009479502061],""speed_ratio"":0.2255496297564398,""speed_ratio_ci95"":[0.22361388701900942,0.22740891008688222]}"
native_paired_field_summaries,discrete,rank1,fno_small,32,,32,[32],0.12,,2e-05,2e-05,feasibility/pass counts only; error/cost ratios are descriptive across matching primary schedules,24,216,"[""discrete/rank1/n32/seed3600011"",""discrete/rank1/n32/seed3600021"",""discrete/rank1/n32/seed3600031""]","[""discrete/fno_small/n32/seed3600011"",""discrete/fno_small/n32/seed3600021"",""discrete/fno_small/n32/seed3600031""]","{""primary"":[[0.02,0.04,0.06],[0.06,0.04,0.02],[0.03,0.03,0.03,0.03]]}",.runtime/frontier-full-review-20261009/extracted/fedora-frontier-20261009T005435342501Z/report/figures/chart-data.json.gz,/comparison_document/paired_field_summaries/86,"{""track"":""discrete"",""final_time"":0.12,""grid"":32,""train_count"":32,""family"":""rank1"",""competitor"":""fno_small"",""independent_fields"":24,""paired_rows"":216,""independence_unit"":""field_cluster; physics/grids/schedules/seeds averaged within field"",""training_seed_scope"":""registered seeds are fixed; field interval is conditional on their ensemble"",""inference"":""descriptive paired cluster bootstrap; no multiple-comparison superiority declaration"",""error_ratio"":15.424622205351886,""error_ratio_ci95"":[10.966349010072445,21.591440474529424],""speed_ratio"":0.6458129007838002,""speed_ratio_ci95"":[0.641933826708999,0.6496167007782653]}"
native_paired_field_summaries,discrete,rank1,fno_standard,32,,32,[32],0.12,,2e-05,2e-05,feasibility/pass counts only; error/cost ratios are descriptive across matching primary schedules,24,216,"[""discrete/rank1/n32/seed3600011"",""discrete/rank1/n32/seed3600021"",""discrete/rank1/n32/seed3600031""]","[""discrete/fno_standard/n32/seed3600011"",""discrete/fno_standard/n32/seed3600021"",""discrete/fno_standard/n32/seed3600031""]","{""primary"":[[0.02,0.04,0.06],[0.06,0.04,0.02],[0.03,0.03,0.03,0.03]]}",.runtime/frontier-full-review-20261009/extracted/fedora-frontier-20261009T005435342501Z/report/figures/chart-data.json.gz,/comparison_document/paired_field_summaries/87,"{""track"":""discrete"",""final_time"":0.12,""grid"":32,""train_count"":32,""family"":""rank1"",""competitor"":""fno_standard"",""independent_fields"":24,""paired_rows"":216,""independence_unit"":""field_cluster; physics/grids/schedules/seeds averaged within field"",""training_seed_scope"":""registered seeds are fixed; field interval is conditional on their ensemble"",""inference"":""descriptive paired cluster bootstrap; no multiple-comparison superiority declaration"",""error_ratio"":11.413396815591602,""error_ratio_ci95"":[8.220721026855935,15.754990343977472],""speed_ratio"":0.9255016826554173,""speed_ratio_ci95"":[0.9210927285256351,0.9300216448780768]}"
native_paired_field_summaries,discrete,rank1,rank1_frozen,32,,32,[32],0.12,,2e-05,2e-05,feasibility/pass counts only; error/cost ratios are descriptive across matching primary schedules,24,216,"[""discrete/rank1/n32/seed3600011"",""discrete/rank1/n32/seed3600021"",""discrete/rank1/n32/seed3600031""]","[""discrete/rank1_frozen/n32/seed3600011"",""discrete/rank1_frozen/n32/seed3600021"",""discrete/rank1_frozen/n32/seed3600031""]","{""primary"":[[0.02,0.04,0.06],[0.06,0.04,0.02],[0.03,0.03,0.03,0.03]]}",.runtime/frontier-full-review-20261009/extracted/fedora-frontier-20261009T005435342501Z/report/figures/chart-data.json.gz,/comparison_document/paired_field_summaries/88,"{""track"":""discrete"",""final_time"":0.12,""grid"":32,""train_count"":32,""family"":""rank1"",""competitor"":""rank1_frozen"",""independent_fields"":24,""paired_rows"":216,""independence_unit"":""field_cluster; physics/grids/schedules/seeds averaged within field"",""training_seed_scope"":""registered seeds are fixed; field interval is conditional on their ensemble"",""inference"":""descriptive paired cluster bootstrap; no multiple-comparison superiority declaration"",""error_ratio"":2.6086785340958745,""error_ratio_ci95"":[1.9264266758869852,3.635853820773067],""speed_ratio"":1.0010779890080017,""speed_ratio_ci95"":[0.9965028315311539,1.0057393799992862]}"
native_paired_field_summaries,discrete,rank1,rank1_postcompression,32,,32,[32],0.12,,2e-05,2e-05,feasibility/pass counts only; error/cost ratios are descriptive across matching primary schedules,24,216,"[""discrete/rank1/n32/seed3600011"",""discrete/rank1/n32/seed3600021"",""discrete/rank1/n32/seed3600031""]","[""discrete/rank1_postcompression/n32/seed3600011"",""discrete/rank1_postcompression/n32/seed3600021"",""discrete/rank1_postcompression/n32/seed3600031""]","{""primary"":[[0.02,0.04,0.06],[0.06,0.04,0.02],[0.03,0.03,0.03,0.03]]}",.runtime/frontier-full-review-20261009/extracted/fedora-frontier-20261009T005435342501Z/report/figures/chart-data.json.gz,/comparison_document/paired_field_summaries/89,"{""track"":""discrete"",""final_time"":0.12,""grid"":32,""train_count"":32,""family"":""rank1"",""competitor"":""rank1_postcompression"",""independent_fields"":24,""paired_rows"":216,""independence_unit"":""field_cluster; physics/grids/schedules/seeds averaged within field"",""training_seed_scope"":""registered seeds are fixed; field interval is conditional on their ensemble"",""inference"":""descriptive paired cluster bootstrap; no multiple-comparison superiority declaration"",""error_ratio"":2.301434317547415,""error_ratio_ci95"":[1.5287948779318086,3.5706066112893167],""speed_ratio"":1.059969476042345,""speed_ratio_ci95"":[1.0559476771467031,1.0637282663587098]}"
native_paired_field_summaries,discrete,rank1,analytic_quad,8,,64,[64],0.12,,2e-05,2e-05,feasibility/pass counts only; error/cost ratios are descriptive across matching primary schedules,24,216,"[""discrete/rank1/n8/seed3600011"",""discrete/rank1/n8/seed3600021"",""discrete/rank1/n8/seed3600031""]","[""discrete/analytic_quad/n0/seedNone""]","{""primary"":[[0.02,0.04,0.06],[0.06,0.04,0.02],[0.03,0.03,0.03,0.03]]}",.runtime/frontier-full-review-20261009/extracted/fedora-frontier-20261009T005435342501Z/report/figures/chart-data.json.gz,/comparison_document/paired_field_summaries/90,"{""track"":""discrete"",""final_time"":0.12,""grid"":64,""train_count"":8,""family"":""rank1"",""competitor"":""analytic_quad"",""independent_fields"":24,""paired_rows"":216,""independence_unit"":""field_cluster; physics/grids/schedules/seeds averaged within field"",""training_seed_scope"":""registered seeds are fixed; field interval is conditional on their ensemble"",""inference"":""descriptive paired cluster bootstrap; no multiple-comparison superiority declaration"",""error_ratio"":0.3984906113444994,""error_ratio_ci95"":[0.24620768254400074,0.6054434028189034],""speed_ratio"":1.088252788311625,""speed_ratio_ci95"":[1.070547787452716,1.1093081633474446]}"
native_paired_field_summaries,discrete,rank1,analytic_quad_cubic,8,,64,[64],0.12,,2e-05,2e-05,feasibility/pass counts only; error/cost ratios are descriptive across matching primary schedules,24,216,"[""discrete/rank1/n8/seed3600011"",""discrete/rank1/n8/seed3600021"",""discrete/rank1/n8/seed3600031""]","[""discrete/analytic_quad_cubic/n0/seedNone""]","{""primary"":[[0.02,0.04,0.06],[0.06,0.04,0.02],[0.03,0.03,0.03,0.03]]}",.runtime/frontier-full-review-20261009/extracted/fedora-frontier-20261009T005435342501Z/report/figures/chart-data.json.gz,/comparison_document/paired_field_summaries/91,"{""track"":""discrete"",""final_time"":0.12,""grid"":64,""train_count"":8,""family"":""rank1"",""competitor"":""analytic_quad_cubic"",""independent_fields"":24,""paired_rows"":216,""independence_unit"":""field_cluster; physics/grids/schedules/seeds averaged within field"",""training_seed_scope"":""registered seeds are fixed; field interval is conditional on their ensemble"",""inference"":""descriptive paired cluster bootstrap; no multiple-comparison superiority declaration"",""error_ratio"":0.27549083067526337,""error_ratio_ci95"":[0.1723175978889326,0.43559097065763297],""speed_ratio"":3.7168272139850305,""speed_ratio_ci95"":[3.6982985326146074,3.734363932389519]}"
native_paired_field_summaries,discrete,rank1,df,8,,64,[64],0.12,,2e-05,2e-05,feasibility/pass counts only; error/cost ratios are descriptive across matching primary schedules,24,216,"[""discrete/rank1/n8/seed3600011"",""discrete/rank1/n8/seed3600021"",""discrete/rank1/n8/seed3600031""]","[""discrete/df/n0/seedNone""]","{""primary"":[[0.02,0.04,0.06],[0.06,0.04,0.02],[0.03,0.03,0.03,0.03]]}",.runtime/frontier-full-review-20261009/extracted/fedora-frontier-20261009T005435342501Z/report/figures/chart-data.json.gz,/comparison_document/paired_field_summaries/92,"{""track"":""discrete"",""final_time"":0.12,""grid"":64,""train_count"":8,""family"":""rank1"",""competitor"":""df"",""independent_fields"":24,""paired_rows"":216,""independence_unit"":""field_cluster; physics/grids/schedules/seeds averaged within field"",""training_seed_scope"":""registered seeds are fixed; field interval is conditional on their ensemble"",""inference"":""descriptive paired cluster bootstrap; no multiple-comparison superiority declaration"",""error_ratio"":4.561041184470244,""error_ratio_ci95"":[2.9022139821968587,7.256176185721288],""speed_ratio"":0.15345428538281233,""speed_ratio_ci95"":[0.15186527287152804,0.15564728316991036]}"
native_paired_field_summaries,discrete,rank1,direct_fno,8,,64,[64],0.12,,2e-05,2e-05,feasibility/pass counts only; error/cost ratios are descriptive across matching primary schedules,24,216,"[""discrete/rank1/n8/seed3600011"",""discrete/rank1/n8/seed3600021"",""discrete/rank1/n8/seed3600031""]","[""discrete/direct_fno/n8/seed3600011"",""discrete/direct_fno/n8/seed3600021"",""discrete/direct_fno/n8/seed3600031""]","{""primary"":[[0.02,0.04,0.06],[0.06,0.04,0.02],[0.03,0.03,0.03,0.03]]}",.runtime/frontier-full-review-20261009/extracted/fedora-frontier-20261009T005435342501Z/report/figures/chart-data.json.gz,/comparison_document/paired_field_summaries/93,"{""track"":""discrete"",""final_time"":0.12,""grid"":64,""train_count"":8,""family"":""rank1"",""competitor"":""direct_fno"",""independent_fields"":24,""paired_rows"":216,""independence_unit"":""field_cluster; physics/grids/schedules/seeds averaged within field"",""training_seed_scope"":""registered seeds are fixed; field interval is conditional on their ensemble"",""inference"":""descriptive paired cluster bootstrap; no multiple-comparison superiority declaration"",""error_ratio"":59164.59096238871,""error_ratio_ci95"":[36568.958370095614,93228.79405488483],""speed_ratio"":0.710038142883346,""speed_ratio_ci95"":[0.7072052377013549,0.7126947204930661]}"
native_paired_field_summaries,discrete,rank1,etdrk4,8,,64,[64],0.12,,2e-05,2e-05,feasibility/pass counts only; error/cost ratios are descriptive across matching primary schedules,24,216,"[""discrete/rank1/n8/seed3600011"",""discrete/rank1/n8/seed3600021"",""discrete/rank1/n8/seed3600031""]","[""discrete/etdrk4/n0/seedNone""]","{""primary"":[[0.02,0.04,0.06],[0.06,0.04,0.02],[0.03,0.03,0.03,0.03]]}",.runtime/frontier-full-review-20261009/extracted/fedora-frontier-20261009T005435342501Z/report/figures/chart-data.json.gz,/comparison_document/paired_field_summaries/94,"{""track"":""discrete"",""final_time"":0.12,""grid"":64,""train_count"":8,""family"":""rank1"",""competitor"":""etdrk4"",""independent_fields"":24,""paired_rows"":216,""independence_unit"":""field_cluster; physics/grids/schedules/seeds averaged within field"",""training_seed_scope"":""registered seeds are fixed; field interval is conditional on their ensemble"",""inference"":""descriptive paired cluster bootstrap; no multiple-comparison superiority declaration"",""error_ratio"":3.165254732071936,""error_ratio_ci95"":[1.6997647659879949,6.225955475656328],""speed_ratio"":0.22893726801653225,""speed_ratio_ci95"":[0.2268574805300435,0.23103149689611352]}"
native_paired_field_summaries,discrete,rank1,fno_small,8,,64,[64],0.12,,2e-05,2e-05,feasibility/pass counts only; error/cost ratios are descriptive across matching primary schedules,24,216,"[""discrete/rank1/n8/seed3600011"",""discrete/rank1/n8/seed3600021"",""discrete/rank1/n8/seed3600031""]","[""discrete/fno_small/n8/seed3600011"",""discrete/fno_small/n8/seed3600021"",""discrete/fno_small/n8/seed3600031""]","{""primary"":[[0.02,0.04,0.06],[0.06,0.04,0.02],[0.03,0.03,0.03,0.03]]}",.runtime/frontier-full-review-20261009/extracted/fedora-frontier-20261009T005435342501Z/report/figures/chart-data.json.gz,/comparison_document/paired_field_summaries/95,"{""track"":""discrete"",""final_time"":0.12,""grid"":64,""train_count"":8,""family"":""rank1"",""competitor"":""fno_small"",""independent_fields"":24,""paired_rows"":216,""independence_unit"":""field_cluster; physics/grids/schedules/seeds averaged within field"",""training_seed_scope"":""registered seeds are fixed; field interval is conditional on their ensemble"",""inference"":""descriptive paired cluster bootstrap; no multiple-comparison superiority declaration"",""error_ratio"":15.318090984291404,""error_ratio_ci95"":[9.98473175711053,23.266570748893603],""speed_ratio"":0.6500916244969309,""speed_ratio_ci95"":[0.6475721468685027,0.652811447711365]}"
native_paired_field_summaries,discrete,rank1,fno_standard,8,,64,[64],0.12,,2e-05,2e-05,feasibility/pass counts only; error/cost ratios are descriptive across matching primary schedules,24,216,"[""discrete/rank1/n8/seed3600011"",""discrete/rank1/n8/seed3600021"",""discrete/rank1/n8/seed3600031""]","[""discrete/fno_standard/n8/seed3600011"",""discrete/fno_standard/n8/seed3600021"",""discrete/fno_standard/n8/seed3600031""]","{""primary"":[[0.02,0.04,0.06],[0.06,0.04,0.02],[0.03,0.03,0.03,0.03]]}",.runtime/frontier-full-review-20261009/extracted/fedora-frontier-20261009T005435342501Z/report/figures/chart-data.json.gz,/comparison_document/paired_field_summaries/96,"{""track"":""discrete"",""final_time"":0.12,""grid"":64,""train_count"":8,""family"":""rank1"",""competitor"":""fno_standard"",""independent_fields"":24,""paired_rows"":216,""independence_unit"":""field_cluster; physics/grids/schedules/seeds averaged within field"",""training_seed_scope"":""registered seeds are fixed; field interval is conditional on their ensemble"",""inference"":""descriptive paired cluster bootstrap; no multiple-comparison superiority declaration"",""error_ratio"":11.103741504633895,""error_ratio_ci95"":[7.390828969475448,16.134391287843197],""speed_ratio"":0.9284787358678827,""speed_ratio_ci95"":[0.9245268804900322,0.9325473508311964]}"
native_paired_field_summaries,discrete,rank1,rank1_frozen,8,,64,[64],0.12,,2e-05,2e-05,feasibility/pass counts only; error/cost ratios are descriptive across matching primary schedules,24,216,"[""discrete/rank1/n8/seed3600011"",""discrete/rank1/n8/seed3600021"",""discrete/rank1/n8/seed3600031""]","[""discrete/rank1_frozen/n8/seed3600011"",""discrete/rank1_frozen/n8/seed3600021"",""discrete/rank1_frozen/n8/seed3600031""]","{""primary"":[[0.02,0.04,0.06],[0.06,0.04,0.02],[0.03,0.03,0.03,0.03]]}",.runtime/frontier-full-review-20261009/extracted/fedora-frontier-20261009T005435342501Z/report/figures/chart-data.json.gz,/comparison_document/paired_field_summaries/97,"{""track"":""discrete"",""final_time"":0.12,""grid"":64,""train_count"":8,""family"":""rank1"",""competitor"":""rank1_frozen"",""independent_fields"":24,""paired_rows"":216,""independence_unit"":""field_cluster; physics/grids/schedules/seeds averaged within field"",""training_seed_scope"":""registered seeds are fixed; field interval is conditional on their ensemble"",""inference"":""descriptive paired cluster bootstrap; no multiple-comparison superiority declaration"",""error_ratio"":3.1123396238077303,""error_ratio_ci95"":[2.16363454967772,4.444903835787923],""speed_ratio"":1.0029542552813184,""speed_ratio_ci95"":[0.9968283505972381,1.0097186402076854]}"
native_paired_field_summaries,discrete,rank1,rank1_postcompression,8,,64,[64],0.12,,2e-05,2e-05,feasibility/pass counts only; error/cost ratios are descriptive across matching primary schedules,24,216,"[""discrete/rank1/n8/seed3600011"",""discrete/rank1/n8/seed3600021"",""discrete/rank1/n8/seed3600031""]","[""discrete/rank1_postcompression/n8/seed3600011"",""discrete/rank1_postcompression/n8/seed3600021"",""discrete/rank1_postcompression/n8/seed3600031""]","{""primary"":[[0.02,0.04,0.06],[0.06,0.04,0.02],[0.03,0.03,0.03,0.03]]}",.runtime/frontier-full-review-20261009/extracted/fedora-frontier-20261009T005435342501Z/report/figures/chart-data.json.gz,/comparison_document/paired_field_summaries/98,"{""track"":""discrete"",""final_time"":0.12,""grid"":64,""train_count"":8,""family"":""rank1"",""competitor"":""rank1_postcompression"",""independent_fields"":24,""paired_rows"":216,""independence_unit"":""field_cluster; physics/grids/schedules/seeds averaged within field"",""training_seed_scope"":""registered seeds are fixed; field interval is conditional on their ensemble"",""inference"":""descriptive paired cluster bootstrap; no multiple-comparison superiority declaration"",""error_ratio"":2.9960949895756346,""error_ratio_ci95"":[1.8503931308019215,5.047342304238369],""speed_ratio"":1.0695972528740116,""speed_ratio_ci95"":[1.0638994906799148,1.0759680092488384]}"
native_paired_field_summaries,discrete,rank1,analytic_quad,32,,64,[64],0.12,,2e-05,2e-05,feasibility/pass counts only; error/cost ratios are descriptive across matching primary schedules,24,216,"[""discrete/rank1/n32/seed3600011"",""discrete/rank1/n32/seed3600021"",""discrete/rank1/n32/seed3600031""]","[""discrete/analytic_quad/n0/seedNone""]","{""primary"":[[0.02,0.04,0.06],[0.06,0.04,0.02],[0.03,0.03,0.03,0.03]]}",.runtime/frontier-full-review-20261009/extracted/fedora-frontier-20261009T005435342501Z/report/figures/chart-data.json.gz,/comparison_document/paired_field_summaries/99,"{""track"":""discrete"",""final_time"":0.12,""grid"":64,""train_count"":32,""family"":""rank1"",""competitor"":""analytic_quad"",""independent_fields"":24,""paired_rows"":216,""independence_unit"":""field_cluster; physics/grids/schedules/seeds averaged within field"",""training_seed_scope"":""registered seeds are fixed; field interval is conditional on their ensemble"",""inference"":""descriptive paired cluster bootstrap; no multiple-comparison superiority declaration"",""error_ratio"":0.366935619646405,""error_ratio_ci95"":[0.23089680690831005,0.5536010944431763],""speed_ratio"":1.0814375788576454,""speed_ratio_ci95"":[1.065155204240513,1.1010818858195073]}"
native_paired_field_summaries,discrete,rank1,analytic_quad_cubic,32,,64,[64],0.12,,2e-05,2e-05,feasibility/pass counts only; error/cost ratios are descriptive across matching primary schedules,24,216,"[""discrete/rank1/n32/seed3600011"",""discrete/rank1/n32/seed3600021"",""discrete/rank1/n32/seed3600031""]","[""discrete/analytic_quad_cubic/n0/seedNone""]","{""primary"":[[0.02,0.04,0.06],[0.06,0.04,0.02],[0.03,0.03,0.03,0.03]]}",.runtime/frontier-full-review-20261009/extracted/fedora-frontier-20261009T005435342501Z/report/figures/chart-data.json.gz,/comparison_document/paired_field_summaries/100,"{""track"":""discrete"",""final_time"":0.12,""grid"":64,""train_count"":32,""family"":""rank1"",""competitor"":""analytic_quad_cubic"",""independent_fields"":24,""paired_rows"":216,""independence_unit"":""field_cluster; physics/grids/schedules/seeds averaged within field"",""training_seed_scope"":""registered seeds are fixed; field interval is conditional on their ensemble"",""inference"":""descriptive paired cluster bootstrap; no multiple-comparison superiority declaration"",""error_ratio"":0.2536757348426948,""error_ratio_ci95"":[0.15678044120145088,0.3960841975885839],""speed_ratio"":3.693550493502779,""speed_ratio_ci95"":[3.6713097735899205,3.714151933585814]}"
native_paired_field_summaries,discrete,rank1,df,32,,64,[64],0.12,,2e-05,2e-05,feasibility/pass counts only; error/cost ratios are descriptive across matching primary schedules,24,216,"[""discrete/rank1/n32/seed3600011"",""discrete/rank1/n32/seed3600021"",""discrete/rank1/n32/seed3600031""]","[""discrete/df/n0/seedNone""]","{""primary"":[[0.02,0.04,0.06],[0.06,0.04,0.02],[0.03,0.03,0.03,0.03]]}",.runtime/frontier-full-review-20261009/extracted/fedora-frontier-20261009T005435342501Z/report/figures/chart-data.json.gz,/comparison_document/paired_field_summaries/101,"{""track"":""discrete"",""final_time"":0.12,""grid"":64,""train_count"":32,""family"":""rank1"",""competitor"":""df"",""independent_fields"":24,""paired_rows"":216,""independence_unit"":""field_cluster; physics/grids/schedules/seeds averaged within field"",""training_seed_scope"":""registered seeds are fixed; field interval is conditional on their ensemble"",""inference"":""descriptive paired cluster bootstrap; no multiple-comparison superiority declaration"",""error_ratio"":4.1998692707204315,""error_ratio_ci95"":[2.639222526176022,6.289647745421858],""speed_ratio"":0.15249327420257247,""speed_ratio_ci95"":[0.15064343499997276,0.15483687188736917]}"
native_paired_field_summaries,discrete,rank1,direct_fno,32,,64,[64],0.12,,2e-05,2e-05,feasibility/pass counts only; error/cost ratios are descriptive across matching primary schedules,24,216,"[""discrete/rank1/n32/seed3600011"",""discrete/rank1/n32/seed3600021"",""discrete/rank1/n32/seed3600031""]","[""discrete/direct_fno/n32/seed3600011"",""discrete/direct_fno/n32/seed3600021"",""discrete/direct_fno/n32/seed3600031""]","{""primary"":[[0.02,0.04,0.06],[0.06,0.04,0.02],[0.03,0.03,0.03,0.03]]}",.runtime/frontier-full-review-20261009/extracted/fedora-frontier-20261009T005435342501Z/report/figures/chart-data.json.gz,/comparison_document/paired_field_summaries/102,"{""track"":""discrete"",""final_time"":0.12,""grid"":64,""train_count"":32,""family"":""rank1"",""competitor"":""direct_fno"",""independent_fields"":24,""paired_rows"":216,""independence_unit"":""field_cluster; physics/grids/schedules/seeds averaged within field"",""training_seed_scope"":""registered seeds are fixed; field interval is conditional on their ensemble"",""inference"":""descriptive paired cluster bootstrap; no multiple-comparison superiority declaration"",""error_ratio"":53658.42691153544,""error_ratio_ci95"":[34360.864218478535,85826.53611530716],""speed_ratio"":0.7054683674280359,""speed_ratio_ci95"":[0.7008819496883297,0.7093450808888796]}"
native_paired_field_summaries,discrete,rank1,etdrk4,32,,64,[64],0.12,,2e-05,2e-05,feasibility/pass counts only; error/cost ratios are descriptive across matching primary schedules,24,216,"[""discrete/rank1/n32/seed3600011"",""discrete/rank1/n32/seed3600021"",""discrete/rank1/n32/seed3600031""]","[""discrete/etdrk4/n0/seedNone""]","{""primary"":[[0.02,0.04,0.06],[0.06,0.04,0.02],[0.03,0.03,0.03,0.03]]}",.runtime/frontier-full-review-20261009/extracted/fedora-frontier-20261009T005435342501Z/report/figures/chart-data.json.gz,/comparison_document/paired_field_summaries/103,"{""track"":""discrete"",""final_time"":0.12,""grid"":64,""train_count"":32,""family"":""rank1"",""competitor"":""etdrk4"",""independent_fields"":24,""paired_rows"":216,""independence_unit"":""field_cluster; physics/grids/schedules/seeds averaged within field"",""training_seed_scope"":""registered seeds are fixed; field interval is conditional on their ensemble"",""inference"":""descriptive paired cluster bootstrap; no multiple-comparison superiority declaration"",""error_ratio"":2.914609964166633,""error_ratio_ci95"":[1.5050692167051607,5.756588348193248],""speed_ratio"":0.22750354282867838,""speed_ratio_ci95"":[0.22553856945898096,0.2294787978660055]}"
native_paired_field_summaries,discrete,rank1,fno_small,32,,64,[64],0.12,,2e-05,2e-05,feasibility/pass counts only; error/cost ratios are descriptive across matching primary schedules,24,216,"[""discrete/rank1/n32/seed3600011"",""discrete/rank1/n32/seed3600021"",""discrete/rank1/n32/seed3600031""]","[""discrete/fno_small/n32/seed3600011"",""discrete/fno_small/n32/seed3600021"",""discrete/fno_small/n32/seed3600031""]","{""primary"":[[0.02,0.04,0.06],[0.06,0.04,0.02],[0.03,0.03,0.03,0.03]]}",.runtime/frontier-full-review-20261009/extracted/fedora-frontier-20261009T005435342501Z/report/figures/chart-data.json.gz,/comparison_document/paired_field_summaries/104,"{""track"":""discrete"",""final_time"":0.12,""grid"":64,""train_count"":32,""family"":""rank1"",""competitor"":""fno_small"",""independent_fields"":24,""paired_rows"":216,""independence_unit"":""field_cluster; physics/grids/schedules/seeds averaged within field"",""training_seed_scope"":""registered seeds are fixed; field interval is conditional on their ensemble"",""inference"":""descriptive paired cluster bootstrap; no multiple-comparison superiority declaration"",""error_ratio"":16.066743753251657,""error_ratio_ci95"":[10.18046947909156,24.300877688002725],""speed_ratio"":0.6418397407052548,""speed_ratio_ci95"":[0.6383445450381443,0.6451964587966716]}"
native_paired_field_summaries,discrete,rank1,fno_standard,32,,64,[64],0.12,,2e-05,2e-05,feasibility/pass counts only; error/cost ratios are descriptive across matching primary schedules,24,216,"[""discrete/rank1/n32/seed3600011"",""discrete/rank1/n32/seed3600021"",""discrete/rank1/n32/seed3600031""]","[""discrete/fno_standard/n32/seed3600011"",""discrete/fno_standard/n32/seed3600021"",""discrete/fno_standard/n32/seed3600031""]","{""primary"":[[0.02,0.04,0.06],[0.06,0.04,0.02],[0.03,0.03,0.03,0.03]]}",.runtime/frontier-full-review-20261009/extracted/fedora-frontier-20261009T005435342501Z/report/figures/chart-data.json.gz,/comparison_document/paired_field_summaries/105,"{""track"":""discrete"",""final_time"":0.12,""grid"":64,""train_count"":32,""family"":""rank1"",""competitor"":""fno_standard"",""independent_fields"":24,""paired_rows"":216,""independence_unit"":""field_cluster; physics/grids/schedules/seeds averaged within field"",""training_seed_scope"":""registered seeds are fixed; field interval is conditional on their ensemble"",""inference"":""descriptive paired cluster bootstrap; no multiple-comparison superiority declaration"",""error_ratio"":12.399812687776215,""error_ratio_ci95"":[8.132121832566575,18.72633469918022],""speed_ratio"":0.9219225517208196,""speed_ratio_ci95"":[0.917392959165157,0.9262203263272306]}"
native_paired_field_summaries,discrete,rank1,rank1_frozen,32,,64,[64],0.12,,2e-05,2e-05,feasibility/pass counts only; error/cost ratios are descriptive across matching primary schedules,24,216,"[""discrete/rank1/n32/seed3600011"",""discrete/rank1/n32/seed3600021"",""discrete/rank1/n32/seed3600031""]","[""discrete/rank1_frozen/n32/seed3600011"",""discrete/rank1_frozen/n32/seed3600021"",""discrete/rank1_frozen/n32/seed3600031""]","{""primary"":[[0.02,0.04,0.06],[0.06,0.04,0.02],[0.03,0.03,0.03,0.03]]}",.runtime/frontier-full-review-20261009/extracted/fedora-frontier-20261009T005435342501Z/report/figures/chart-data.json.gz,/comparison_document/paired_field_summaries/106,"{""track"":""discrete"",""final_time"":0.12,""grid"":64,""train_count"":32,""family"":""rank1"",""competitor"":""rank1_frozen"",""independent_fields"":24,""paired_rows"":216,""independence_unit"":""field_cluster; physics/grids/schedules/seeds averaged within field"",""training_seed_scope"":""registered seeds are fixed; field interval is conditional on their ensemble"",""inference"":""descriptive paired cluster bootstrap; no multiple-comparison superiority declaration"",""error_ratio"":2.865885006823041,""error_ratio_ci95"":[2.1184446450338785,3.9448311258187454],""speed_ratio"":0.9938686537180336,""speed_ratio_ci95"":[0.9899954599120514,0.9976763259728818]}"
native_paired_field_summaries,discrete,rank1,rank1_postcompression,32,,64,[64],0.12,,2e-05,2e-05,feasibility/pass counts only; error/cost ratios are descriptive across matching primary schedules,24,216,"[""discrete/rank1/n32/seed3600011"",""discrete/rank1/n32/seed3600021"",""discrete/rank1/n32/seed3600031""]","[""discrete/rank1_postcompression/n32/seed3600011"",""discrete/rank1_postcompression/n32/seed3600021"",""discrete/rank1_postcompression/n32/seed3600031""]","{""primary"":[[0.02,0.04,0.06],[0.06,0.04,0.02],[0.03,0.03,0.03,0.03]]}",.runtime/frontier-full-review-20261009/extracted/fedora-frontier-20261009T005435342501Z/report/figures/chart-data.json.gz,/comparison_document/paired_field_summaries/107,"{""track"":""discrete"",""final_time"":0.12,""grid"":64,""train_count"":32,""family"":""rank1"",""competitor"":""rank1_postcompression"",""independent_fields"":24,""paired_rows"":216,""independence_unit"":""field_cluster; physics/grids/schedules/seeds averaged within field"",""training_seed_scope"":""registered seeds are fixed; field interval is conditional on their ensemble"",""inference"":""descriptive paired cluster bootstrap; no multiple-comparison superiority declaration"",""error_ratio"":2.4591284779261082,""error_ratio_ci95"":[1.5669206353945706,4.021073777489645],""speed_ratio"":1.0642090865117473,""speed_ratio_ci95"":[1.0593732207390243,1.070472095144904]}"
native_paired_field_summaries,discrete,rank1,analytic_quad,8,,32,[32],0.24,,2e-05,2e-05,feasibility/pass counts only; error/cost ratios are descriptive across matching primary schedules,24,144,"[""discrete/rank1/n8/seed3600011"",""discrete/rank1/n8/seed3600021"",""discrete/rank1/n8/seed3600031""]","[""discrete/analytic_quad/n0/seedNone""]","{""primary"":[[0.04,0.08,0.12],[0.12,0.08,0.04]]}",.runtime/frontier-full-review-20261009/extracted/fedora-frontier-20261009T005435342501Z/report/figures/chart-data.json.gz,/comparison_document/paired_field_summaries/108,"{""track"":""discrete"",""final_time"":0.24,""grid"":32,""train_count"":8,""family"":""rank1"",""competitor"":""analytic_quad"",""independent_fields"":24,""paired_rows"":144,""independence_unit"":""field_cluster; physics/grids/schedules/seeds averaged within field"",""training_seed_scope"":""registered seeds are fixed; field interval is conditional on their ensemble"",""inference"":""descriptive paired cluster bootstrap; no multiple-comparison superiority declaration"",""error_ratio"":0.35055085913666306,""error_ratio_ci95"":[0.20677408321571705,0.5614677567145252],""speed_ratio"":1.0732630286901368,""speed_ratio_ci95"":[1.0608181847712421,1.0872434888323834]}"
native_paired_field_summaries,discrete,rank1,analytic_quad_cubic,8,,32,[32],0.24,,2e-05,2e-05,feasibility/pass counts only; error/cost ratios are descriptive across matching primary schedules,24,144,"[""discrete/rank1/n8/seed3600011"",""discrete/rank1/n8/seed3600021"",""discrete/rank1/n8/seed3600031""]","[""discrete/analytic_quad_cubic/n0/seedNone""]","{""primary"":[[0.04,0.08,0.12],[0.12,0.08,0.04]]}",.runtime/frontier-full-review-20261009/extracted/fedora-frontier-20261009T005435342501Z/report/figures/chart-data.json.gz,/comparison_document/paired_field_summaries/109,"{""track"":""discrete"",""final_time"":0.24,""grid"":32,""train_count"":8,""family"":""rank1"",""competitor"":""analytic_quad_cubic"",""independent_fields"":24,""paired_rows"":144,""independence_unit"":""field_cluster; physics/grids/schedules/seeds averaged within field"",""training_seed_scope"":""registered seeds are fixed; field interval is conditional on their ensemble"",""inference"":""descriptive paired cluster bootstrap; no multiple-comparison superiority declaration"",""error_ratio"":0.19062554484310804,""error_ratio_ci95"":[0.113399234472706,0.31115712746387386],""speed_ratio"":3.698563238859182,""speed_ratio_ci95"":[3.6733997341717135,3.71985901120864]}"
native_paired_field_summaries,discrete,rank1,df,8,,32,[32],0.24,,2e-05,2e-05,feasibility/pass counts only; error/cost ratios are descriptive across matching primary schedules,24,144,"[""discrete/rank1/n8/seed3600011"",""discrete/rank1/n8/seed3600021"",""discrete/rank1/n8/seed3600031""]","[""discrete/df/n0/seedNone""]","{""primary"":[[0.04,0.08,0.12],[0.12,0.08,0.04]]}",.runtime/frontier-full-review-20261009/extracted/fedora-frontier-20261009T005435342501Z/report/figures/chart-data.json.gz,/comparison_document/paired_field_summaries/110,"{""track"":""discrete"",""final_time"":0.24,""grid"":32,""train_count"":8,""family"":""rank1"",""competitor"":""df"",""independent_fields"":24,""paired_rows"":144,""independence_unit"":""field_cluster; physics/grids/schedules/seeds averaged within field"",""training_seed_scope"":""registered seeds are fixed; field interval is conditional on their ensemble"",""inference"":""descriptive paired cluster bootstrap; no multiple-comparison superiority declaration"",""error_ratio"":5.634652953160285,""error_ratio_ci95"":[3.597079352349967,8.858118038968485],""speed_ratio"":0.15585606446585454,""speed_ratio_ci95"":[0.1536090642733518,0.1583147381238037]}"
native_paired_field_summaries,discrete,rank1,direct_fno,8,,32,[32],0.24,,2e-05,2e-05,feasibility/pass counts only; error/cost ratios are descriptive across matching primary schedules,24,144,"[""discrete/rank1/n8/seed3600011"",""discrete/rank1/n8/seed3600021"",""discrete/rank1/n8/seed3600031""]","[""discrete/direct_fno/n8/seed3600011"",""discrete/direct_fno/n8/seed3600021"",""discrete/direct_fno/n8/seed3600031""]","{""primary"":[[0.04,0.08,0.12],[0.12,0.08,0.04]]}",.runtime/frontier-full-review-20261009/extracted/fedora-frontier-20261009T005435342501Z/report/figures/chart-data.json.gz,/comparison_document/paired_field_summaries/111,"{""track"":""discrete"",""final_time"":0.24,""grid"":32,""train_count"":8,""family"":""rank1"",""competitor"":""direct_fno"",""independent_fields"":24,""paired_rows"":144,""independence_unit"":""field_cluster; physics/grids/schedules/seeds averaged within field"",""training_seed_scope"":""registered seeds are fixed; field interval is conditional on their ensemble"",""inference"":""descriptive paired cluster bootstrap; no multiple-comparison superiority declaration"",""error_ratio"":53354.174417306895,""error_ratio_ci95"":[27666.357163514396,97400.64189627215],""speed_ratio"":0.7067949695728015,""speed_ratio_ci95"":[0.7029179702306646,0.7106521119621044]}"
native_paired_field_summaries,discrete,rank1,etdrk4,8,,32,[32],0.24,,2e-05,2e-05,feasibility/pass counts only; error/cost ratios are descriptive across matching primary schedules,24,144,"[""discrete/rank1/n8/seed3600011"",""discrete/rank1/n8/seed3600021"",""discrete/rank1/n8/seed3600031""]","[""discrete/etdrk4/n0/seedNone""]","{""primary"":[[0.04,0.08,0.12],[0.12,0.08,0.04]]}",.runtime/frontier-full-review-20261009/extracted/fedora-frontier-20261009T005435342501Z/report/figures/chart-data.json.gz,/comparison_document/paired_field_summaries/112,"{""track"":""discrete"",""final_time"":0.24,""grid"":32,""train_count"":8,""family"":""rank1"",""competitor"":""etdrk4"",""independent_fields"":24,""paired_rows"":144,""independence_unit"":""field_cluster; physics/grids/schedules/seeds averaged within field"",""training_seed_scope"":""registered seeds are fixed; field interval is conditional on their ensemble"",""inference"":""descriptive paired cluster bootstrap; no multiple-comparison superiority declaration"",""error_ratio"":12.588356341157978,""error_ratio_ci95"":[3.4964009774512324,45.12916322603911],""speed_ratio"":0.23235538351119242,""speed_ratio_ci95"":[0.22939227883500146,0.23581863232703965]}"
native_paired_field_summaries,discrete,rank1,fno_small,8,,32,[32],0.24,,2e-05,2e-05,feasibility/pass counts only; error/cost ratios are descriptive across matching primary schedules,24,144,"[""discrete/rank1/n8/seed3600011"",""discrete/rank1/n8/seed3600021"",""discrete/rank1/n8/seed3600031""]","[""discrete/fno_small/n8/seed3600011"",""discrete/fno_small/n8/seed3600021"",""discrete/fno_small/n8/seed3600031""]","{""primary"":[[0.04,0.08,0.12],[0.12,0.08,0.04]]}",.runtime/frontier-full-review-20261009/extracted/fedora-frontier-20261009T005435342501Z/report/figures/chart-data.json.gz,/comparison_document/paired_field_summaries/113,"{""track"":""discrete"",""final_time"":0.24,""grid"":32,""train_count"":8,""family"":""rank1"",""competitor"":""fno_small"",""independent_fields"":24,""paired_rows"":144,""independence_unit"":""field_cluster; physics/grids/schedules/seeds averaged within field"",""training_seed_scope"":""registered seeds are fixed; field interval is conditional on their ensemble"",""inference"":""descriptive paired cluster bootstrap; no multiple-comparison superiority declaration"",""error_ratio"":33.71997943772159,""error_ratio_ci95"":[18.27870256539848,66.52779162130084],""speed_ratio"":0.6477072108818882,""speed_ratio_ci95"":[0.6438276353878173,0.652183173541206]}"
native_paired_field_summaries,discrete,rank1,fno_standard,8,,32,[32],0.24,,2e-05,2e-05,feasibility/pass counts only; error/cost ratios are descriptive across matching primary schedules,24,144,"[""discrete/rank1/n8/seed3600011"",""discrete/rank1/n8/seed3600021"",""discrete/rank1/n8/seed3600031""]","[""discrete/fno_standard/n8/seed3600011"",""discrete/fno_standard/n8/seed3600021"",""discrete/fno_standard/n8/seed3600031""]","{""primary"":[[0.04,0.08,0.12],[0.12,0.08,0.04]]}",.runtime/frontier-full-review-20261009/extracted/fedora-frontier-20261009T005435342501Z/report/figures/chart-data.json.gz,/comparison_document/paired_field_summaries/114,"{""track"":""discrete"",""final_time"":0.24,""grid"":32,""train_count"":8,""family"":""rank1"",""competitor"":""fno_standard"",""independent_fields"":24,""paired_rows"":144,""independence_unit"":""field_cluster; physics/grids/schedules/seeds averaged within field"",""training_seed_scope"":""registered seeds are fixed; field interval is conditional on their ensemble"",""inference"":""descriptive paired cluster bootstrap; no multiple-comparison superiority declaration"",""error_ratio"":25.890412813548078,""error_ratio_ci95"":[14.551064527435958,47.45539159525782],""speed_ratio"":0.9273090843283609,""speed_ratio_ci95"":[0.9226809237261784,0.9324398062756204]}"
native_paired_field_summaries,discrete,rank1,rank1_frozen,8,,32,[32],0.24,,2e-05,2e-05,feasibility/pass counts only; error/cost ratios are descriptive across matching primary schedules,24,144,"[""discrete/rank1/n8/seed3600011"",""discrete/rank1/n8/seed3600021"",""discrete/rank1/n8/seed3600031""]","[""discrete/rank1_frozen/n8/seed3600011"",""discrete/rank1_frozen/n8/seed3600021"",""discrete/rank1_frozen/n8/seed3600031""]","{""primary"":[[0.04,0.08,0.12],[0.12,0.08,0.04]]}",.runtime/frontier-full-review-20261009/extracted/fedora-frontier-20261009T005435342501Z/report/figures/chart-data.json.gz,/comparison_document/paired_field_summaries/115,"{""track"":""discrete"",""final_time"":0.24,""grid"":32,""train_count"":8,""family"":""rank1"",""competitor"":""rank1_frozen"",""independent_fields"":24,""paired_rows"":144,""independence_unit"":""field_cluster; physics/grids/schedules/seeds averaged within field"",""training_seed_scope"":""registered seeds are fixed; field interval is conditional on their ensemble"",""inference"":""descriptive paired cluster bootstrap; no multiple-comparison superiority declaration"",""error_ratio"":3.606919579174676,""error_ratio_ci95"":[2.5108979412376167,5.210597942291987],""speed_ratio"":1.0025872136159892,""speed_ratio_ci95"":[0.994628648907676,1.0108411893133413]}"
native_paired_field_summaries,discrete,rank1,rank1_postcompression,8,,32,[32],0.24,,2e-05,2e-05,feasibility/pass counts only; error/cost ratios are descriptive across matching primary schedules,24,144,"[""discrete/rank1/n8/seed3600011"",""discrete/rank1/n8/seed3600021"",""discrete/rank1/n8/seed3600031""]","[""discrete/rank1_postcompression/n8/seed3600011"",""discrete/rank1_postcompression/n8/seed3600021"",""discrete/rank1_postcompression/n8/seed3600031""]","{""primary"":[[0.04,0.08,0.12],[0.12,0.08,0.04]]}",.runtime/frontier-full-review-20261009/extracted/fedora-frontier-20261009T005435342501Z/report/figures/chart-data.json.gz,/comparison_document/paired_field_summaries/116,"{""track"":""discrete"",""final_time"":0.24,""grid"":32,""train_count"":8,""family"":""rank1"",""competitor"":""rank1_postcompression"",""independent_fields"":24,""paired_rows"":144,""independence_unit"":""field_cluster; physics/grids/schedules/seeds averaged within field"",""training_seed_scope"":""registered seeds are fixed; field interval is conditional on their ensemble"",""inference"":""descriptive paired cluster bootstrap; no multiple-comparison superiority declaration"",""error_ratio"":2.9350785821752723,""error_ratio_ci95"":[1.8912893766852568,4.570128950271289],""speed_ratio"":1.067655573234913,""speed_ratio_ci95"":[1.0611116286792859,1.0744385026261325]}"
native_paired_field_summaries,discrete,rank1,analytic_quad,32,,32,[32],0.24,,2e-05,2e-05,feasibility/pass counts only; error/cost ratios are descriptive across matching primary schedules,24,144,"[""discrete/rank1/n32/seed3600011"",""discrete/rank1/n32/seed3600021"",""discrete/rank1/n32/seed3600031""]","[""discrete/analytic_quad/n0/seedNone""]","{""primary"":[[0.04,0.08,0.12],[0.12,0.08,0.04]]}",.runtime/frontier-full-review-20261009/extracted/fedora-frontier-20261009T005435342501Z/report/figures/chart-data.json.gz,/comparison_document/paired_field_summaries/117,"{""track"":""discrete"",""final_time"":0.24,""grid"":32,""train_count"":32,""family"":""rank1"",""competitor"":""analytic_quad"",""independent_fields"":24,""paired_rows"":144,""independence_unit"":""field_cluster; physics/grids/schedules/seeds averaged within field"",""training_seed_scope"":""registered seeds are fixed; field interval is conditional on their ensemble"",""inference"":""descriptive paired cluster bootstrap; no multiple-comparison superiority declaration"",""error_ratio"":0.33337787143196795,""error_ratio_ci95"":[0.20480770448816765,0.5198327884746418],""speed_ratio"":1.0734684586859253,""speed_ratio_ci95"":[1.0581741789743258,1.089172753183414]}"
native_paired_field_summaries,discrete,rank1,analytic_quad_cubic,32,,32,[32],0.24,,2e-05,2e-05,feasibility/pass counts only; error/cost ratios are descriptive across matching primary schedules,24,144,"[""discrete/rank1/n32/seed3600011"",""discrete/rank1/n32/seed3600021"",""discrete/rank1/n32/seed3600031""]","[""discrete/analytic_quad_cubic/n0/seedNone""]","{""primary"":[[0.04,0.08,0.12],[0.12,0.08,0.04]]}",.runtime/frontier-full-review-20261009/extracted/fedora-frontier-20261009T005435342501Z/report/figures/chart-data.json.gz,/comparison_document/paired_field_summaries/118,"{""track"":""discrete"",""final_time"":0.24,""grid"":32,""train_count"":32,""family"":""rank1"",""competitor"":""analytic_quad_cubic"",""independent_fields"":24,""paired_rows"":144,""independence_unit"":""field_cluster; physics/grids/schedules/seeds averaged within field"",""training_seed_scope"":""registered seeds are fixed; field interval is conditional on their ensemble"",""inference"":""descriptive paired cluster bootstrap; no multiple-comparison superiority declaration"",""error_ratio"":0.18128707068887612,""error_ratio_ci95"":[0.10753552339755808,0.29018635062652115],""speed_ratio"":3.699271169543713,""speed_ratio_ci95"":[3.667499197200235,3.728129088323082]}"
native_paired_field_summaries,discrete,rank1,df,32,,32,[32],0.24,,2e-05,2e-05,feasibility/pass counts only; error/cost ratios are descriptive across matching primary schedules,24,144,"[""discrete/rank1/n32/seed3600011"",""discrete/rank1/n32/seed3600021"",""discrete/rank1/n32/seed3600031""]","[""discrete/df/n0/seedNone""]","{""primary"":[[0.04,0.08,0.12],[0.12,0.08,0.04]]}",.runtime/frontier-full-review-20261009/extracted/fedora-frontier-20261009T005435342501Z/report/figures/chart-data.json.gz,/comparison_document/paired_field_summaries/119,"{""track"":""discrete"",""final_time"":0.24,""grid"":32,""train_count"":32,""family"":""rank1"",""competitor"":""df"",""independent_fields"":24,""paired_rows"":144,""independence_unit"":""field_cluster; physics/grids/schedules/seeds averaged within field"",""training_seed_scope"":""registered seeds are fixed; field interval is conditional on their ensemble"",""inference"":""descriptive paired cluster bootstrap; no multiple-comparison superiority declaration"",""error_ratio"":5.358619323908438,""error_ratio_ci95"":[3.520791842378637,8.11898401057063],""speed_ratio"":0.1558858963987647,""speed_ratio_ci95"":[0.153451686210924,0.15891351490287986]}"
native_paired_field_summaries,discrete,rank1,direct_fno,32,,32,[32],0.24,,2e-05,2e-05,feasibility/pass counts only; error/cost ratios are descriptive across matching primary schedules,24,144,"[""discrete/rank1/n32/seed3600011"",""discrete/rank1/n32/seed3600021"",""discrete/rank1/n32/seed3600031""]","[""discrete/direct_fno/n32/seed3600011"",""discrete/direct_fno/n32/seed3600021"",""discrete/direct_fno/n32/seed3600031""]","{""primary"":[[0.04,0.08,0.12],[0.12,0.08,0.04]]}",.runtime/frontier-full-review-20261009/extracted/fedora-frontier-20261009T005435342501Z/report/figures/chart-data.json.gz,/comparison_document/paired_field_summaries/120,"{""track"":""discrete"",""final_time"":0.24,""grid"":32,""train_count"":32,""family"":""rank1"",""competitor"":""direct_fno"",""independent_fields"":24,""paired_rows"":144,""independence_unit"":""field_cluster; physics/grids/schedules/seeds averaged within field"",""training_seed_scope"":""registered seeds are fixed; field interval is conditional on their ensemble"",""inference"":""descriptive paired cluster bootstrap; no multiple-comparison superiority declaration"",""error_ratio"":49895.19510150529,""error_ratio_ci95"":[27029.284518617776,87693.01243623563],""speed_ratio"":0.7121280120360305,""speed_ratio_ci95"":[0.7059644552974119,0.7184616390169398]}"
native_paired_field_summaries,discrete,rank1,etdrk4,32,,32,[32],0.24,,2e-05,2e-05,feasibility/pass counts only; error/cost ratios are descriptive across matching primary schedules,24,144,"[""discrete/rank1/n32/seed3600011"",""discrete/rank1/n32/seed3600021"",""discrete/rank1/n32/seed3600031""]","[""discrete/etdrk4/n0/seedNone""]","{""primary"":[[0.04,0.08,0.12],[0.12,0.08,0.04]]}",.runtime/frontier-full-review-20261009/extracted/fedora-frontier-20261009T005435342501Z/report/figures/chart-data.json.gz,/comparison_document/paired_field_summaries/121,"{""track"":""discrete"",""final_time"":0.24,""grid"":32,""train_count"":32,""family"":""rank1"",""competitor"":""etdrk4"",""independent_fields"":24,""paired_rows"":144,""independence_unit"":""field_cluster; physics/grids/schedules/seeds averaged within field"",""training_seed_scope"":""registered seeds are fixed; field interval is conditional on their ensemble"",""inference"":""descriptive paired cluster bootstrap; no multiple-comparison superiority declaration"",""error_ratio"":11.971670679050531,""error_ratio_ci95"":[3.343912883716802,40.40256944827507],""speed_ratio"":0.23239985794493348,""speed_ratio_ci95"":[0.22905738614089394,0.23540964218109947]}"
native_paired_field_summaries,discrete,rank1,fno_small,32,,32,[32],0.24,,2e-05,2e-05,feasibility/pass counts only; error/cost ratios are descriptive across matching primary schedules,24,144,"[""discrete/rank1/n32/seed3600011"",""discrete/rank1/n32/seed3600021"",""discrete/rank1/n32/seed3600031""]","[""discrete/fno_small/n32/seed3600011"",""discrete/fno_small/n32/seed3600021"",""discrete/fno_small/n32/seed3600031""]","{""primary"":[[0.04,0.08,0.12],[0.12,0.08,0.04]]}",.runtime/frontier-full-review-20261009/extracted/fedora-frontier-20261009T005435342501Z/report/figures/chart-data.json.gz,/comparison_document/paired_field_summaries/122,"{""track"":""discrete"",""final_time"":0.24,""grid"":32,""train_count"":32,""family"":""rank1"",""competitor"":""fno_small"",""independent_fields"":24,""paired_rows"":144,""independence_unit"":""field_cluster; physics/grids/schedules/seeds averaged within field"",""training_seed_scope"":""registered seeds are fixed; field interval is conditional on their ensemble"",""inference"":""descriptive paired cluster bootstrap; no multiple-comparison superiority declaration"",""error_ratio"":49.530246184659745,""error_ratio_ci95"":[26.239437691178683,92.42036144128495],""speed_ratio"":0.6412695225716333,""speed_ratio_ci95"":[0.634148527047713,0.6483037143520748]}"
native_paired_field_summaries,discrete,rank1,fno_standard,32,,32,[32],0.24,,2e-05,2e-05,feasibility/pass counts only; error/cost ratios are descriptive across matching primary schedules,24,144,"[""discrete/rank1/n32/seed3600011"",""discrete/rank1/n32/seed3600021"",""discrete/rank1/n32/seed3600031""]","[""discrete/fno_standard/n32/seed3600011"",""discrete/fno_standard/n32/seed3600021"",""discrete/fno_standard/n32/seed3600031""]","{""primary"":[[0.04,0.08,0.12],[0.12,0.08,0.04]]}",.runtime/frontier-full-review-20261009/extracted/fedora-frontier-20261009T005435342501Z/report/figures/chart-data.json.gz,/comparison_document/paired_field_summaries/123,"{""track"":""discrete"",""final_time"":0.24,""grid"":32,""train_count"":32,""family"":""rank1"",""competitor"":""fno_standard"",""independent_fields"":24,""paired_rows"":144,""independence_unit"":""field_cluster; physics/grids/schedules/seeds averaged within field"",""training_seed_scope"":""registered seeds are fixed; field interval is conditional on their ensemble"",""inference"":""descriptive paired cluster bootstrap; no multiple-comparison superiority declaration"",""error_ratio"":38.44445220816998,""error_ratio_ci95"":[20.968872444861827,70.46142667206844],""speed_ratio"":0.9289328596958791,""speed_ratio_ci95"":[0.9223517226528382,0.9358191748067768]}"
native_paired_field_summaries,discrete,rank1,rank1_frozen,32,,32,[32],0.24,,2e-05,2e-05,feasibility/pass counts only; error/cost ratios are descriptive across matching primary schedules,24,144,"[""discrete/rank1/n32/seed3600011"",""discrete/rank1/n32/seed3600021"",""discrete/rank1/n32/seed3600031""]","[""discrete/rank1_frozen/n32/seed3600011"",""discrete/rank1_frozen/n32/seed3600021"",""discrete/rank1_frozen/n32/seed3600031""]","{""primary"":[[0.04,0.08,0.12],[0.12,0.08,0.04]]}",.runtime/frontier-full-review-20261009/extracted/fedora-frontier-20261009T005435342501Z/report/figures/chart-data.json.gz,/comparison_document/paired_field_summaries/124,"{""track"":""discrete"",""final_time"":0.24,""grid"":32,""train_count"":32,""family"":""rank1"",""competitor"":""rank1_frozen"",""independent_fields"":24,""paired_rows"":144,""independence_unit"":""field_cluster; physics/grids/schedules/seeds averaged within field"",""training_seed_scope"":""registered seeds are fixed; field interval is conditional on their ensemble"",""inference"":""descriptive paired cluster bootstrap; no multiple-comparison superiority declaration"",""error_ratio"":3.430221722157464,""error_ratio_ci95"":[2.432178165845199,4.881321185479924],""speed_ratio"":1.0042200230685803,""speed_ratio_ci95"":[0.9930115826550242,1.0173941995420803]}"
native_paired_field_summaries,discrete,rank1,rank1_postcompression,32,,32,[32],0.24,,2e-05,2e-05,feasibility/pass counts only; error/cost ratios are descriptive across matching primary schedules,24,144,"[""discrete/rank1/n32/seed3600011"",""discrete/rank1/n32/seed3600021"",""discrete/rank1/n32/seed3600031""]","[""discrete/rank1_postcompression/n32/seed3600011"",""discrete/rank1_postcompression/n32/seed3600021"",""discrete/rank1_postcompression/n32/seed3600031""]","{""primary"":[[0.04,0.08,0.12],[0.12,0.08,0.04]]}",.runtime/frontier-full-review-20261009/extracted/fedora-frontier-20261009T005435342501Z/report/figures/chart-data.json.gz,/comparison_document/paired_field_summaries/125,"{""track"":""discrete"",""final_time"":0.24,""grid"":32,""train_count"":32,""family"":""rank1"",""competitor"":""rank1_postcompression"",""independent_fields"":24,""paired_rows"":144,""independence_unit"":""field_cluster; physics/grids/schedules/seeds averaged within field"",""training_seed_scope"":""registered seeds are fixed; field interval is conditional on their ensemble"",""inference"":""descriptive paired cluster bootstrap; no multiple-comparison superiority declaration"",""error_ratio"":2.235563418555141,""error_ratio_ci95"":[1.3775805340561202,3.8429957621280084],""speed_ratio"":1.0660361896374395,""speed_ratio_ci95"":[1.056125997822969,1.0764218622166433]}"
native_paired_field_summaries,discrete,rank1,analytic_quad,8,,64,[64],0.24,,2e-05,2e-05,feasibility/pass counts only; error/cost ratios are descriptive across matching primary schedules,24,144,"[""discrete/rank1/n8/seed3600011"",""discrete/rank1/n8/seed3600021"",""discrete/rank1/n8/seed3600031""]","[""discrete/analytic_quad/n0/seedNone""]","{""primary"":[[0.04,0.08,0.12],[0.12,0.08,0.04]]}",.runtime/frontier-full-review-20261009/extracted/fedora-frontier-20261009T005435342501Z/report/figures/chart-data.json.gz,/comparison_document/paired_field_summaries/126,"{""track"":""discrete"",""final_time"":0.24,""grid"":64,""train_count"":8,""family"":""rank1"",""competitor"":""analytic_quad"",""independent_fields"":24,""paired_rows"":144,""independence_unit"":""field_cluster; physics/grids/schedules/seeds averaged within field"",""training_seed_scope"":""registered seeds are fixed; field interval is conditional on their ensemble"",""inference"":""descriptive paired cluster bootstrap; no multiple-comparison superiority declaration"",""error_ratio"":0.37371437112602746,""error_ratio_ci95"":[0.23758675688705122,0.5730096963935338],""speed_ratio"":1.0688216279762768,""speed_ratio_ci95"":[1.0571512127761573,1.0811751997631203]}"
native_paired_field_summaries,discrete,rank1,analytic_quad_cubic,8,,64,[64],0.24,,2e-05,2e-05,feasibility/pass counts only; error/cost ratios are descriptive across matching primary schedules,24,144,"[""discrete/rank1/n8/seed3600011"",""discrete/rank1/n8/seed3600021"",""discrete/rank1/n8/seed3600031""]","[""discrete/analytic_quad_cubic/n0/seedNone""]","{""primary"":[[0.04,0.08,0.12],[0.12,0.08,0.04]]}",.runtime/frontier-full-review-20261009/extracted/fedora-frontier-20261009T005435342501Z/report/figures/chart-data.json.gz,/comparison_document/paired_field_summaries/127,"{""track"":""discrete"",""final_time"":0.24,""grid"":64,""train_count"":8,""family"":""rank1"",""competitor"":""analytic_quad_cubic"",""independent_fields"":24,""paired_rows"":144,""independence_unit"":""field_cluster; physics/grids/schedules/seeds averaged within field"",""training_seed_scope"":""registered seeds are fixed; field interval is conditional on their ensemble"",""inference"":""descriptive paired cluster bootstrap; no multiple-comparison superiority declaration"",""error_ratio"":0.20867038406573307,""error_ratio_ci95"":[0.13850881701855186,0.3210295811518251],""speed_ratio"":3.6759104109683585,""speed_ratio_ci95"":[3.642742181953337,3.706574645119258]}"
native_paired_field_summaries,discrete,rank1,df,8,,64,[64],0.24,,2e-05,2e-05,feasibility/pass counts only; error/cost ratios are descriptive across matching primary schedules,24,144,"[""discrete/rank1/n8/seed3600011"",""discrete/rank1/n8/seed3600021"",""discrete/rank1/n8/seed3600031""]","[""discrete/df/n0/seedNone""]","{""primary"":[[0.04,0.08,0.12],[0.12,0.08,0.04]]}",.runtime/frontier-full-review-20261009/extracted/fedora-frontier-20261009T005435342501Z/report/figures/chart-data.json.gz,/comparison_document/paired_field_summaries/128,"{""track"":""discrete"",""final_time"":0.24,""grid"":64,""train_count"":8,""family"":""rank1"",""competitor"":""df"",""independent_fields"":24,""paired_rows"":144,""independence_unit"":""field_cluster; physics/grids/schedules/seeds averaged within field"",""training_seed_scope"":""registered seeds are fixed; field interval is conditional on their ensemble"",""inference"":""descriptive paired cluster bootstrap; no multiple-comparison superiority declaration"",""error_ratio"":5.875251509402741,""error_ratio_ci95"":[3.6838319133775355,9.253845429135646],""speed_ratio"":0.15674785031922592,""speed_ratio_ci95"":[0.1545574855031484,0.15888721588273966]}"
native_paired_field_summaries,discrete,rank1,direct_fno,8,,64,[64],0.24,,2e-05,2e-05,feasibility/pass counts only; error/cost ratios are descriptive across matching primary schedules,24,144,"[""discrete/rank1/n8/seed3600011"",""discrete/rank1/n8/seed3600021"",""discrete/rank1/n8/seed3600031""]","[""discrete/direct_fno/n8/seed3600011"",""discrete/direct_fno/n8/seed3600021"",""discrete/direct_fno/n8/seed3600031""]","{""primary"":[[0.04,0.08,0.12],[0.12,0.08,0.04]]}",.runtime/frontier-full-review-20261009/extracted/fedora-frontier-20261009T005435342501Z/report/figures/chart-data.json.gz,/comparison_document/paired_field_summaries/129,"{""track"":""discrete"",""final_time"":0.24,""grid"":64,""train_count"":8,""family"":""rank1"",""competitor"":""direct_fno"",""independent_fields"":24,""paired_rows"":144,""independence_unit"":""field_cluster; physics/grids/schedules/seeds averaged within field"",""training_seed_scope"":""registered seeds are fixed; field interval is conditional on their ensemble"",""inference"":""descriptive paired cluster bootstrap; no multiple-comparison superiority declaration"",""error_ratio"":59392.752729845066,""error_ratio_ci95"":[31078.879986188498,107357.374713749],""speed_ratio"":0.7063162208730422,""speed_ratio_ci95"":[0.6993690207988724,0.7125970779684689]}"
native_paired_field_summaries,discrete,rank1,etdrk4,8,,64,[64],0.24,,2e-05,2e-05,feasibility/pass counts only; error/cost ratios are descriptive across matching primary schedules,24,144,"[""discrete/rank1/n8/seed3600011"",""discrete/rank1/n8/seed3600021"",""discrete/rank1/n8/seed3600031""]","[""discrete/etdrk4/n0/seedNone""]","{""primary"":[[0.04,0.08,0.12],[0.12,0.08,0.04]]}",.runtime/frontier-full-review-20261009/extracted/fedora-frontier-20261009T005435342501Z/report/figures/chart-data.json.gz,/comparison_document/paired_field_summaries/130,"{""track"":""discrete"",""final_time"":0.24,""grid"":64,""train_count"":8,""family"":""rank1"",""competitor"":""etdrk4"",""independent_fields"":24,""paired_rows"":144,""independence_unit"":""field_cluster; physics/grids/schedules/seeds averaged within field"",""training_seed_scope"":""registered seeds are fixed; field interval is conditional on their ensemble"",""inference"":""descriptive paired cluster bootstrap; no multiple-comparison superiority declaration"",""error_ratio"":16.303183826653868,""error_ratio_ci95"":[5.116672709594047,47.80428690814546],""speed_ratio"":0.2281529922061561,""speed_ratio_ci95"":[0.22439299177896774,0.23219221365799922]}"
native_paired_field_summaries,discrete,rank1,fno_small,8,,64,[64],0.24,,2e-05,2e-05,feasibility/pass counts only; error/cost ratios are descriptive across matching primary schedules,24,144,"[""discrete/rank1/n8/seed3600011"",""discrete/rank1/n8/seed3600021"",""discrete/rank1/n8/seed3600031""]","[""discrete/fno_small/n8/seed3600011"",""discrete/fno_small/n8/seed3600021"",""discrete/fno_small/n8/seed3600031""]","{""primary"":[[0.04,0.08,0.12],[0.12,0.08,0.04]]}",.runtime/frontier-full-review-20261009/extracted/fedora-frontier-20261009T005435342501Z/report/figures/chart-data.json.gz,/comparison_document/paired_field_summaries/131,"{""track"":""discrete"",""final_time"":0.24,""grid"":64,""train_count"":8,""family"":""rank1"",""competitor"":""fno_small"",""independent_fields"":24,""paired_rows"":144,""independence_unit"":""field_cluster; physics/grids/schedules/seeds averaged within field"",""training_seed_scope"":""registered seeds are fixed; field interval is conditional on their ensemble"",""inference"":""descriptive paired cluster bootstrap; no multiple-comparison superiority declaration"",""error_ratio"":31.99348684893143,""error_ratio_ci95"":[15.641331558172197,65.6189376180876],""speed_ratio"":0.6442156136720129,""speed_ratio_ci95"":[0.6391041518993273,0.6490347161688501]}"
native_paired_field_summaries,discrete,rank1,fno_standard,8,,64,[64],0.24,,2e-05,2e-05,feasibility/pass counts only; error/cost ratios are descriptive across matching primary schedules,24,144,"[""discrete/rank1/n8/seed3600011"",""discrete/rank1/n8/seed3600021"",""discrete/rank1/n8/seed3600031""]","[""discrete/fno_standard/n8/seed3600011"",""discrete/fno_standard/n8/seed3600021"",""discrete/fno_standard/n8/seed3600031""]","{""primary"":[[0.04,0.08,0.12],[0.12,0.08,0.04]]}",.runtime/frontier-full-review-20261009/extracted/fedora-frontier-20261009T005435342501Z/report/figures/chart-data.json.gz,/comparison_document/paired_field_summaries/132,"{""track"":""discrete"",""final_time"":0.24,""grid"":64,""train_count"":8,""family"":""rank1"",""competitor"":""fno_standard"",""independent_fields"":24,""paired_rows"":144,""independence_unit"":""field_cluster; physics/grids/schedules/seeds averaged within field"",""training_seed_scope"":""registered seeds are fixed; field interval is conditional on their ensemble"",""inference"":""descriptive paired cluster bootstrap; no multiple-comparison superiority declaration"",""error_ratio"":28.02279588147853,""error_ratio_ci95"":[14.424988103827294,56.08872320977691],""speed_ratio"":0.921362705188714,""speed_ratio_ci95"":[0.9146877330764728,0.9273790846204873]}"
native_paired_field_summaries,discrete,rank1,rank1_frozen,8,,64,[64],0.24,,2e-05,2e-05,feasibility/pass counts only; error/cost ratios are descriptive across matching primary schedules,24,144,"[""discrete/rank1/n8/seed3600011"",""discrete/rank1/n8/seed3600021"",""discrete/rank1/n8/seed3600031""]","[""discrete/rank1_frozen/n8/seed3600011"",""discrete/rank1_frozen/n8/seed3600021"",""discrete/rank1_frozen/n8/seed3600031""]","{""primary"":[[0.04,0.08,0.12],[0.12,0.08,0.04]]}",.runtime/frontier-full-review-20261009/extracted/fedora-frontier-20261009T005435342501Z/report/figures/chart-data.json.gz,/comparison_document/paired_field_summaries/133,"{""track"":""discrete"",""final_time"":0.24,""grid"":64,""train_count"":8,""family"":""rank1"",""competitor"":""rank1_frozen"",""independent_fields"":24,""paired_rows"":144,""independence_unit"":""field_cluster; physics/grids/schedules/seeds averaged within field"",""training_seed_scope"":""registered seeds are fixed; field interval is conditional on their ensemble"",""inference"":""descriptive paired cluster bootstrap; no multiple-comparison superiority declaration"",""error_ratio"":3.72352407379958,""error_ratio_ci95"":[2.5411296422263803,5.3688059604641225],""speed_ratio"":1.0029381145522849,""speed_ratio_ci95"":[0.9956199157779642,1.009810905268759]}"
native_paired_field_summaries,discrete,rank1,rank1_postcompression,8,,64,[64],0.24,,2e-05,2e-05,feasibility/pass counts only; error/cost ratios are descriptive across matching primary schedules,24,144,"[""discrete/rank1/n8/seed3600011"",""discrete/rank1/n8/seed3600021"",""discrete/rank1/n8/seed3600031""]","[""discrete/rank1_postcompression/n8/seed3600011"",""discrete/rank1_postcompression/n8/seed3600021"",""discrete/rank1_postcompression/n8/seed3600031""]","{""primary"":[[0.04,0.08,0.12],[0.12,0.08,0.04]]}",.runtime/frontier-full-review-20261009/extracted/fedora-frontier-20261009T005435342501Z/report/figures/chart-data.json.gz,/comparison_document/paired_field_summaries/134,"{""track"":""discrete"",""final_time"":0.24,""grid"":64,""train_count"":8,""family"":""rank1"",""competitor"":""rank1_postcompression"",""independent_fields"":24,""paired_rows"":144,""independence_unit"":""field_cluster; physics/grids/schedules/seeds averaged within field"",""training_seed_scope"":""registered seeds are fixed; field interval is conditional on their ensemble"",""inference"":""descriptive paired cluster bootstrap; no multiple-comparison superiority declaration"",""error_ratio"":2.907011126146846,""error_ratio_ci95"":[1.8513105050812817,4.819486792895045],""speed_ratio"":1.0593491392858272,""speed_ratio_ci95"":[1.0516222380462532,1.0674970040493303]}"
native_paired_field_summaries,discrete,rank1,analytic_quad,32,,64,[64],0.24,,2e-05,2e-05,feasibility/pass counts only; error/cost ratios are descriptive across matching primary schedules,24,144,"[""discrete/rank1/n32/seed3600011"",""discrete/rank1/n32/seed3600021"",""discrete/rank1/n32/seed3600031""]","[""discrete/analytic_quad/n0/seedNone""]","{""primary"":[[0.04,0.08,0.12],[0.12,0.08,0.04]]}",.runtime/frontier-full-review-20261009/extracted/fedora-frontier-20261009T005435342501Z/report/figures/chart-data.json.gz,/comparison_document/paired_field_summaries/135,"{""track"":""discrete"",""final_time"":0.24,""grid"":64,""train_count"":32,""family"":""rank1"",""competitor"":""analytic_quad"",""independent_fields"":24,""paired_rows"":144,""independence_unit"":""field_cluster; physics/grids/schedules/seeds averaged within field"",""training_seed_scope"":""registered seeds are fixed; field interval is conditional on their ensemble"",""inference"":""descriptive paired cluster bootstrap; no multiple-comparison superiority declaration"",""error_ratio"":0.34244795047847226,""error_ratio_ci95"":[0.20992752360265782,0.5438159039150859],""speed_ratio"":1.0691834258936082,""speed_ratio_ci95"":[1.0574344917291636,1.081500600808786]}"
native_paired_field_summaries,discrete,rank1,analytic_quad_cubic,32,,64,[64],0.24,,2e-05,2e-05,feasibility/pass counts only; error/cost ratios are descriptive across matching primary schedules,24,144,"[""discrete/rank1/n32/seed3600011"",""discrete/rank1/n32/seed3600021"",""discrete/rank1/n32/seed3600031""]","[""discrete/analytic_quad_cubic/n0/seedNone""]","{""primary"":[[0.04,0.08,0.12],[0.12,0.08,0.04]]}",.runtime/frontier-full-review-20261009/extracted/fedora-frontier-20261009T005435342501Z/report/figures/chart-data.json.gz,/comparison_document/paired_field_summaries/136,"{""track"":""discrete"",""final_time"":0.24,""grid"":64,""train_count"":32,""family"":""rank1"",""competitor"":""analytic_quad_cubic"",""independent_fields"":24,""paired_rows"":144,""independence_unit"":""field_cluster; physics/grids/schedules/seeds averaged within field"",""training_seed_scope"":""registered seeds are fixed; field interval is conditional on their ensemble"",""inference"":""descriptive paired cluster bootstrap; no multiple-comparison superiority declaration"",""error_ratio"":0.19121219538214645,""error_ratio_ci95"":[0.12048020790725872,0.30369629414248805],""speed_ratio"":3.6771547128202062,""speed_ratio_ci95"":[3.6517715652263756,3.7021842441029102]}"
native_paired_field_summaries,discrete,rank1,df,32,,64,[64],0.24,,2e-05,2e-05,feasibility/pass counts only; error/cost ratios are descriptive across matching primary schedules,24,144,"[""discrete/rank1/n32/seed3600011"",""discrete/rank1/n32/seed3600021"",""discrete/rank1/n32/seed3600031""]","[""discrete/df/n0/seedNone""]","{""primary"":[[0.04,0.08,0.12],[0.12,0.08,0.04]]}",.runtime/frontier-full-review-20261009/extracted/fedora-frontier-20261009T005435342501Z/report/figures/chart-data.json.gz,/comparison_document/paired_field_summaries/137,"{""track"":""discrete"",""final_time"":0.24,""grid"":64,""train_count"":32,""family"":""rank1"",""competitor"":""df"",""independent_fields"":24,""paired_rows"":144,""independence_unit"":""field_cluster; physics/grids/schedules/seeds averaged within field"",""training_seed_scope"":""registered seeds are fixed; field interval is conditional on their ensemble"",""inference"":""descriptive paired cluster bootstrap; no multiple-comparison superiority declaration"",""error_ratio"":5.3837047579367105,""error_ratio_ci95"":[3.518296540720704,8.267164301056287],""speed_ratio"":0.15680090972998936,""speed_ratio_ci95"":[0.15427894184078175,0.1597079028596554]}"
native_paired_field_summaries,discrete,rank1,direct_fno,32,,64,[64],0.24,,2e-05,2e-05,feasibility/pass counts only; error/cost ratios are descriptive across matching primary schedules,24,144,"[""discrete/rank1/n32/seed3600011"",""discrete/rank1/n32/seed3600021"",""discrete/rank1/n32/seed3600031""]","[""discrete/direct_fno/n32/seed3600011"",""discrete/direct_fno/n32/seed3600021"",""discrete/direct_fno/n32/seed3600031""]","{""primary"":[[0.04,0.08,0.12],[0.12,0.08,0.04]]}",.runtime/frontier-full-review-20261009/extracted/fedora-frontier-20261009T005435342501Z/report/figures/chart-data.json.gz,/comparison_document/paired_field_summaries/138,"{""track"":""discrete"",""final_time"":0.24,""grid"":64,""train_count"":32,""family"":""rank1"",""competitor"":""direct_fno"",""independent_fields"":24,""paired_rows"":144,""independence_unit"":""field_cluster; physics/grids/schedules/seeds averaged within field"",""training_seed_scope"":""registered seeds are fixed; field interval is conditional on their ensemble"",""inference"":""descriptive paired cluster bootstrap; no multiple-comparison superiority declaration"",""error_ratio"":53916.57379072632,""error_ratio_ci95"":[29295.71069273161,97555.03151641495],""speed_ratio"":0.7077870437305795,""speed_ratio_ci95"":[0.7027274009150241,0.7122772199321161]}"
native_paired_field_summaries,discrete,rank1,etdrk4,32,,64,[64],0.24,,2e-05,2e-05,feasibility/pass counts only; error/cost ratios are descriptive across matching primary schedules,24,144,"[""discrete/rank1/n32/seed3600011"",""discrete/rank1/n32/seed3600021"",""discrete/rank1/n32/seed3600031""]","[""discrete/etdrk4/n0/seedNone""]","{""primary"":[[0.04,0.08,0.12],[0.12,0.08,0.04]]}",.runtime/frontier-full-review-20261009/extracted/fedora-frontier-20261009T005435342501Z/report/figures/chart-data.json.gz,/comparison_document/paired_field_summaries/139,"{""track"":""discrete"",""final_time"":0.24,""grid"":64,""train_count"":32,""family"":""rank1"",""competitor"":""etdrk4"",""independent_fields"":24,""paired_rows"":144,""independence_unit"":""field_cluster; physics/grids/schedules/seeds averaged within field"",""training_seed_scope"":""registered seeds are fixed; field interval is conditional on their ensemble"",""inference"":""descriptive paired cluster bootstrap; no multiple-comparison superiority declaration"",""error_ratio"":14.93919506196524,""error_ratio_ci95"":[5.334959650685354,45.028504555436946],""speed_ratio"":0.22823022237745175,""speed_ratio_ci95"":[0.22484807349186023,0.23249004869388878]}"
native_paired_field_summaries,discrete,rank1,fno_small,32,,64,[64],0.24,,2e-05,2e-05,feasibility/pass counts only; error/cost ratios are descriptive across matching primary schedules,24,144,"[""discrete/rank1/n32/seed3600011"",""discrete/rank1/n32/seed3600021"",""discrete/rank1/n32/seed3600031""]","[""discrete/fno_small/n32/seed3600011"",""discrete/fno_small/n32/seed3600021"",""discrete/fno_small/n32/seed3600031""]","{""primary"":[[0.04,0.08,0.12],[0.12,0.08,0.04]]}",.runtime/frontier-full-review-20261009/extracted/fedora-frontier-20261009T005435342501Z/report/figures/chart-data.json.gz,/comparison_document/paired_field_summaries/140,"{""track"":""discrete"",""final_time"":0.24,""grid"":64,""train_count"":32,""family"":""rank1"",""competitor"":""fno_small"",""independent_fields"":24,""paired_rows"":144,""independence_unit"":""field_cluster; physics/grids/schedules/seeds averaged within field"",""training_seed_scope"":""registered seeds are fixed; field interval is conditional on their ensemble"",""inference"":""descriptive paired cluster bootstrap; no multiple-comparison superiority declaration"",""error_ratio"":48.58832930513374,""error_ratio_ci95"":[25.566273616881485,95.2768159125042],""speed_ratio"":0.6451524447962793,""speed_ratio_ci95"":[0.6412520016489444,0.6491521510489194]}"
native_paired_field_summaries,discrete,rank1,fno_standard,32,,64,[64],0.24,,2e-05,2e-05,feasibility/pass counts only; error/cost ratios are descriptive across matching primary schedules,24,144,"[""discrete/rank1/n32/seed3600011"",""discrete/rank1/n32/seed3600021"",""discrete/rank1/n32/seed3600031""]","[""discrete/fno_standard/n32/seed3600011"",""discrete/fno_standard/n32/seed3600021"",""discrete/fno_standard/n32/seed3600031""]","{""primary"":[[0.04,0.08,0.12],[0.12,0.08,0.04]]}",.runtime/frontier-full-review-20261009/extracted/fedora-frontier-20261009T005435342501Z/report/figures/chart-data.json.gz,/comparison_document/paired_field_summaries/141,"{""track"":""discrete"",""final_time"":0.24,""grid"":64,""train_count"":32,""family"":""rank1"",""competitor"":""fno_standard"",""independent_fields"":24,""paired_rows"":144,""independence_unit"":""field_cluster; physics/grids/schedules/seeds averaged within field"",""training_seed_scope"":""registered seeds are fixed; field interval is conditional on their ensemble"",""inference"":""descriptive paired cluster bootstrap; no multiple-comparison superiority declaration"",""error_ratio"":39.46503354796166,""error_ratio_ci95"":[20.80469806084996,73.59915398086599],""speed_ratio"":0.925605251629012,""speed_ratio_ci95"":[0.9181094261928249,0.9337361368530509]}"
native_paired_field_summaries,discrete,rank1,rank1_frozen,32,,64,[64],0.24,,2e-05,2e-05,feasibility/pass counts only; error/cost ratios are descriptive across matching primary schedules,24,144,"[""discrete/rank1/n32/seed3600011"",""discrete/rank1/n32/seed3600021"",""discrete/rank1/n32/seed3600031""]","[""discrete/rank1_frozen/n32/seed3600011"",""discrete/rank1_frozen/n32/seed3600021"",""discrete/rank1_frozen/n32/seed3600031""]","{""primary"":[[0.04,0.08,0.12],[0.12,0.08,0.04]]}",.runtime/frontier-full-review-20261009/extracted/fedora-frontier-20261009T005435342501Z/report/figures/chart-data.json.gz,/comparison_document/paired_field_summaries/142,"{""track"":""discrete"",""final_time"":0.24,""grid"":64,""train_count"":32,""family"":""rank1"",""competitor"":""rank1_frozen"",""independent_fields"":24,""paired_rows"":144,""independence_unit"":""field_cluster; physics/grids/schedules/seeds averaged within field"",""training_seed_scope"":""registered seeds are fixed; field interval is conditional on their ensemble"",""inference"":""descriptive paired cluster bootstrap; no multiple-comparison superiority declaration"",""error_ratio"":3.4119993399983874,""error_ratio_ci95"":[2.397526939859866,4.760536019912672],""speed_ratio"":0.9997887085490705,""speed_ratio_ci95"":[0.9944144068607768,1.004615115189296]}"
native_paired_field_summaries,discrete,rank1,rank1_postcompression,32,,64,[64],0.24,,2e-05,2e-05,feasibility/pass counts only; error/cost ratios are descriptive across matching primary schedules,24,144,"[""discrete/rank1/n32/seed3600011"",""discrete/rank1/n32/seed3600021"",""discrete/rank1/n32/seed3600031""]","[""discrete/rank1_postcompression/n32/seed3600011"",""discrete/rank1_postcompression/n32/seed3600021"",""discrete/rank1_postcompression/n32/seed3600031""]","{""primary"":[[0.04,0.08,0.12],[0.12,0.08,0.04]]}",.runtime/frontier-full-review-20261009/extracted/fedora-frontier-20261009T005435342501Z/report/figures/chart-data.json.gz,/comparison_document/paired_field_summaries/143,"{""track"":""discrete"",""final_time"":0.24,""grid"":64,""train_count"":32,""family"":""rank1"",""competitor"":""rank1_postcompression"",""independent_fields"":24,""paired_rows"":144,""independence_unit"":""field_cluster; physics/grids/schedules/seeds averaged within field"",""training_seed_scope"":""registered seeds are fixed; field interval is conditional on their ensemble"",""inference"":""descriptive paired cluster bootstrap; no multiple-comparison superiority declaration"",""error_ratio"":2.132268626356329,""error_ratio_ci95"":[1.285678790021447,3.5829593877422923],""speed_ratio"":1.0651546033159696,""speed_ratio_ci95"":[1.0575588235186928,1.0742023366743243]}"
